{"instance_id": "django__django-13660", "step_id": 0, "tool_start": 1767711451.6661155, "tool_end": 1767711452.2836094, "tool_time": 0.6174938678741455}
{"instance_id": "django__django-13660", "step_id": 0, "tool_start": 1767711452.2865868, "tool_end": 1767711452.9038465, "tool_time": 0.6172597408294678}
{"instance_id": "django__django-13660", "step_id": 0, "tool_start": 1767711452.9044, "tool_end": 1767711453.5211499, "tool_time": 0.6167497634887695}
{"instance_id": "django__django-13660", "step_id": 0, "tool_start": 1767711453.5273523, "tool_end": 1767711454.1454298, "tool_time": 0.6180775165557861}
{"instance_id": "django__django-13660", "step_id": 0, "tool_start": 1767711454.1462245, "tool_end": 1767711454.7642145, "tool_time": 0.6179900169372559}
{"instance_id": "django__django-13660", "step_id": 0, "tool_start": 1767711454.799428, "tool_end": 1767711457.4311182, "tool_time": 2.631690263748169}
{"instance_id": "django__django-13660", "step_id": 0, "tool_start": 1767711457.4334927, "tool_end": 1767711458.051365, "tool_time": 0.6178722381591797}
{"instance_id": "django__django-13660", "step_id": 0, "tool_start": 1767711458.0519493, "tool_end": 1767711459.6740086, "tool_time": 1.6220593452453613}
{"instance_id": "django__django-13660", "step_id": 0, "tool_start": 1767711459.6748555, "tool_end": 1767711460.2937982, "tool_time": 0.6189427375793457}
{"instance_id": "django__django-13660", "step_id": 0, "tool_start": 1767711460.294625, "tool_end": 1767711460.9123895, "tool_time": 0.6177644729614258}
{"instance_id": "django__django-13660", "env_prepare_start": 1767710759.3140924, "env_prepare_end": 1767711460.9132357, "env_prepare_time": 701.5991432666779}
{"instance_id": "django__django-13660", "step_id": 1, "llm_start": 1767711460.9672081, "llm_first_chunk": 1767711461.2460034, "llm_end": 1767711471.669289, "prefill_time": 0.2787952423095703, "decode_time": 10.423285722732544, "llm_total_time": 10.702080965042114}
{"instance_id": "django__django-13660", "step_id": 2, "llm_start": 1767711471.676183, "llm_first_chunk": 1767711471.8858728, "llm_end": 1767711481.9965553, "prefill_time": 0.20968985557556152, "decode_time": 10.110682487487793, "llm_total_time": 10.320372343063354}
{"instance_id": "django__django-13660", "step_id": 3, "llm_start": 1767711482.003814, "llm_first_chunk": 1767711482.462037, "llm_end": 1767711484.6251364, "prefill_time": 0.4582231044769287, "decode_time": 2.1630992889404297, "llm_total_time": 2.6213223934173584}
{"instance_id": "django__django-13660", "step_id": 4, "llm_start": 1767711484.6312015, "llm_first_chunk": 1767711484.8190494, "llm_end": 1767711488.30042, "prefill_time": 0.18784785270690918, "decode_time": 3.481370687484741, "llm_total_time": 3.6692185401916504}
{"instance_id": "django__django-13660", "step_id": 1, "tool_start": 1767711488.3047318, "tool_end": 1767711488.3249032, "tool_time": 0.020171403884887695}
{"instance_id": "django__django-13660", "step_id": 5, "llm_start": 1767711488.3298748, "llm_first_chunk": 1767711488.7544587, "llm_end": 1767711514.8180084, "prefill_time": 0.42458391189575195, "decode_time": 26.063549757003784, "llm_total_time": 26.488133668899536}
{"instance_id": "django__django-13660", "step_id": 6, "llm_start": 1767711514.8253605, "llm_first_chunk": 1767711515.037084, "llm_end": 1767711518.8112054, "prefill_time": 0.21172356605529785, "decode_time": 3.7741212844848633, "llm_total_time": 3.985844850540161}
{"instance_id": "django__django-13660", "step_id": 2, "tool_start": 1767711518.8137524, "tool_end": 1767711518.82446, "tool_time": 0.010707616806030273}
{"instance_id": "django__django-13660", "step_id": 7, "llm_start": 1767711518.8323886, "llm_first_chunk": 1767711519.1273596, "llm_end": 1767711522.0948384, "prefill_time": 0.2949709892272949, "decode_time": 2.9674787521362305, "llm_total_time": 3.2624497413635254}
{"instance_id": "django__django-13660", "step_id": 3, "tool_start": 1767711522.0973415, "tool_end": 1767711522.101527, "tool_time": 0.00418543815612793}
{"instance_id": "django__django-13660", "step_id": 8, "llm_start": 1767711522.1077638, "llm_first_chunk": 1767711522.4595, "llm_end": 1767711524.750574, "prefill_time": 0.35173630714416504, "decode_time": 2.29107403755188, "llm_total_time": 2.642810344696045}
{"instance_id": "django__django-13660", "step_id": 4, "tool_start": 1767711524.7538974, "tool_end": 1767711525.371556, "tool_time": 0.6176586151123047}
{"instance_id": "django__django-13660", "step_id": 9, "llm_start": 1767711525.3774798, "llm_first_chunk": 1767711525.5789847, "llm_end": 1767711529.1421983, "prefill_time": 0.20150494575500488, "decode_time": 3.563213586807251, "llm_total_time": 3.764718532562256}
{"instance_id": "django__django-13660", "step_id": 5, "tool_start": 1767711529.1446626, "tool_end": 1767711529.7628212, "tool_time": 0.6181585788726807}
{"instance_id": "django__django-13660", "step_id": 10, "llm_start": 1767711529.7693162, "llm_first_chunk": 1767711530.031434, "llm_end": 1767711533.447791, "prefill_time": 0.262117862701416, "decode_time": 3.4163570404052734, "llm_total_time": 3.6784749031066895}
{"instance_id": "django__django-13660", "step_id": 6, "tool_start": 1767711533.4505348, "tool_end": 1767711534.5720477, "tool_time": 1.1215128898620605}
{"instance_id": "django__django-13660", "step_id": 11, "llm_start": 1767711534.5784929, "llm_first_chunk": 1767711534.8196878, "llm_end": 1767711545.5615177, "prefill_time": 0.2411949634552002, "decode_time": 10.741829872131348, "llm_total_time": 10.983024835586548}
{"instance_id": "django__django-13660", "step_id": 12, "llm_start": 1767711545.5752385, "llm_first_chunk": 1767711545.980337, "llm_end": 1767711550.1816237, "prefill_time": 0.40509843826293945, "decode_time": 4.201286792755127, "llm_total_time": 4.606385231018066}
{"instance_id": "django__django-13660", "step_id": 7, "tool_start": 1767711550.1906593, "tool_end": 1767711550.1973724, "tool_time": 0.006713151931762695}
{"instance_id": "django__django-13660", "step_id": 13, "llm_start": 1767711550.2047853, "llm_first_chunk": 1767711550.5257425, "llm_end": 1767711554.1684043, "prefill_time": 0.3209571838378906, "decode_time": 3.6426618099212646, "llm_total_time": 3.9636189937591553}
{"instance_id": "django__django-13660", "step_id": 8, "tool_start": 1767711554.1718683, "tool_end": 1767711554.1797323, "tool_time": 0.007863998413085938}
{"instance_id": "django__django-13660", "step_id": 14, "llm_start": 1767711554.188767, "llm_first_chunk": 1767711554.4011178, "llm_end": 1767711557.2825515, "prefill_time": 0.21235084533691406, "decode_time": 2.8814337253570557, "llm_total_time": 3.0937845706939697}
{"instance_id": "django__django-13660", "step_id": 9, "tool_start": 1767711557.2857738, "tool_end": 1767711557.292122, "tool_time": 0.006348133087158203}
{"instance_id": "django__django-13660", "step_id": 15, "llm_start": 1767711557.302925, "llm_first_chunk": 1767711557.622075, "llm_end": 1767711561.4070933, "prefill_time": 0.3191499710083008, "decode_time": 3.7850182056427, "llm_total_time": 4.104168176651001}
{"instance_id": "django__django-13660", "step_id": 10, "tool_start": 1767711561.47399, "tool_end": 1767711562.0931976, "tool_time": 0.6192076206207275}
{"instance_id": "django__django-13660", "step_id": 16, "llm_start": 1767711562.1054149, "llm_first_chunk": 1767711562.3041027, "llm_end": 1767711572.8528447, "prefill_time": 0.19868779182434082, "decode_time": 10.548742055892944, "llm_total_time": 10.747429847717285}
{"instance_id": "django__django-13660", "step_id": 17, "llm_start": 1767711572.8708465, "llm_first_chunk": 1767711573.0700207, "llm_end": 1767711611.1109166, "prefill_time": 0.199174165725708, "decode_time": 38.04089593887329, "llm_total_time": 38.240070104599}
{"instance_id": "django__django-13660", "step_id": 11, "tool_start": 1767711611.1164641, "tool_end": 1767711611.121946, "tool_time": 0.0054819583892822266}
{"instance_id": "django__django-13660", "step_id": 18, "llm_start": 1767711611.1364594,