{"instance_id": "psf__requests-2148", "step_id": 0, "tool_start": 1767714941.6846797, "tool_end": 1767714942.3049917, "tool_time": 0.620311975479126}
{"instance_id": "psf__requests-2148", "step_id": 0, "tool_start": 1767714942.3079028, "tool_end": 1767714942.939046, "tool_time": 0.6311430931091309}
{"instance_id": "psf__requests-2148", "step_id": 0, "tool_start": 1767714942.9400737, "tool_end": 1767714943.5574844, "tool_time": 0.6174106597900391}
{"instance_id": "psf__requests-2148", "step_id": 0, "tool_start": 1767714943.5642962, "tool_end": 1767714944.1817334, "tool_time": 0.6174371242523193}
{"instance_id": "psf__requests-2148", "step_id": 0, "tool_start": 1767714944.183132, "tool_end": 1767714944.7996564, "tool_time": 0.6165244579315186}
{"instance_id": "psf__requests-2148", "step_id": 0, "tool_start": 1767714944.8004203, "tool_end": 1767714945.4192748, "tool_time": 0.6188545227050781}
{"instance_id": "psf__requests-2148", "step_id": 0, "tool_start": 1767714945.4204407, "tool_end": 1767714946.0408502, "tool_time": 0.6204094886779785}
{"instance_id": "psf__requests-2148", "step_id": 0, "tool_start": 1767714946.133022, "tool_end": 1767714946.7538328, "tool_time": 0.6208107471466064}
{"instance_id": "psf__requests-2148", "step_id": 0, "tool_start": 1767714946.7587092, "tool_end": 1767714947.3928401, "tool_time": 0.6341309547424316}
{"instance_id": "psf__requests-2148", "step_id": 0, "tool_start": 1767714947.3944118, "tool_end": 1767714948.0161684, "tool_time": 0.6217565536499023}
{"instance_id": "psf__requests-2148", "env_prepare_start": 1767714418.0020475, "env_prepare_end": 1767714948.0235608, "env_prepare_time": 530.0215132236481}
{"instance_id": "psf__requests-2148", "step_id": 1, "llm_start": 1767714948.1348631, "llm_first_chunk": 1767714948.5902793, "llm_end": 1767714952.6296797, "prefill_time": 0.455416202545166, "decode_time": 4.039400339126587, "llm_total_time": 4.494816541671753}
{"instance_id": "psf__requests-2148", "step_id": 2, "llm_start": 1767714952.6329708, "llm_first_chunk": 1767714952.8111503, "llm_end": 1767714957.9566307, "prefill_time": 0.17817950248718262, "decode_time": 5.145480394363403, "llm_total_time": 5.323659896850586}
{"instance_id": "psf__requests-2148", "step_id": 1, "tool_start": 1767714957.97187, "tool_end": 1767714958.0184863, "tool_time": 0.046616315841674805}
{"instance_id": "psf__requests-2148", "step_id": 3, "llm_start": 1767714958.0228388, "llm_first_chunk": 1767714958.3388593, "llm_end": 1767714962.7358365, "prefill_time": 0.31602048873901367, "decode_time": 4.396977186203003, "llm_total_time": 4.712997674942017}
{"instance_id": "psf__requests-2148", "step_id": 2, "tool_start": 1767714962.7472298, "tool_end": 1767714962.760193, "tool_time": 0.012963294982910156}
{"instance_id": "psf__requests-2148", "step_id": 4, "llm_start": 1767714962.7669637, "llm_first_chunk": 1767714963.0239477, "llm_end": 1767714966.5515008, "prefill_time": 0.25698399543762207, "decode_time": 3.527553081512451, "llm_total_time": 3.7845370769500732}
{"instance_id": "psf__requests-2148", "step_id": 3, "tool_start": 1767714966.6701057, "tool_end": 1767714966.6834402, "tool_time": 0.013334512710571289}
{"instance_id": "psf__requests-2148", "step_id": 5, "llm_start": 1767714966.6890182, "llm_first_chunk": 1767714966.9827116, "llm_end": 1767714970.2873979, "prefill_time": 0.29369330406188965, "decode_time": 3.3046863079071045, "llm_total_time": 3.598379611968994}
{"instance_id": "psf__requests-2148", "step_id": 4, "tool_start": 1767714970.2908137, "tool_end": 1767714970.2943723, "tool_time": 0.003558635711669922}
{"instance_id": "psf__requests-2148", "step_id": 6, "llm_start": 1767714970.2984705, "llm_first_chunk": 1767714970.504611, "llm_end": 1767714974.5505729, "prefill_time": 0.20614051818847656, "decode_time": 4.045961856842041, "llm_total_time": 4.252102375030518}
{"instance_id": "psf__requests-2148", "step_id": 5, "tool_start": 1767714974.5535498, "tool_end": 1767714974.5575073, "tool_time": 0.003957509994506836}
{"instance_id": "psf__requests-2148", "step_id": 7, "llm_start": 1767714974.5622368, "llm_first_chunk": 1767714974.8382492, "llm_end": 1767714978.4423318, "prefill_time": 0.2760124206542969, "decode_time": 3.6040825843811035, "llm_total_time": 3.8800950050354004}
{"instance_id": "psf__requests-2148", "step_id": 6, "tool_start": 1767714978.4451013, "tool_end": 1767714978.448762, "tool_time": 0.0036606788635253906}
{"instance_id": "psf__requests-2148", "step_id": 8, "llm_start": 1767714978.4549253, "llm_first_chunk": 1767714978.8428707, "llm_end": 1767714982.2846184, "prefill_time": 0.38794541358947754, "decode_time": 3.4417476654052734, "llm_total_time": 3.829693078994751}
{"instance_id": "psf__requests-2148", "step_id": 7, "tool_start": 1767714982.2886572, "tool_end": 1767714982.306814, "tool_time": 0.018156766891479492}
{"instance_id": "psf__requests-2148", "step_id": 9, "llm_start": 1767714982.3154325, "llm_first_chunk": 1767714982.5722973, "llm_end": 1767714985.4851134, "prefill_time": 0.2568647861480713, "decode_time": 2.912816047668457, "llm_total_time": 3.1696808338165283}
{"instance_id": "psf__requests-2148", "step_id": 8, "tool_start": 1767714985.4881518, "tool_end": 1767714986.1063485, "tool_time": 0.6181967258453369}
{"instance_id": "psf__requests-2148", "step_id": 10, "llm_start": 1767714986.1150162, "llm_first_chunk": 1767714986.4597461, "llm_end": 1767714989.2804885, "prefill_time": 0.3447299003601074, "decode_time": 2.82074236869812, "llm_total_time": 3.1654722690582275}
{"instance_id": "psf__requests-2148", "step_id": 9, "tool_start": 1767714989.2836218, "tool_end": 1767714989.904238, "tool_time": 0.6206161975860596}
{"instance_id": "psf__requests-2148", "step_id": 11, "llm_start": 1767714989.9115448, "llm_first_chunk": 1767714990.1570685, "llm_end": 1767714993.4760919, "prefill_time": 0.24552369117736816, "decode_time": 3.319023370742798, "llm_total_time": 3.564547061920166}
{"instance_id": "psf__requests-2148", "step_id": 10, "tool_start": 1767714993.4793487, "tool_end": 1767714993.4830263, "tool_time": 0.0036776065826416016}
{"instance_id": "psf__requests-2148", "step_id": 12, "llm_start": 1767714993.4904878, "llm_first_chunk": 1767714993.989484, "llm_end": 1767714997.4004102, "prefill_time": 0.4989962577819824, "decode_time": 3.410926103591919, "llm_total_time": 3.9099223613739014}
{"instance_id": "psf__requests-2148", "step_id": 11, "tool_start": 1767714997.405016, "tool_end": 1767714997.4090967, "tool_time": 0.004080772399902344}
{"instance_id": "psf__requests-2148", "step_id": 13, "llm_start": 1767714997.4193368, "llm_first_chunk": 1767714997.8668454, "llm_end": 1767715016.0313625, "prefill_time": 0.4475085735321045, "decode_time": 18.164517164230347, "llm_total_time": 18.61202573776245}
{"instance_id": "psf__requests-2148", "step_id": 12, "tool_start": 1767715016.0357857, "tool_end": 1767715016.0559256, "tool_time": 0.02013993263244629}
{"instance_id": "psf__requests-2148", "step_id": 14, "llm_start": 1767715016.0635016, "llm_first_chunk": 1767715016.3757133, "llm_end": 1767715018.4029598, "prefill_time": 0.3122117519378662, "decode_time": 2.0272464752197266, "llm_total_time": 2.3394582271575928}
{"instance_id": "psf__requests-2148", "step_id": 13, "tool_start": 1767715018.4058912, "tool_end": 1767715019.0302544, "tool_time": 0.6243631839752197}
{"instance_id": "psf__requests-2148", "step_id": 15, "llm_start": 1767715019.0385947, "llm_first_chunk": 1767715019.2468266, "llm_end": 1767715022.5911648, "prefill_time": 0.20823192596435547, "decode_time": 3.3443381786346436, "llm_total_time": 3.552570104598999}
{"instance_id": "psf__requests-2148", "step_id": 14, "tool_start": 1767715022.5967326, "tool_end": 1767715023.2155926, "tool_time": 0.6188600063323975}
{"instance_id": "psf__requests-2148", "step_id": 16, "llm_start": 1767715023.228863, "llm_first_chunk": 1767715023.455302, "llm_end": 1767715026.352671, "prefill_time": 0.2264389991760254, "decode_time": 2.897368907928467,