{"instance_id": "django__django-14016", "step_id": 0, "tool_start": 1767711606.9660857, "tool_end": 1767711607.5854874, "tool_time": 0.6194016933441162}
{"instance_id": "django__django-14016", "step_id": 0, "tool_start": 1767711607.5865207, "tool_end": 1767711608.2055323, "tool_time": 0.619011640548706}
{"instance_id": "django__django-14016", "step_id": 0, "tool_start": 1767711608.2064416, "tool_end": 1767711608.8245986, "tool_time": 0.618156909942627}
{"instance_id": "django__django-14016", "step_id": 0, "tool_start": 1767711608.8385186, "tool_end": 1767711609.457872, "tool_time": 0.6193532943725586}
{"instance_id": "django__django-14016", "step_id": 0, "tool_start": 1767711609.459072, "tool_end": 1767711610.075997, "tool_time": 0.6169250011444092}
{"instance_id": "django__django-14016", "step_id": 0, "tool_start": 1767711610.076939, "tool_end": 1767711612.7046, "tool_time": 2.6276609897613525}
{"instance_id": "django__django-14016", "step_id": 0, "tool_start": 1767711612.705462, "tool_end": 1767711613.3222358, "tool_time": 0.6167738437652588}
{"instance_id": "django__django-14016", "step_id": 0, "tool_start": 1767711613.3230658, "tool_end": 1767711614.9496026, "tool_time": 1.6265368461608887}
{"instance_id": "django__django-14016", "step_id": 0, "tool_start": 1767711614.9516833, "tool_end": 1767711615.5697575, "tool_time": 0.6180741786956787}
{"instance_id": "django__django-14016", "step_id": 0, "tool_start": 1767711615.5705917, "tool_end": 1767711616.1884544, "tool_time": 0.6178627014160156}
{"instance_id": "django__django-14016", "env_prepare_start": 1767711282.3021448, "env_prepare_end": 1767711616.1896336, "env_prepare_time": 333.8874888420105}
{"instance_id": "django__django-14016", "step_id": 1, "llm_start": 1767711616.2231553, "llm_first_chunk": 1767711616.5063329, "llm_end": 1767711621.1233518, "prefill_time": 0.28317761421203613, "decode_time": 4.617018938064575, "llm_total_time": 4.900196552276611}
{"instance_id": "django__django-14016", "step_id": 2, "llm_start": 1767711621.126399, "llm_first_chunk": 1767711621.455908, "llm_end": 1767711626.7494903, "prefill_time": 0.32950901985168457, "decode_time": 5.293582201004028, "llm_total_time": 5.623091220855713}
{"instance_id": "django__django-14016", "step_id": 1, "tool_start": 1767711626.7528167, "tool_end": 1767711627.379135, "tool_time": 0.6263182163238525}
{"instance_id": "django__django-14016", "step_id": 3, "llm_start": 1767711627.3833387, "llm_first_chunk": 1767711627.6174526, "llm_end": 1767711630.9098125, "prefill_time": 0.2341139316558838, "decode_time": 3.2923598289489746, "llm_total_time": 3.5264737606048584}
{"instance_id": "django__django-14016", "step_id": 2, "tool_start": 1767711630.9127316, "tool_end": 1767711631.5356143, "tool_time": 0.622882604598999}
{"instance_id": "django__django-14016", "step_id": 4, "llm_start": 1767711631.540811, "llm_first_chunk": 1767711631.9063363, "llm_end": 1767711635.588147, "prefill_time": 0.3655252456665039, "decode_time": 3.6818106174468994, "llm_total_time": 4.047335863113403}
{"instance_id": "django__django-14016", "step_id": 3, "tool_start": 1767711635.6180816, "tool_end": 1767711636.2399416, "tool_time": 0.6218600273132324}
{"instance_id": "django__django-14016", "step_id": 5, "llm_start": 1767711636.2978919, "llm_first_chunk": 1767711636.4973094, "llm_end": 1767711638.9052253, "prefill_time": 0.1994175910949707, "decode_time": 2.4079158306121826, "llm_total_time": 2.6073334217071533}
{"instance_id": "django__django-14016", "step_id": 4, "tool_start": 1767711638.9074073, "tool_end": 1767711638.915307, "tool_time": 0.007899761199951172}
{"instance_id": "django__django-14016", "step_id": 6, "llm_start": 1767711638.9191895, "llm_first_chunk": 1767711639.3711565, "llm_end": 1767711642.1777766, "prefill_time": 0.4519670009613037, "decode_time": 2.8066201210021973, "llm_total_time": 3.258587121963501}
{"instance_id": "django__django-14016", "step_id": 5, "tool_start": 1767711642.2423143, "tool_end": 1767711642.2602448, "tool_time": 0.01793050765991211}
{"instance_id": "django__django-14016", "step_id": 7, "llm_start": 1767711642.3430097, "llm_first_chunk": 1767711642.735683, "llm_end": 1767711649.1527097, "prefill_time": 0.3926732540130615, "decode_time": 6.41702675819397, "llm_total_time": 6.809700012207031}
{"instance_id": "django__django-14016", "step_id": 6, "tool_start": 1767711649.1555495, "tool_end": 1767711649.7769797, "tool_time": 0.6214301586151123}
{"instance_id": "django__django-14016", "step_id": 8, "llm_start": 1767711649.7840106, "llm_first_chunk": 1767711650.01973, "llm_end": 1767711653.9203317, "prefill_time": 0.2357194423675537, "decode_time": 3.900601625442505, "llm_total_time": 4.136321067810059}
{"instance_id": "django__django-14016", "step_id": 7, "tool_start": 1767711653.9228146, "tool_end": 1767711654.5439606, "tool_time": 0.6211459636688232}
{"instance_id": "django__django-14016", "step_id": 9, "llm_start": 1767711654.5501149, "llm_first_chunk": 1767711654.9099324, "llm_end": 1767711658.3696232, "prefill_time": 0.3598175048828125, "decode_time": 3.459690809249878, "llm_total_time": 3.8195083141326904}
{"instance_id": "django__django-14016", "step_id": 8, "tool_start": 1767711658.3730564, "tool_end": 1767711658.3796754, "tool_time": 0.006618976593017578}
{"instance_id": "django__django-14016", "step_id": 10, "llm_start": 1767711658.3892446, "llm_first_chunk": 1767711658.595093, "llm_end": 1767711661.8274314, "prefill_time": 0.20584845542907715, "decode_time": 3.2323384284973145, "llm_total_time": 3.4381868839263916}
{"instance_id": "django__django-14016", "step_id": 9, "tool_start": 1767711661.8303604, "tool_end": 1767711661.835478, "tool_time": 0.005117654800415039}
{"instance_id": "django__django-14016", "step_id": 11, "llm_start": 1767711661.843488, "llm_first_chunk": 1767711662.0332773, "llm_end": 1767711683.0886881, "prefill_time": 0.1897892951965332, "decode_time": 21.055410861968994, "llm_total_time": 21.245200157165527}
{"instance_id": "django__django-14016", "step_id": 10, "tool_start": 1767711683.092224, "tool_end": 1767711683.097544, "tool_time": 0.005320072174072266}
{"instance_id": "django__django-14016", "step_id": 12, "llm_start": 1767711683.1057212, "llm_first_chunk": 1767711683.3080125, "llm_end": 1767711685.3499553, "prefill_time": 0.20229125022888184, "decode_time": 2.041942834854126, "llm_total_time": 2.244234085083008}
{"instance_id": "django__django-14016", "step_id": 11, "tool_start": 1767711685.352846, "tool_end": 1767711685.9719977, "tool_time": 0.6191518306732178}
{"instance_id": "django__django-14016", "step_id": 13, "llm_start": 1767711685.9798174, "llm_first_chunk": 1767711686.2793388, "llm_end": 1767711728.561573, "prefill_time": 0.29952144622802734, "decode_time": 42.28223419189453, "llm_total_time": 42.58175563812256}
{"instance_id": "django__django-14016", "step_id": 12, "tool_start": 1767711728.5646684, "tool_end": 1767711728.5750031, "tool_time": 0.01033473014831543}
{"instance_id": "django__django-14016", "step_id": 14, "llm_start": 1767711728.5827534, "llm_first_chunk": 1767711729.0187383, "llm_end": 1767711750.499246, "prefill_time": 0.43598484992980957, "decode_time": 21.480507612228394, "llm_total_time": 21.916492462158203}
{"instance_id": "django__django-14016", "step_id": 13, "tool_start": 1767711750.507561, "tool_end": 1767711750.5330288, "tool_time": 0.025467872619628906}
{"instance_id": "django__django-14016", "step_id": 15, "llm_start": 1767711750.5541456, "llm_first_chunk": 1767711752.0432894, "llm_end": 1767711767.6490374, "prefill_time": 1.4891438484191895, "decode_time": 15.605747938156128, "llm_total_time": 17.094891786575317}
{"instance_id": "django__django-14016", "step_id": 14, "tool_start": 1767711767.6522071, "tool_end": 1767711767.6981912, "tool_time": 0.04598402976989746}
{"instance_id": "django__django-14016", "step_id": 16, "llm_start": 1767711767.7098622, "llm_first_chunk": 1767711767.970756, "llm_end": 1767711770.15611, "prefill_time": 0.2608938217163086,