{"instance_id": "pytest-dev__pytest-7373", "step_id": 0, "tool_start": 1767716046.3462386, "tool_end": 1767716046.9640687, "tool_time": 0.6178300380706787}
{"instance_id": "pytest-dev__pytest-7373", "step_id": 0, "tool_start": 1767716046.9659717, "tool_end": 1767716047.5835097, "tool_time": 0.6175379753112793}
{"instance_id": "pytest-dev__pytest-7373", "step_id": 0, "tool_start": 1767716047.588545, "tool_end": 1767716048.2097323, "tool_time": 0.6211872100830078}
{"instance_id": "pytest-dev__pytest-7373", "step_id": 0, "tool_start": 1767716048.2250574, "tool_end": 1767716048.85021, "tool_time": 0.625152587890625}
{"instance_id": "pytest-dev__pytest-7373", "step_id": 0, "tool_start": 1767716048.8530703, "tool_end": 1767716049.4711223, "tool_time": 0.6180520057678223}
{"instance_id": "pytest-dev__pytest-7373", "step_id": 0, "tool_start": 1767716049.473704, "tool_end": 1767716050.593619, "tool_time": 1.1199150085449219}
{"instance_id": "pytest-dev__pytest-7373", "step_id": 0, "tool_start": 1767716050.6107228, "tool_end": 1767716051.229208, "tool_time": 0.6184852123260498}
{"instance_id": "pytest-dev__pytest-7373", "step_id": 0, "tool_start": 1767716051.2298992, "tool_end": 1767716051.8553977, "tool_time": 0.6254985332489014}
{"instance_id": "pytest-dev__pytest-7373", "step_id": 0, "tool_start": 1767716051.8687549, "tool_end": 1767716052.4867167, "tool_time": 0.6179618835449219}
{"instance_id": "pytest-dev__pytest-7373", "step_id": 0, "tool_start": 1767716052.506632, "tool_end": 1767716053.1236331, "tool_time": 0.6170010566711426}
{"instance_id": "pytest-dev__pytest-7373", "env_prepare_start": 1767715292.6133704, "env_prepare_end": 1767716053.1270478, "env_prepare_time": 760.5136773586273}
{"instance_id": "pytest-dev__pytest-7373", "step_id": 1, "llm_start": 1767716053.1643581, "llm_first_chunk": 1767716053.45828, "llm_end": 1767716057.108828, "prefill_time": 0.29392194747924805, "decode_time": 3.650547981262207, "llm_total_time": 3.944469928741455}
{"instance_id": "pytest-dev__pytest-7373", "step_id": 2, "llm_start": 1767716057.112231, "llm_first_chunk": 1767716057.2792811, "llm_end": 1767716061.4343436, "prefill_time": 0.16705012321472168, "decode_time": 4.155062437057495, "llm_total_time": 4.322112560272217}
{"instance_id": "pytest-dev__pytest-7373", "step_id": 1, "tool_start": 1767716061.4375458, "tool_end": 1767716062.0650096, "tool_time": 0.6274638175964355}
{"instance_id": "pytest-dev__pytest-7373", "step_id": 3, "llm_start": 1767716062.06915, "llm_first_chunk": 1767716062.4963632, "llm_end": 1767716064.2491848, "prefill_time": 0.427213191986084, "decode_time": 1.752821683883667, "llm_total_time": 2.180034875869751}
{"instance_id": "pytest-dev__pytest-7373", "step_id": 2, "tool_start": 1767716064.2527752, "tool_end": 1767716064.873919, "tool_time": 0.6211438179016113}
{"instance_id": "pytest-dev__pytest-7373", "step_id": 4, "llm_start": 1767716064.878365, "llm_first_chunk": 1767716065.049309, "llm_end": 1767716067.1200538, "prefill_time": 0.1709439754486084, "decode_time": 2.070744752883911, "llm_total_time": 2.2416887283325195}
{"instance_id": "pytest-dev__pytest-7373", "step_id": 3, "tool_start": 1767716067.1720567, "tool_end": 1767716067.1886532, "tool_time": 0.016596555709838867}
{"instance_id": "pytest-dev__pytest-7373", "step_id": 5, "llm_start": 1767716067.214997, "llm_first_chunk": 1767716067.557946, "llm_end": 1767716084.1348462, "prefill_time": 0.34294891357421875, "decode_time": 16.576900243759155, "llm_total_time": 16.919849157333374}
{"instance_id": "pytest-dev__pytest-7373", "step_id": 4, "tool_start": 1767716084.1373553, "tool_end": 1767716084.7598202, "tool_time": 0.6224648952484131}
{"instance_id": "pytest-dev__pytest-7373", "step_id": 6, "llm_start": 1767716084.7655327, "llm_first_chunk": 1767716084.9385316, "llm_end": 1767716087.6944633, "prefill_time": 0.17299890518188477, "decode_time": 2.7559316158294678, "llm_total_time": 2.9289305210113525}
{"instance_id": "pytest-dev__pytest-7373", "step_id": 5, "tool_start": 1767716087.69987, "tool_end": 1767716088.3217354, "tool_time": 0.6218652725219727}
{"instance_id": "pytest-dev__pytest-7373", "step_id": 7, "llm_start": 1767716088.327594, "llm_first_chunk": 1767716088.6696398, "llm_end": 1767716090.853902, "prefill_time": 0.34204578399658203, "decode_time": 2.184262275695801, "llm_total_time": 2.526308059692383}
{"instance_id": "pytest-dev__pytest-7373", "step_id": 6, "tool_start": 1767716090.8567767, "tool_end": 1767716091.4769914, "tool_time": 0.6202147006988525}
{"instance_id": "pytest-dev__pytest-7373", "step_id": 8, "llm_start": 1767716091.4845383, "llm_first_chunk": 1767716091.6800556, "llm_end": 1767716094.3315492, "prefill_time": 0.19551730155944824, "decode_time": 2.651493549346924, "llm_total_time": 2.847010850906372}
{"instance_id": "pytest-dev__pytest-7373", "step_id": 7, "tool_start": 1767716094.334587, "tool_end": 1767716094.343455, "tool_time": 0.008867979049682617}
{"instance_id": "pytest-dev__pytest-7373", "step_id": 9, "llm_start": 1767716094.351755, "llm_first_chunk": 1767716094.810786, "llm_end": 1767716098.925642, "prefill_time": 0.4590311050415039, "decode_time": 4.114856004714966, "llm_total_time": 4.57388710975647}
{"instance_id": "pytest-dev__pytest-7373", "step_id": 8, "tool_start": 1767716098.9316437, "tool_end": 1767716098.9366453, "tool_time": 0.005001544952392578}
{"instance_id": "pytest-dev__pytest-7373", "step_id": 10, "llm_start": 1767716098.944013, "llm_first_chunk": 1767716099.126425, "llm_end": 1767716102.392565, "prefill_time": 0.18241190910339355, "decode_time": 3.2661399841308594, "llm_total_time": 3.448551893234253}
{"instance_id": "pytest-dev__pytest-7373", "step_id": 9, "tool_start": 1767716102.3981166, "tool_end": 1767716102.4093997, "tool_time": 0.011283159255981445}
{"instance_id": "pytest-dev__pytest-7373", "step_id": 11, "llm_start": 1767716102.4305925, "llm_first_chunk": 1767716102.8205352, "llm_end": 1767716105.0963926, "prefill_time": 0.38994264602661133, "decode_time": 2.275857448577881, "llm_total_time": 2.665800094604492}
{"instance_id": "pytest-dev__pytest-7373", "step_id": 10, "tool_start": 1767716105.100633, "tool_end": 1767716105.7216055, "tool_time": 0.6209726333618164}
{"instance_id": "pytest-dev__pytest-7373", "step_id": 12, "llm_start": 1767716105.732181, "llm_first_chunk": 1767716105.9260902, "llm_end": 1767716127.5662436, "prefill_time": 0.1939091682434082, "decode_time": 21.640153408050537, "llm_total_time": 21.834062576293945}
{"instance_id": "pytest-dev__pytest-7373", "step_id": 11, "tool_start": 1767716127.5701292, "tool_end": 1767716127.5792844, "tool_time": 0.0091552734375}
{"instance_id": "pytest-dev__pytest-7373", "step_id": 13, "llm_start": 1767716127.5901668, "llm_first_chunk": 1767716127.8238227, "llm_end": 1767716134.113789, "prefill_time": 0.2336559295654297, "decode_time": 6.289966344833374, "llm_total_time": 6.523622274398804}
{"instance_id": "pytest-dev__pytest-7373", "step_id": 12, "tool_start": 1767716134.1185994, "tool_end": 1767716134.1309092, "tool_time": 0.012309789657592773}
{"instance_id": "pytest-dev__pytest-7373", "step_id": 14, "llm_start": 1767716134.141473, "llm_first_chunk": 1767716134.3473518, "llm_end": 1767716137.3665469, "prefill_time": 0.20587873458862305, "decode_time": 3.019195079803467, "llm_total_time": 3.22507381439209}
{"instance_id": "pytest-dev__pytest-7373", "step_id": 13, "tool_start": 1767716137.3699284, "tool_end": 1767716137.9911036, "tool_time": 0.6211752891540527}
{"instance_id": "pytest-dev__pytest-7373", "step_id": 15, "llm_start": 1767716138.0048857, "llm_first_chunk": 1767716138.3774648, "llm_end": 1767716141.6856084, "prefill_time": 0.37257909774780273, "decode_time": 3.3081436157226562, "llm_total_time": 3.680722713470459}
{"instance_id": "pytest-dev__pytest-7373", "step_id": 14, "tool_start": 1767716141.6890967, "tool_end": 1767716142.309893, "tool_time": 0.6207962036132812}
{"instance_id": "pytest-dev__pytest-7373", "step_id": 16, "llm_start": 1767716142.3221965,