{"instance_id": "matplotlib__matplotlib-25442", "step_id": 0, "tool_start": 1767714348.0366707, "tool_end": 1767714348.6600177, "tool_time": 0.6233470439910889}
{"instance_id": "matplotlib__matplotlib-25442", "step_id": 0, "tool_start": 1767714348.666248, "tool_end": 1767714349.2874098, "tool_time": 0.621161699295044}
{"instance_id": "matplotlib__matplotlib-25442", "step_id": 0, "tool_start": 1767714349.3064184, "tool_end": 1767714349.9241736, "tool_time": 0.6177551746368408}
{"instance_id": "matplotlib__matplotlib-25442", "step_id": 0, "tool_start": 1767714349.9322507, "tool_end": 1767714350.549574, "tool_time": 0.6173231601715088}
{"instance_id": "matplotlib__matplotlib-25442", "step_id": 0, "tool_start": 1767714350.5501747, "tool_end": 1767714351.1718543, "tool_time": 0.6216795444488525}
{"instance_id": "matplotlib__matplotlib-25442", "step_id": 0, "tool_start": 1767714351.172424, "tool_end": 1767714354.30536, "tool_time": 3.1329360008239746}
{"instance_id": "matplotlib__matplotlib-25442", "step_id": 0, "tool_start": 1767714354.3061244, "tool_end": 1767714354.9227562, "tool_time": 0.6166317462921143}
{"instance_id": "matplotlib__matplotlib-25442", "step_id": 0, "tool_start": 1767714354.92384, "tool_end": 1767714356.5459816, "tool_time": 1.6221415996551514}
{"instance_id": "matplotlib__matplotlib-25442", "step_id": 0, "tool_start": 1767714356.5467284, "tool_end": 1767714357.1641517, "tool_time": 0.6174232959747314}
{"instance_id": "matplotlib__matplotlib-25442", "step_id": 0, "tool_start": 1767714357.1647453, "tool_end": 1767714357.7852213, "tool_time": 0.6204760074615479}
{"instance_id": "matplotlib__matplotlib-25442", "env_prepare_start": 1767713739.8887365, "env_prepare_end": 1767714357.7861493, "env_prepare_time": 617.897412776947}
{"instance_id": "matplotlib__matplotlib-25442", "step_id": 1, "llm_start": 1767714357.8269587, "llm_first_chunk": 1767714358.137026, "llm_end": 1767714361.4838607, "prefill_time": 0.31006741523742676, "decode_time": 3.346834659576416, "llm_total_time": 3.6569020748138428}
{"instance_id": "matplotlib__matplotlib-25442", "step_id": 2, "llm_start": 1767714361.4866781, "llm_first_chunk": 1767714361.6603951, "llm_end": 1767714366.071869, "prefill_time": 0.17371702194213867, "decode_time": 4.411473751068115, "llm_total_time": 4.585190773010254}
{"instance_id": "matplotlib__matplotlib-25442", "step_id": 1, "tool_start": 1767714366.07439, "tool_end": 1767714366.092582, "tool_time": 0.018192052841186523}
{"instance_id": "matplotlib__matplotlib-25442", "step_id": 3, "llm_start": 1767714366.097127, "llm_first_chunk": 1767714366.34117, "llm_end": 1767714368.0612767, "prefill_time": 0.24404311180114746, "decode_time": 1.720106601715088, "llm_total_time": 1.9641497135162354}
{"instance_id": "matplotlib__matplotlib-25442", "step_id": 2, "tool_start": 1767714368.0645096, "tool_end": 1767714368.074523, "tool_time": 0.010013341903686523}
{"instance_id": "matplotlib__matplotlib-25442", "step_id": 4, "llm_start": 1767714368.0780003, "llm_first_chunk": 1767714368.3928049, "llm_end": 1767714382.6209383, "prefill_time": 0.3148045539855957, "decode_time": 14.2281334400177, "llm_total_time": 14.542937994003296}
{"instance_id": "matplotlib__matplotlib-25442", "step_id": 3, "tool_start": 1767714382.6271248, "tool_end": 1767714382.6385226, "tool_time": 0.011397838592529297}
{"instance_id": "matplotlib__matplotlib-25442", "step_id": 5, "llm_start": 1767714382.6424594, "llm_first_chunk": 1767714383.0399828, "llm_end": 1767714386.5856485, "prefill_time": 0.3975234031677246, "decode_time": 3.545665740966797, "llm_total_time": 3.9431891441345215}
{"instance_id": "matplotlib__matplotlib-25442", "step_id": 4, "tool_start": 1767714386.5914712, "tool_end": 1767714386.6072295, "tool_time": 0.015758275985717773}
{"instance_id": "matplotlib__matplotlib-25442", "step_id": 6, "llm_start": 1767714386.6121352, "llm_first_chunk": 1767714387.0892215, "llm_end": 1767714390.3801794, "prefill_time": 0.47708630561828613, "decode_time": 3.2909579277038574, "llm_total_time": 3.7680442333221436}
{"instance_id": "matplotlib__matplotlib-25442", "step_id": 5, "tool_start": 1767714390.3832235, "tool_end": 1767714390.3880517, "tool_time": 0.004828214645385742}
{"instance_id": "matplotlib__matplotlib-25442", "step_id": 7, "llm_start": 1767714390.39471, "llm_first_chunk": 1767714390.7121775, "llm_end": 1767714394.0624845, "prefill_time": 0.31746745109558105, "decode_time": 3.350306987762451, "llm_total_time": 3.6677744388580322}
{"instance_id": "matplotlib__matplotlib-25442", "step_id": 6, "tool_start": 1767714394.065504, "tool_end": 1767714394.069272, "tool_time": 0.0037679672241210938}
{"instance_id": "matplotlib__matplotlib-25442", "step_id": 8, "llm_start": 1767714394.0742743, "llm_first_chunk": 1767714394.4167032, "llm_end": 1767714397.3752394, "prefill_time": 0.34242892265319824, "decode_time": 2.958536148071289, "llm_total_time": 3.3009650707244873}
{"instance_id": "matplotlib__matplotlib-25442", "step_id": 7, "tool_start": 1767714397.3777144, "tool_end": 1767714397.3821416, "tool_time": 0.004427194595336914}
{"instance_id": "matplotlib__matplotlib-25442", "step_id": 9, "llm_start": 1767714397.3872352, "llm_first_chunk": 1767714397.6760585, "llm_end": 1767714401.7158856, "prefill_time": 0.28882336616516113, "decode_time": 4.039827108383179, "llm_total_time": 4.32865047454834}
{"instance_id": "matplotlib__matplotlib-25442", "step_id": 8, "tool_start": 1767714401.7185607, "tool_end": 1767714403.3426983, "tool_time": 1.6241376399993896}
{"instance_id": "matplotlib__matplotlib-25442", "step_id": 10, "llm_start": 1767714403.3494673, "llm_first_chunk": 1767714403.5501378, "llm_end": 1767714405.5976, "prefill_time": 0.20067048072814941, "decode_time": 2.047462224960327, "llm_total_time": 2.2481327056884766}
{"instance_id": "matplotlib__matplotlib-25442", "step_id": 9, "tool_start": 1767714405.6008818, "tool_end": 1767714407.226688, "tool_time": 1.6258060932159424}
{"instance_id": "matplotlib__matplotlib-25442", "step_id": 11, "llm_start": 1767714407.2348278, "llm_first_chunk": 1767714407.474991, "llm_end": 1767714410.249817, "prefill_time": 0.24016332626342773, "decode_time": 2.7748258113861084, "llm_total_time": 3.014989137649536}
{"instance_id": "matplotlib__matplotlib-25442", "step_id": 10, "tool_start": 1767714410.284457, "tool_end": 1767714475.2634985, "tool_time": 64.9790415763855}
{"instance_id": "matplotlib__matplotlib-25442", "step_id": 12, "llm_start": 1767714475.273525, "llm_first_chunk": 1767714475.5011363, "llm_end": 1767714478.1203148, "prefill_time": 0.22761130332946777, "decode_time": 2.619178533554077, "llm_total_time": 2.846789836883545}
{"instance_id": "matplotlib__matplotlib-25442", "step_id": 11, "tool_start": 1767714478.1241145, "tool_end": 1767714479.2456114, "tool_time": 1.1214969158172607}
{"instance_id": "matplotlib__matplotlib-25442", "step_id": 13, "llm_start": 1767714479.2547324, "llm_first_chunk": 1767714479.622835, "llm_end": 1767714483.670034, "prefill_time": 0.3681025505065918, "decode_time": 4.047199010848999, "llm_total_time": 4.415301561355591}
{"instance_id": "matplotlib__matplotlib-25442", "step_id": 12, "tool_start": 1767714483.674093, "tool_end": 1767714484.294486, "tool_time": 0.6203930377960205}
{"instance_id": "matplotlib__matplotlib-25442", "step_id": 14, "llm_start": 1767714484.3039663, "llm_first_chunk": 1767714484.5133226, "llm_end": 1767714486.9308395, "prefill_time": 0.20935630798339844, "decode_time": 2.4175169467926025, "llm_total_time": 2.626873254776001}
{"instance_id": "matplotlib__matplotlib-25442", "step_id": 13, "tool_start": 1767714486.9336052, "tool_end": 1767714487.5527654, "tool_time": 0.6191601753234863}
{"instance_id": "matplotlib__matplotlib-25442", "step_id": 15, "llm_start": 1767714487.5634985, "llm_first_chunk": 1767714487.8406787, "llm_end": 1767714491.1388936, "prefill_time": 0.27718019485473633, "decode_time": 3.298214912414551,