{"instance_id": "django__django-15320", "step_id": 0, "tool_start": 1767712635.8156176, "tool_end": 1767712636.441776, "tool_time": 0.6261584758758545}
{"instance_id": "django__django-15320", "step_id": 0, "tool_start": 1767712636.442388, "tool_end": 1767712637.0609357, "tool_time": 0.6185476779937744}
{"instance_id": "django__django-15320", "step_id": 0, "tool_start": 1767712637.0713105, "tool_end": 1767712637.689461, "tool_time": 0.6181504726409912}
{"instance_id": "django__django-15320", "step_id": 0, "tool_start": 1767712637.6962025, "tool_end": 1767712638.3142023, "tool_time": 0.617999792098999}
{"instance_id": "django__django-15320", "step_id": 0, "tool_start": 1767712638.3150327, "tool_end": 1767712638.9398704, "tool_time": 0.6248376369476318}
{"instance_id": "django__django-15320", "step_id": 0, "tool_start": 1767712638.9406357, "tool_end": 1767712641.5695927, "tool_time": 2.6289570331573486}
{"instance_id": "django__django-15320", "step_id": 0, "tool_start": 1767712641.5740461, "tool_end": 1767712642.1928394, "tool_time": 0.618793249130249}
{"instance_id": "django__django-15320", "step_id": 0, "tool_start": 1767712642.1939497, "tool_end": 1767712644.3233898, "tool_time": 2.1294400691986084}
{"instance_id": "django__django-15320", "step_id": 0, "tool_start": 1767712644.3250678, "tool_end": 1767712644.9481003, "tool_time": 0.6230325698852539}
{"instance_id": "django__django-15320", "step_id": 0, "tool_start": 1767712644.9489202, "tool_end": 1767712645.5669703, "tool_time": 0.6180500984191895}
{"instance_id": "django__django-15320", "env_prepare_start": 1767711946.3847725, "env_prepare_end": 1767712645.567921, "env_prepare_time": 699.1831483840942}
{"instance_id": "django__django-15320", "step_id": 1, "llm_start": 1767712645.5938473, "llm_first_chunk": 1767712645.9492393, "llm_end": 1767712649.565299, "prefill_time": 0.3553919792175293, "decode_time": 3.6160597801208496, "llm_total_time": 3.971451759338379}
{"instance_id": "django__django-15320", "step_id": 2, "llm_start": 1767712649.56868, "llm_first_chunk": 1767712649.726034, "llm_end": 1767712660.080092, "prefill_time": 0.15735387802124023, "decode_time": 10.354058027267456, "llm_total_time": 10.511411905288696}
{"instance_id": "django__django-15320", "step_id": 3, "llm_start": 1767712660.0882914, "llm_first_chunk": 1767712660.2476432, "llm_end": 1767712662.3609257, "prefill_time": 0.15935182571411133, "decode_time": 2.1132824420928955, "llm_total_time": 2.272634267807007}
{"instance_id": "django__django-15320", "step_id": 1, "tool_start": 1767712662.3632562, "tool_end": 1767712662.3795018, "tool_time": 0.016245603561401367}
{"instance_id": "django__django-15320", "step_id": 4, "llm_start": 1767712662.383377, "llm_first_chunk": 1767712662.9892995, "llm_end": 1767712665.564772, "prefill_time": 0.6059224605560303, "decode_time": 2.575472354888916, "llm_total_time": 3.1813948154449463}
{"instance_id": "django__django-15320", "step_id": 2, "tool_start": 1767712665.5673604, "tool_end": 1767712665.577413, "tool_time": 0.010052680969238281}
{"instance_id": "django__django-15320", "step_id": 5, "llm_start": 1767712665.5895581, "llm_first_chunk": 1767712665.9469688, "llm_end": 1767712668.706054, "prefill_time": 0.3574106693267822, "decode_time": 2.759085178375244, "llm_total_time": 3.1164958477020264}
{"instance_id": "django__django-15320", "step_id": 3, "tool_start": 1767712668.709061, "tool_end": 1767712668.722824, "tool_time": 0.013763189315795898}
{"instance_id": "django__django-15320", "step_id": 6, "llm_start": 1767712668.7275324, "llm_first_chunk": 1767712669.3069487, "llm_end": 1767712672.2315679, "prefill_time": 0.5794162750244141, "decode_time": 2.924619197845459, "llm_total_time": 3.504035472869873}
{"instance_id": "django__django-15320", "step_id": 4, "tool_start": 1767712672.2348726, "tool_end": 1767712676.3737175, "tool_time": 4.138844966888428}
{"instance_id": "django__django-15320", "step_id": 7, "llm_start": 1767712676.3820908, "llm_first_chunk": 1767712676.6094158, "llm_end": 1767712678.72476, "prefill_time": 0.2273249626159668, "decode_time": 2.115344285964966, "llm_total_time": 2.3426692485809326}
{"instance_id": "django__django-15320", "step_id": 5, "tool_start": 1767712678.727531, "tool_end": 1767712678.7410257, "tool_time": 0.013494729995727539}
{"instance_id": "django__django-15320", "step_id": 8, "llm_start": 1767712678.7479975, "llm_first_chunk": 1767712679.341611, "llm_end": 1767712681.9664764, "prefill_time": 0.5936133861541748, "decode_time": 2.6248655319213867, "llm_total_time": 3.2184789180755615}
{"instance_id": "django__django-15320", "step_id": 6, "tool_start": 1767712681.9691706, "tool_end": 1767712682.5879543, "tool_time": 0.618783712387085}
{"instance_id": "django__django-15320", "step_id": 9, "llm_start": 1767712682.5937428, "llm_first_chunk": 1767712683.0210419, "llm_end": 1767712686.1128418, "prefill_time": 0.42729902267456055, "decode_time": 3.0917999744415283, "llm_total_time": 3.519098997116089}
{"instance_id": "django__django-15320", "step_id": 7, "tool_start": 1767712686.1155384, "tool_end": 1767712686.1202028, "tool_time": 0.004664421081542969}
{"instance_id": "django__django-15320", "step_id": 10, "llm_start": 1767712686.126969, "llm_first_chunk": 1767712686.4508915, "llm_end": 1767712692.0217772, "prefill_time": 0.32392239570617676, "decode_time": 5.57088565826416, "llm_total_time": 5.894808053970337}
{"instance_id": "django__django-15320", "step_id": 8, "tool_start": 1767712692.0252638, "tool_end": 1767712692.6469274, "tool_time": 0.6216635704040527}
{"instance_id": "django__django-15320", "step_id": 11, "llm_start": 1767712692.6555684, "llm_first_chunk": 1767712692.8930378, "llm_end": 1767712695.7745843, "prefill_time": 0.23746943473815918, "decode_time": 2.8815464973449707, "llm_total_time": 3.11901593208313}
{"instance_id": "django__django-15320", "step_id": 9, "tool_start": 1767712695.7796092, "tool_end": 1767712695.7886748, "tool_time": 0.009065628051757812}
{"instance_id": "django__django-15320", "step_id": 12, "llm_start": 1767712695.7974188, "llm_first_chunk": 1767712696.102219, "llm_end": 1767712699.5727782, "prefill_time": 0.30480027198791504, "decode_time": 3.4705591201782227, "llm_total_time": 3.7753593921661377}
{"instance_id": "django__django-15320", "step_id": 10, "tool_start": 1767712699.5827956, "tool_end": 1767712700.2068217, "tool_time": 0.6240260601043701}
{"instance_id": "django__django-15320", "step_id": 13, "llm_start": 1767712700.214225, "llm_first_chunk": 1767712700.4368784, "llm_end": 1767712703.231519, "prefill_time": 0.22265338897705078, "decode_time": 2.79464054107666, "llm_total_time": 3.017293930053711}
{"instance_id": "django__django-15320", "step_id": 11, "tool_start": 1767712703.235257, "tool_end": 1767712703.2387996, "tool_time": 0.003542661666870117}
{"instance_id": "django__django-15320", "step_id": 14, "llm_start": 1767712703.247152, "llm_first_chunk": 1767712703.597772, "llm_end": 1767712706.734776, "prefill_time": 0.3506197929382324, "decode_time": 3.1370041370391846, "llm_total_time": 3.487623929977417}
{"instance_id": "django__django-15320", "step_id": 12, "tool_start": 1767712706.7383075, "tool_end": 1767712706.742795, "tool_time": 0.004487514495849609}
{"instance_id": "django__django-15320", "step_id": 15, "llm_start": 1767712706.7509995, "llm_first_chunk": 1767712707.0197835, "llm_end": 1767712710.9700916, "prefill_time": 0.2687840461730957, "decode_time": 3.950308084487915, "llm_total_time": 4.219092130661011}
{"instance_id": "django__django-15320", "step_id": 13, "tool_start": 1767712710.9803576, "tool_end": 1767712711.5994487, "tool_time": 0.6190910339355469}
{"instance_id": "django__django-15320", "step_id": 16, "llm_start": 1767712711.6115558, "llm_first_chunk": 1767712711.850091, "llm_end": 1767712715.1923978, "prefill_time": 0.23853516578674316, "decode_time": 3.3423068523406982, "llm_total_time": 3.5808420181274414}
{"instance_id": "django__django-15320", "step_id": 14,