{"instance_id": "pallets__flask-4045", "step_id": 0, "tool_start": 1767714765.430121, "tool_end": 1767714766.0508075, "tool_time": 0.6206865310668945}
{"instance_id": "pallets__flask-4045", "step_id": 0, "tool_start": 1767714766.0514302, "tool_end": 1767714766.668562, "tool_time": 0.6171317100524902}
{"instance_id": "pallets__flask-4045", "step_id": 0, "tool_start": 1767714766.669153, "tool_end": 1767714767.2861118, "tool_time": 0.6169588565826416}
{"instance_id": "pallets__flask-4045", "step_id": 0, "tool_start": 1767714767.2920654, "tool_end": 1767714767.9091287, "tool_time": 0.6170632839202881}
{"instance_id": "pallets__flask-4045", "step_id": 0, "tool_start": 1767714767.9097717, "tool_end": 1767714768.5263157, "tool_time": 0.6165440082550049}
{"instance_id": "pallets__flask-4045", "step_id": 0, "tool_start": 1767714768.5269563, "tool_end": 1767714769.1437826, "tool_time": 0.6168262958526611}
{"instance_id": "pallets__flask-4045", "step_id": 0, "tool_start": 1767714769.144359, "tool_end": 1767714769.761772, "tool_time": 0.617412805557251}
{"instance_id": "pallets__flask-4045", "step_id": 0, "tool_start": 1767714769.7625444, "tool_end": 1767714770.3855238, "tool_time": 0.6229794025421143}
{"instance_id": "pallets__flask-4045", "step_id": 0, "tool_start": 1767714770.3861854, "tool_end": 1767714771.0045667, "tool_time": 0.6183812618255615}
{"instance_id": "pallets__flask-4045", "step_id": 0, "tool_start": 1767714771.0052083, "tool_end": 1767714771.622682, "tool_time": 0.617473840713501}
{"instance_id": "pallets__flask-4045", "env_prepare_start": 1767714258.580423, "env_prepare_end": 1767714771.623869, "env_prepare_time": 513.0434458255768}
{"instance_id": "pallets__flask-4045", "step_id": 1, "llm_start": 1767714771.6546266, "llm_first_chunk": 1767714771.9347818, "llm_end": 1767714775.295332, "prefill_time": 0.2801551818847656, "decode_time": 3.3605501651763916, "llm_total_time": 3.6407053470611572}
{"instance_id": "pallets__flask-4045", "step_id": 2, "llm_start": 1767714775.298296, "llm_first_chunk": 1767714775.4879868, "llm_end": 1767714779.1308851, "prefill_time": 0.18969082832336426, "decode_time": 3.6428983211517334, "llm_total_time": 3.8325891494750977}
{"instance_id": "pallets__flask-4045", "step_id": 1, "tool_start": 1767714779.134154, "tool_end": 1767714779.1490972, "tool_time": 0.014943122863769531}
{"instance_id": "pallets__flask-4045", "step_id": 3, "llm_start": 1767714779.15255, "llm_first_chunk": 1767714779.4931056, "llm_end": 1767714781.6856818, "prefill_time": 0.34055566787719727, "decode_time": 2.1925761699676514, "llm_total_time": 2.5331318378448486}
{"instance_id": "pallets__flask-4045", "step_id": 2, "tool_start": 1767714781.688321, "tool_end": 1767714781.697038, "tool_time": 0.008716821670532227}
{"instance_id": "pallets__flask-4045", "step_id": 4, "llm_start": 1767714781.7016664, "llm_first_chunk": 1767714781.9130378, "llm_end": 1767714785.181021, "prefill_time": 0.21137142181396484, "decode_time": 3.2679831981658936, "llm_total_time": 3.4793546199798584}
{"instance_id": "pallets__flask-4045", "step_id": 3, "tool_start": 1767714785.1841397, "tool_end": 1767714785.2057886, "tool_time": 0.021648883819580078}
{"instance_id": "pallets__flask-4045", "step_id": 5, "llm_start": 1767714785.223213, "llm_first_chunk": 1767714785.7126067, "llm_end": 1767714788.250655, "prefill_time": 0.4893937110900879, "decode_time": 2.538048267364502, "llm_total_time": 3.02744197845459}
{"instance_id": "pallets__flask-4045", "step_id": 4, "tool_start": 1767714788.2535825, "tool_end": 1767714788.8761866, "tool_time": 0.6226041316986084}
{"instance_id": "pallets__flask-4045", "step_id": 6, "llm_start": 1767714788.8819861, "llm_first_chunk": 1767714789.0664654, "llm_end": 1767714792.2254782, "prefill_time": 0.1844792366027832, "decode_time": 3.159012794494629, "llm_total_time": 3.343492031097412}
{"instance_id": "pallets__flask-4045", "step_id": 5, "tool_start": 1767714792.2431874, "tool_end": 1767714792.2475235, "tool_time": 0.004336118698120117}
{"instance_id": "pallets__flask-4045", "step_id": 7, "llm_start": 1767714792.2552395, "llm_first_chunk": 1767714792.791899, "llm_end": 1767714795.4010086, "prefill_time": 0.5366594791412354, "decode_time": 2.60910964012146, "llm_total_time": 3.1457691192626953}
{"instance_id": "pallets__flask-4045", "step_id": 6, "tool_start": 1767714795.4038892, "tool_end": 1767714795.412899, "tool_time": 0.009009838104248047}
{"instance_id": "pallets__flask-4045", "step_id": 8, "llm_start": 1767714795.4198976, "llm_first_chunk": 1767714796.0428598, "llm_end": 1767714798.8184898, "prefill_time": 0.622962236404419, "decode_time": 2.775629997253418, "llm_total_time": 3.398592233657837}
{"instance_id": "pallets__flask-4045", "step_id": 7, "tool_start": 1767714798.8269086, "tool_end": 1767714799.4463758, "tool_time": 0.6194672584533691}
{"instance_id": "pallets__flask-4045", "step_id": 9, "llm_start": 1767714799.4532807, "llm_first_chunk": 1767714799.6645346, "llm_end": 1767714802.744599, "prefill_time": 0.21125388145446777, "decode_time": 3.080064535140991, "llm_total_time": 3.291318416595459}
{"instance_id": "pallets__flask-4045", "step_id": 8, "tool_start": 1767714802.7476547, "tool_end": 1767714802.7523236, "tool_time": 0.0046689510345458984}
{"instance_id": "pallets__flask-4045", "step_id": 10, "llm_start": 1767714802.7588692, "llm_first_chunk": 1767714803.0035794, "llm_end": 1767714805.7935565, "prefill_time": 0.24471020698547363, "decode_time": 2.7899770736694336, "llm_total_time": 3.0346872806549072}
{"instance_id": "pallets__flask-4045", "step_id": 9, "tool_start": 1767714805.8191392, "tool_end": 1767714805.8306124, "tool_time": 0.01147317886352539}
{"instance_id": "pallets__flask-4045", "step_id": 11, "llm_start": 1767714805.8383062, "llm_first_chunk": 1767714806.1368937, "llm_end": 1767714808.8819268, "prefill_time": 0.2985875606536865, "decode_time": 2.745033025741577, "llm_total_time": 3.0436205863952637}
{"instance_id": "pallets__flask-4045", "step_id": 10, "tool_start": 1767714808.8869262, "tool_end": 1767714808.906174, "tool_time": 0.019247770309448242}
{"instance_id": "pallets__flask-4045", "step_id": 12, "llm_start": 1767714808.9170747, "llm_first_chunk": 1767714809.35059, "llm_end": 1767714817.2944615, "prefill_time": 0.4335153102874756, "decode_time": 7.94387149810791, "llm_total_time": 8.377386808395386}
{"instance_id": "pallets__flask-4045", "step_id": 11, "tool_start": 1767714817.329678, "tool_end": 1767714817.9505265, "tool_time": 0.6208484172821045}
{"instance_id": "pallets__flask-4045", "step_id": 13, "llm_start": 1767714817.9585867, "llm_first_chunk": 1767714818.1641467, "llm_end": 1767714821.8479323, "prefill_time": 0.20555996894836426, "decode_time": 3.6837856769561768, "llm_total_time": 3.889345645904541}
{"instance_id": "pallets__flask-4045", "step_id": 12, "tool_start": 1767714821.8520076, "tool_end": 1767714822.4723177, "tool_time": 0.6203100681304932}
{"instance_id": "pallets__flask-4045", "step_id": 14, "llm_start": 1767714822.4816427, "llm_first_chunk": 1767714822.7025006, "llm_end": 1767714825.342828, "prefill_time": 0.22085785865783691, "decode_time": 2.6403274536132812, "llm_total_time": 2.861185312271118}
{"instance_id": "pallets__flask-4045", "step_id": 13, "tool_start": 1767714825.3469913, "tool_end": 1767714825.9665856, "tool_time": 0.6195943355560303}
{"instance_id": "pallets__flask-4045", "step_id": 15, "llm_start": 1767714825.9757895, "llm_first_chunk": 1767714826.2776558, "llm_end": 1767714828.9647756, "prefill_time": 0.3018662929534912, "decode_time": 2.687119722366333, "llm_total_time": 2.988986015319824}
{"instance_id": "pallets__flask-4045", "step_id": 14, "tool_start": 1767714828.968682, "tool_end": 1767714828.984151, "tool_time": 0.015468835830688477}
{"instance_id": "pallets__flask-4045", "step_id": 16, "llm_start": 1767714828.9960067, "llm_first_chunk": 1767714829.2710495, "llm_end": 1767714855.7738059, "prefill_time": 0.2750427722930908, "decode_time": 26.502756357192993,