{"instance_id": "django__django-12453", "step_id": 0, "tool_start": 1767710839.4291453, "tool_end": 1767710840.0490305, "tool_time": 0.6198852062225342}
{"instance_id": "django__django-12453", "step_id": 0, "tool_start": 1767710840.1582282, "tool_end": 1767710840.778432, "tool_time": 0.6202037334442139}
{"instance_id": "django__django-12453", "step_id": 0, "tool_start": 1767710840.7792292, "tool_end": 1767710841.396711, "tool_time": 0.6174819469451904}
{"instance_id": "django__django-12453", "step_id": 0, "tool_start": 1767710841.4034405, "tool_end": 1767710842.020319, "tool_time": 0.6168785095214844}
{"instance_id": "django__django-12453", "step_id": 0, "tool_start": 1767710842.0212965, "tool_end": 1767710842.638981, "tool_time": 0.6176846027374268}
{"instance_id": "django__django-12453", "step_id": 0, "tool_start": 1767710842.6397126, "tool_end": 1767710844.7656314, "tool_time": 2.1259188652038574}
{"instance_id": "django__django-12453", "step_id": 0, "tool_start": 1767710844.7661817, "tool_end": 1767710845.3839934, "tool_time": 0.6178116798400879}
{"instance_id": "django__django-12453", "step_id": 0, "tool_start": 1767710845.3847067, "tool_end": 1767710846.5035737, "tool_time": 1.1188669204711914}
{"instance_id": "django__django-12453", "step_id": 0, "tool_start": 1767710846.5041256, "tool_end": 1767710847.1219594, "tool_time": 0.6178338527679443}
{"instance_id": "django__django-12453", "step_id": 0, "tool_start": 1767710847.122525, "tool_end": 1767710847.7394905, "tool_time": 0.6169655323028564}
{"instance_id": "django__django-12453", "env_prepare_start": 1767710406.7814345, "env_prepare_end": 1767710847.7402527, "env_prepare_time": 440.95881819725037}
{"instance_id": "django__django-12453", "step_id": 1, "llm_start": 1767710847.7662258, "llm_first_chunk": 1767710848.021563, "llm_end": 1767710849.744908, "prefill_time": 0.2553372383117676, "decode_time": 1.7233450412750244, "llm_total_time": 1.978682279586792}
{"instance_id": "django__django-12453", "step_id": 2, "llm_start": 1767710849.7477493, "llm_first_chunk": 1767710849.8783908, "llm_end": 1767710854.7705214, "prefill_time": 0.13064146041870117, "decode_time": 4.892130613327026, "llm_total_time": 5.0227720737457275}
{"instance_id": "django__django-12453", "step_id": 3, "llm_start": 1767710854.7758443, "llm_first_chunk": 1767710854.9060702, "llm_end": 1767710855.7519577, "prefill_time": 0.13022589683532715, "decode_time": 0.8458874225616455, "llm_total_time": 0.9761133193969727}
{"instance_id": "django__django-12453", "step_id": 1, "tool_start": 1767710855.7547846, "tool_end": 1767710855.7692554, "tool_time": 0.014470815658569336}
{"instance_id": "django__django-12453", "step_id": 4, "llm_start": 1767710855.7735488, "llm_first_chunk": 1767710855.9177096, "llm_end": 1767710856.9239068, "prefill_time": 0.14416074752807617, "decode_time": 1.006197214126587, "llm_total_time": 1.150357961654663}
{"instance_id": "django__django-12453", "step_id": 2, "tool_start": 1767710856.9265335, "tool_end": 1767710856.9387164, "tool_time": 0.012182950973510742}
{"instance_id": "django__django-12453", "step_id": 5, "llm_start": 1767710856.9439313, "llm_first_chunk": 1767710857.311209, "llm_end": 1767710858.503604, "prefill_time": 0.3672776222229004, "decode_time": 1.1923949718475342, "llm_total_time": 1.5596725940704346}
{"instance_id": "django__django-12453", "step_id": 3, "tool_start": 1767710858.5066488, "tool_end": 1767710858.5152907, "tool_time": 0.008641958236694336}
{"instance_id": "django__django-12453", "step_id": 6, "llm_start": 1767710858.521011, "llm_first_chunk": 1767710858.8588853, "llm_end": 1767710861.0560749, "prefill_time": 0.337874174118042, "decode_time": 2.1971895694732666, "llm_total_time": 2.5350637435913086}
{"instance_id": "django__django-12453", "step_id": 4, "tool_start": 1767710861.058911, "tool_end": 1767710865.1985683, "tool_time": 4.139657258987427}
{"instance_id": "django__django-12453", "step_id": 7, "llm_start": 1767710865.2037067, "llm_first_chunk": 1767710865.3852775, "llm_end": 1767710866.8098304, "prefill_time": 0.18157076835632324, "decode_time": 1.4245529174804688, "llm_total_time": 1.606123685836792}
{"instance_id": "django__django-12453", "step_id": 5, "tool_start": 1767710866.8127346, "tool_end": 1767710866.8206239, "tool_time": 0.007889270782470703}
{"instance_id": "django__django-12453", "step_id": 8, "llm_start": 1767710866.8261132, "llm_first_chunk": 1767710867.1089919, "llm_end": 1767710868.327397, "prefill_time": 0.2828786373138428, "decode_time": 1.2184052467346191, "llm_total_time": 1.501283884048462}
{"instance_id": "django__django-12453", "step_id": 6, "tool_start": 1767710868.3309846, "tool_end": 1767710868.9566877, "tool_time": 0.6257030963897705}
{"instance_id": "django__django-12453", "step_id": 9, "llm_start": 1767710868.9765053, "llm_first_chunk": 1767710869.1360815, "llm_end": 1767710870.6224177, "prefill_time": 0.1595761775970459, "decode_time": 1.4863362312316895, "llm_total_time": 1.6459124088287354}
{"instance_id": "django__django-12453", "step_id": 7, "tool_start": 1767710870.6264741, "tool_end": 1767710870.6307921, "tool_time": 0.0043179988861083984}
{"instance_id": "django__django-12453", "step_id": 10, "llm_start": 1767710870.641794, "llm_first_chunk": 1767710870.9323456, "llm_end": 1767710872.1294854, "prefill_time": 0.29055166244506836, "decode_time": 1.1971397399902344, "llm_total_time": 1.4876914024353027}
{"instance_id": "django__django-12453", "step_id": 8, "tool_start": 1767710872.1402626, "tool_end": 1767710872.7598746, "tool_time": 0.6196119785308838}
{"instance_id": "django__django-12453", "step_id": 11, "llm_start": 1767710872.7687788, "llm_first_chunk": 1767710873.028558, "llm_end": 1767710874.4631417, "prefill_time": 0.2597792148590088, "decode_time": 1.4345836639404297, "llm_total_time": 1.6943628787994385}
{"instance_id": "django__django-12453", "step_id": 9, "tool_start": 1767710874.467397, "tool_end": 1767710874.471131, "tool_time": 0.003734111785888672}
{"instance_id": "django__django-12453", "step_id": 12, "llm_start": 1767710874.4796648, "llm_first_chunk": 1767710874.640858, "llm_end": 1767710876.4453597, "prefill_time": 0.1611931324005127, "decode_time": 1.8045017719268799, "llm_total_time": 1.9656949043273926}
{"instance_id": "django__django-12453", "step_id": 10, "tool_start": 1767710876.4849603, "tool_end": 1767710877.104655, "tool_time": 0.619694709777832}
{"instance_id": "django__django-12453", "step_id": 13, "llm_start": 1767710877.113579, "llm_first_chunk": 1767710877.2829976, "llm_end": 1767710878.5995994, "prefill_time": 0.1694185733795166, "decode_time": 1.3166017532348633, "llm_total_time": 1.4860203266143799}
{"instance_id": "django__django-12453", "step_id": 11, "tool_start": 1767710878.6024878, "tool_end": 1767710881.733731, "tool_time": 3.1312432289123535}
{"instance_id": "django__django-12453", "step_id": 14, "llm_start": 1767710881.7419283, "llm_first_chunk": 1767710881.9325342, "llm_end": 1767710883.4529443, "prefill_time": 0.19060587882995605, "decode_time": 1.5204100608825684, "llm_total_time": 1.7110159397125244}
{"instance_id": "django__django-12453", "step_id": 12, "tool_start": 1767710883.456136, "tool_end": 1767710883.4651244, "tool_time": 0.008988380432128906}
{"instance_id": "django__django-12453", "step_id": 15, "llm_start": 1767710883.4739552, "llm_first_chunk": 1767710883.752853, "llm_end": 1767710885.0391757, "prefill_time": 0.278897762298584, "decode_time": 1.286322832107544, "llm_total_time": 1.565220594406128}
{"instance_id": "django__django-12453", "step_id": 13, "tool_start": 1767710885.0434713, "tool_end": 1767710885.6615987, "tool_time": 0.6181273460388184}
{"instance_id": "django__django-12453", "step_id": 16, "llm_start": 1767710885.6740355, "llm_first_chunk": 1767710885.8347538, "llm_end": 1767710887.3381133, "prefill_time": 0.16071820259094238, "decode_time": 1.5033595561981201, "llm_total_time": 1.6640777587890625}
{"instance_id": "django__django-12453", "step_id": 17,