{"instance_id": "django__django-11742", "step_id": 0, "tool_start": 1767710016.8761845, "tool_end": 1767710017.5027847, "tool_time": 0.6266002655029297}
{"instance_id": "django__django-11742", "step_id": 0, "tool_start": 1767710017.503438, "tool_end": 1767710018.1207304, "tool_time": 0.6172924041748047}
{"instance_id": "django__django-11742", "step_id": 0, "tool_start": 1767710018.1213086, "tool_end": 1767710018.7385874, "tool_time": 0.6172788143157959}
{"instance_id": "django__django-11742", "step_id": 0, "tool_start": 1767710018.7475114, "tool_end": 1767710019.364912, "tool_time": 0.6174006462097168}
{"instance_id": "django__django-11742", "step_id": 0, "tool_start": 1767710019.365742, "tool_end": 1767710019.9832177, "tool_time": 0.6174757480621338}
{"instance_id": "django__django-11742", "step_id": 0, "tool_start": 1767710019.9840024, "tool_end": 1767710022.6110146, "tool_time": 2.627012252807617}
{"instance_id": "django__django-11742", "step_id": 0, "tool_start": 1767710022.6118112, "tool_end": 1767710023.2284393, "tool_time": 0.6166281700134277}
{"instance_id": "django__django-11742", "step_id": 0, "tool_start": 1767710023.2292528, "tool_end": 1767710023.8457687, "tool_time": 0.6165158748626709}
{"instance_id": "django__django-11742", "step_id": 0, "tool_start": 1767710023.846559, "tool_end": 1767710024.4650443, "tool_time": 0.6184852123260498}
{"instance_id": "django__django-11742", "step_id": 0, "tool_start": 1767710024.4658582, "tool_end": 1767710025.0824807, "tool_time": 0.6166224479675293}
{"instance_id": "django__django-11742", "env_prepare_start": 1767709008.3206267, "env_prepare_end": 1767710025.0838366, "env_prepare_time": 1016.7632098197937}
{"instance_id": "django__django-11742", "step_id": 1, "llm_start": 1767710025.117134, "llm_first_chunk": 1767710025.7883086, "llm_end": 1767710030.7436476, "prefill_time": 0.6711745262145996, "decode_time": 4.955338954925537, "llm_total_time": 5.626513481140137}
{"instance_id": "django__django-11742", "step_id": 2, "llm_start": 1767710030.7472363, "llm_first_chunk": 1767710030.9470599, "llm_end": 1767710037.903223, "prefill_time": 0.19982361793518066, "decode_time": 6.956163167953491, "llm_total_time": 7.155986785888672}
{"instance_id": "django__django-11742", "step_id": 1, "tool_start": 1767710037.9068868, "tool_end": 1767710037.9240704, "tool_time": 0.017183542251586914}
{"instance_id": "django__django-11742", "step_id": 3, "llm_start": 1767710037.9271894, "llm_first_chunk": 1767710038.327225, "llm_end": 1767710051.5593832, "prefill_time": 0.4000356197357178, "decode_time": 13.232158184051514, "llm_total_time": 13.632193803787231}
{"instance_id": "django__django-11742", "step_id": 2, "tool_start": 1767710051.5630891, "tool_end": 1767710051.5717568, "tool_time": 0.008667707443237305}
{"instance_id": "django__django-11742", "step_id": 4, "llm_start": 1767710051.575372, "llm_first_chunk": 1767710052.137777, "llm_end": 1767710055.591517, "prefill_time": 0.5624051094055176, "decode_time": 3.453739881515503, "llm_total_time": 4.0161449909210205}
{"instance_id": "django__django-11742", "step_id": 3, "tool_start": 1767710055.5943332, "tool_end": 1767710055.6017206, "tool_time": 0.007387399673461914}
{"instance_id": "django__django-11742", "step_id": 5, "llm_start": 1767710055.606657, "llm_first_chunk": 1767710055.799919, "llm_end": 1767710059.0788596, "prefill_time": 0.19326186180114746, "decode_time": 3.2789406776428223, "llm_total_time": 3.4722025394439697}
{"instance_id": "django__django-11742", "step_id": 4, "tool_start": 1767710059.0820353, "tool_end": 1767710059.097896, "tool_time": 0.015860795974731445}
{"instance_id": "django__django-11742", "step_id": 6, "llm_start": 1767710059.102337, "llm_first_chunk": 1767710059.6933908, "llm_end": 1767710064.570151, "prefill_time": 0.5910539627075195, "decode_time": 4.876760244369507, "llm_total_time": 5.467814207077026}
{"instance_id": "django__django-11742", "step_id": 5, "tool_start": 1767710064.5729122, "tool_end": 1767710065.193002, "tool_time": 0.6200897693634033}
{"instance_id": "django__django-11742", "step_id": 7, "llm_start": 1767710065.1987753, "llm_first_chunk": 1767710065.5085785, "llm_end": 1767710070.8625054, "prefill_time": 0.3098032474517822, "decode_time": 5.35392689704895, "llm_total_time": 5.663730144500732}
{"instance_id": "django__django-11742", "step_id": 6, "tool_start": 1767710070.8656516, "tool_end": 1767710071.4866648, "tool_time": 0.6210131645202637}
{"instance_id": "django__django-11742", "step_id": 8, "llm_start": 1767710071.492315, "llm_first_chunk": 1767710071.6920853, "llm_end": 1767710076.829715, "prefill_time": 0.19977021217346191, "decode_time": 5.137629747390747, "llm_total_time": 5.337399959564209}
{"instance_id": "django__django-11742", "step_id": 7, "tool_start": 1767710076.8322954, "tool_end": 1767710077.4518209, "tool_time": 0.6195254325866699}
{"instance_id": "django__django-11742", "step_id": 9, "llm_start": 1767710077.4575462, "llm_first_chunk": 1767710077.7141998, "llm_end": 1767710081.737915, "prefill_time": 0.2566535472869873, "decode_time": 4.023715257644653, "llm_total_time": 4.280368804931641}
{"instance_id": "django__django-11742", "step_id": 8, "tool_start": 1767710081.7417402, "tool_end": 1767710082.3618767, "tool_time": 0.6201364994049072}
{"instance_id": "django__django-11742", "step_id": 10, "llm_start": 1767710082.3687673, "llm_first_chunk": 1767710082.6809397, "llm_end": 1767710087.1866724, "prefill_time": 0.31217241287231445, "decode_time": 4.505732774734497, "llm_total_time": 4.8179051876068115}
{"instance_id": "django__django-11742", "step_id": 9, "tool_start": 1767710087.1891518, "tool_end": 1767710087.8082952, "tool_time": 0.6191434860229492}
{"instance_id": "django__django-11742", "step_id": 11, "llm_start": 1767710087.8155072, "llm_first_chunk": 1767710088.2721403, "llm_end": 1767710094.2993722, "prefill_time": 0.4566330909729004, "decode_time": 6.027231931686401, "llm_total_time": 6.483865022659302}
{"instance_id": "django__django-11742", "step_id": 10, "tool_start": 1767710094.3027773, "tool_end": 1767710094.9218187, "tool_time": 0.6190414428710938}
{"instance_id": "django__django-11742", "step_id": 12, "llm_start": 1767710094.9285989, "llm_first_chunk": 1767710095.2674944, "llm_end": 1767710100.2261863, "prefill_time": 0.3388955593109131, "decode_time": 4.958691835403442, "llm_total_time": 5.2975873947143555}
{"instance_id": "django__django-11742", "step_id": 11, "tool_start": 1767710100.229178, "tool_end": 1767710100.2376738, "tool_time": 0.008495807647705078}
{"instance_id": "django__django-11742", "step_id": 13, "llm_start": 1767710100.2444372, "llm_first_chunk": 1767710100.5352614, "llm_end": 1767710104.3269029, "prefill_time": 0.29082417488098145, "decode_time": 3.7916414737701416, "llm_total_time": 4.082465648651123}
{"instance_id": "django__django-11742", "step_id": 12, "tool_start": 1767710104.329833, "tool_end": 1767710104.3347335, "tool_time": 0.004900455474853516}
{"instance_id": "django__django-11742", "step_id": 14, "llm_start": 1767710104.3417463, "llm_first_chunk": 1767710104.606377, "llm_end": 1767710108.0951753, "prefill_time": 0.2646305561065674, "decode_time": 3.4887983798980713, "llm_total_time": 3.7534289360046387}
{"instance_id": "django__django-11742", "step_id": 13, "tool_start": 1767710108.0980244, "tool_end": 1767710108.715618, "tool_time": 0.61759352684021}
{"instance_id": "django__django-11742", "step_id": 15, "llm_start": 1767710108.726333, "llm_first_chunk": 1767710108.9973507, "llm_end": 1767710114.4960904, "prefill_time": 0.27101778984069824, "decode_time": 5.498739719390869, "llm_total_time": 5.769757509231567}
{"instance_id": "django__django-11742", "step_id": 14, "tool_start": 1767710114.498684, "tool_end": 1767710116.6248193, "tool_time": 2.1261353492736816}
{"instance_id": "django__django-11742", "step_id": 16, "llm_start": 1767710116.6330974, "llm_first_chunk": 1767710117.0437202, "llm_end": 1767710120.9280267, "prefill_time": 0.41062283515930176,