{"instance_id": "django__django-13757", "step_id": 0, "tool_start": 1767711476.1284747, "tool_end": 1767711476.74964, "tool_time": 0.6211652755737305}
{"instance_id": "django__django-13757", "step_id": 0, "tool_start": 1767711476.7510538, "tool_end": 1767711477.3695025, "tool_time": 0.6184487342834473}
{"instance_id": "django__django-13757", "step_id": 0, "tool_start": 1767711477.370183, "tool_end": 1767711477.9882576, "tool_time": 0.6180746555328369}
{"instance_id": "django__django-13757", "step_id": 0, "tool_start": 1767711477.9954565, "tool_end": 1767711478.6163576, "tool_time": 0.6209011077880859}
{"instance_id": "django__django-13757", "step_id": 0, "tool_start": 1767711478.6229172, "tool_end": 1767711479.241148, "tool_time": 0.6182308197021484}
{"instance_id": "django__django-13757", "step_id": 0, "tool_start": 1767711479.241885, "tool_end": 1767711481.3686507, "tool_time": 2.126765727996826}
{"instance_id": "django__django-13757", "step_id": 0, "tool_start": 1767711481.3692236, "tool_end": 1767711481.9882982, "tool_time": 0.6190745830535889}
{"instance_id": "django__django-13757", "step_id": 0, "tool_start": 1767711481.9888744, "tool_end": 1767711483.614097, "tool_time": 1.6252226829528809}
{"instance_id": "django__django-13757", "step_id": 0, "tool_start": 1767711483.6149879, "tool_end": 1767711484.2343264, "tool_time": 0.6193385124206543}
{"instance_id": "django__django-13757", "step_id": 0, "tool_start": 1767711484.2350154, "tool_end": 1767711484.854847, "tool_time": 0.6198315620422363}
{"instance_id": "django__django-13757", "env_prepare_start": 1767710843.791963, "env_prepare_end": 1767711484.8575351, "env_prepare_time": 641.0655720233917}
{"instance_id": "django__django-13757", "step_id": 1, "llm_start": 1767711484.9039943, "llm_first_chunk": 1767711485.225755, "llm_end": 1767711500.4187992, "prefill_time": 0.3217606544494629, "decode_time": 15.193044185638428, "llm_total_time": 15.51480484008789}
{"instance_id": "django__django-13757", "step_id": 2, "llm_start": 1767711500.4249918, "llm_first_chunk": 1767711500.5773582, "llm_end": 1767711501.923685, "prefill_time": 0.15236639976501465, "decode_time": 1.3463268280029297, "llm_total_time": 1.4986932277679443}
{"instance_id": "django__django-13757", "step_id": 3, "llm_start": 1767711501.9276135, "llm_first_chunk": 1767711502.1085408, "llm_end": 1767711504.9866333, "prefill_time": 0.18092727661132812, "decode_time": 2.8780925273895264, "llm_total_time": 3.0590198040008545}
{"instance_id": "django__django-13757", "step_id": 1, "tool_start": 1767711504.995752, "tool_end": 1767711505.0179098, "tool_time": 0.022157669067382812}
{"instance_id": "django__django-13757", "step_id": 4, "llm_start": 1767711505.021358, "llm_first_chunk": 1767711505.440347, "llm_end": 1767711508.893009, "prefill_time": 0.4189889430999756, "decode_time": 3.4526619911193848, "llm_total_time": 3.8716509342193604}
{"instance_id": "django__django-13757", "step_id": 2, "tool_start": 1767711508.9073644, "tool_end": 1767711508.9218755, "tool_time": 0.0145111083984375}
{"instance_id": "django__django-13757", "step_id": 5, "llm_start": 1767711508.9288661, "llm_first_chunk": 1767711509.48132, "llm_end": 1767711512.6929295, "prefill_time": 0.5524537563323975, "decode_time": 3.2116096019744873, "llm_total_time": 3.7640633583068848}
{"instance_id": "django__django-13757", "step_id": 3, "tool_start": 1767711512.6958387, "tool_end": 1767711513.314546, "tool_time": 0.6187074184417725}
{"instance_id": "django__django-13757", "step_id": 6, "llm_start": 1767711513.3206358, "llm_first_chunk": 1767711513.5799847, "llm_end": 1767711516.7853904, "prefill_time": 0.25934886932373047, "decode_time": 3.2054057121276855, "llm_total_time": 3.464754581451416}
{"instance_id": "django__django-13757", "step_id": 4, "tool_start": 1767711516.788371, "tool_end": 1767711516.7928522, "tool_time": 0.004481077194213867}
{"instance_id": "django__django-13757", "step_id": 7, "llm_start": 1767711516.7983754, "llm_first_chunk": 1767711517.0775285, "llm_end": 1767711520.6872976, "prefill_time": 0.27915310859680176, "decode_time": 3.609769105911255, "llm_total_time": 3.8889222145080566}
{"instance_id": "django__django-13757", "step_id": 5, "tool_start": 1767711520.6900918, "tool_end": 1767711520.6937885, "tool_time": 0.0036966800689697266}
{"instance_id": "django__django-13757", "step_id": 8, "llm_start": 1767711520.6987798, "llm_first_chunk": 1767711520.9916024, "llm_end": 1767711524.4636164, "prefill_time": 0.29282259941101074, "decode_time": 3.4720139503479004, "llm_total_time": 3.764836549758911}
{"instance_id": "django__django-13757", "step_id": 6, "tool_start": 1767711524.466747, "tool_end": 1767711527.5968432, "tool_time": 3.130096197128296}
{"instance_id": "django__django-13757", "step_id": 9, "llm_start": 1767711527.6085482, "llm_first_chunk": 1767711527.8203182, "llm_end": 1767711530.1266468, "prefill_time": 0.21177005767822266, "decode_time": 2.306328535079956, "llm_total_time": 2.5180985927581787}
{"instance_id": "django__django-13757", "step_id": 7, "tool_start": 1767711530.129515, "tool_end": 1767711530.1398594, "tool_time": 0.010344505310058594}
{"instance_id": "django__django-13757", "step_id": 10, "llm_start": 1767711530.1461823, "llm_first_chunk": 1767711530.6955152, "llm_end": 1767711533.8510334, "prefill_time": 0.549332857131958, "decode_time": 3.1555182933807373, "llm_total_time": 3.7048511505126953}
{"instance_id": "django__django-13757", "step_id": 8, "tool_start": 1767711533.8555884, "tool_end": 1767711534.4767141, "tool_time": 0.6211256980895996}
{"instance_id": "django__django-13757", "step_id": 11, "llm_start": 1767711534.4863384, "llm_first_chunk": 1767711534.7820675, "llm_end": 1767711538.026163, "prefill_time": 0.2957291603088379, "decode_time": 3.24409556388855, "llm_total_time": 3.5398247241973877}
{"instance_id": "django__django-13757", "step_id": 9, "tool_start": 1767711538.032001, "tool_end": 1767711538.65521, "tool_time": 0.6232089996337891}
{"instance_id": "django__django-13757", "step_id": 12, "llm_start": 1767711538.6644976, "llm_first_chunk": 1767711538.9373443, "llm_end": 1767711542.6135411, "prefill_time": 0.27284669876098633, "decode_time": 3.676196813583374, "llm_total_time": 3.9490435123443604}
{"instance_id": "django__django-13757", "step_id": 10, "tool_start": 1767711542.6164298, "tool_end": 1767711545.7486215, "tool_time": 3.1321916580200195}
{"instance_id": "django__django-13757", "step_id": 13, "llm_start": 1767711545.770721, "llm_first_chunk": 1767711546.0164456, "llm_end": 1767711549.2245896, "prefill_time": 0.24572467803955078, "decode_time": 3.208143949508667, "llm_total_time": 3.4538686275482178}
{"instance_id": "django__django-13757", "step_id": 11, "tool_start": 1767711549.2285254, "tool_end": 1767711549.2347367, "tool_time": 0.006211280822753906}
{"instance_id": "django__django-13757", "step_id": 14, "llm_start": 1767711549.243989, "llm_first_chunk": 1767711549.5567057, "llm_end": 1767711552.6936228, "prefill_time": 0.3127167224884033, "decode_time": 3.1369171142578125, "llm_total_time": 3.449633836746216}
{"instance_id": "django__django-13757", "step_id": 12, "tool_start": 1767711552.6963542, "tool_end": 1767711553.315212, "tool_time": 0.6188578605651855}
{"instance_id": "django__django-13757", "step_id": 15, "llm_start": 1767711553.323913, "llm_first_chunk": 1767711553.6007664, "llm_end": 1767711565.1237154, "prefill_time": 0.2768533229827881, "decode_time": 11.522948980331421, "llm_total_time": 11.799802303314209}
{"instance_id": "django__django-13757", "step_id": 16, "llm_start": 1767711565.1340559, "llm_first_chunk": 1767711565.3703341, "llm_end": 1767711573.10149, "prefill_time": 0.23627829551696777, "decode_time": 7.731155872344971, "llm_total_time": 7.9674341678619385}
{"instance_id": "django__django-13757", "step_id": 17, "llm_start": 1767711573.116336, "llm_first_chunk": 1767711573.319899, "llm_end": 1767711613.977181, "prefill_time": 0.20356297492980957, "decode_time": 40.65728187561035,