{"instance_id": "django__django-14672", "step_id": 0, "tool_start": 1767712088.5130694, "tool_end": 1767712089.1400497, "tool_time": 0.6269803047180176}
{"instance_id": "django__django-14672", "step_id": 0, "tool_start": 1767712089.1408083, "tool_end": 1767712089.7603977, "tool_time": 0.6195893287658691}
{"instance_id": "django__django-14672", "step_id": 0, "tool_start": 1767712089.761038, "tool_end": 1767712090.3781438, "tool_time": 0.6171057224273682}
{"instance_id": "django__django-14672", "step_id": 0, "tool_start": 1767712090.38485, "tool_end": 1767712091.003818, "tool_time": 0.6189680099487305}
{"instance_id": "django__django-14672", "step_id": 0, "tool_start": 1767712091.0060127, "tool_end": 1767712091.6264071, "tool_time": 0.6203944683074951}
{"instance_id": "django__django-14672", "step_id": 0, "tool_start": 1767712091.626985, "tool_end": 1767712092.746421, "tool_time": 1.1194360256195068}
{"instance_id": "django__django-14672", "step_id": 0, "tool_start": 1767712092.7469993, "tool_end": 1767712093.3646073, "tool_time": 0.6176080703735352}
{"instance_id": "django__django-14672", "step_id": 0, "tool_start": 1767712093.365191, "tool_end": 1767712094.485537, "tool_time": 1.1203460693359375}
{"instance_id": "django__django-14672", "step_id": 0, "tool_start": 1767712094.486508, "tool_end": 1767712095.1050348, "tool_time": 0.6185269355773926}
{"instance_id": "django__django-14672", "step_id": 0, "tool_start": 1767712095.1059966, "tool_end": 1767712095.7246792, "tool_time": 0.6186826229095459}
{"instance_id": "django__django-14672", "env_prepare_start": 1767711677.7291899, "env_prepare_end": 1767712095.725483, "env_prepare_time": 417.99629306793213}
{"instance_id": "django__django-14672", "step_id": 1, "llm_start": 1767712095.7709138, "llm_first_chunk": 1767712096.1795192, "llm_end": 1767712099.9704154, "prefill_time": 0.40860533714294434, "decode_time": 3.79089617729187, "llm_total_time": 4.1995015144348145}
{"instance_id": "django__django-14672", "step_id": 2, "llm_start": 1767712099.973138, "llm_first_chunk": 1767712100.1398861, "llm_end": 1767712109.701276, "prefill_time": 0.166748046875, "decode_time": 9.561389923095703, "llm_total_time": 9.728137969970703}
{"instance_id": "django__django-14672", "step_id": 3, "llm_start": 1767712109.7101924, "llm_first_chunk": 1767712109.8780792, "llm_end": 1767712111.1161141, "prefill_time": 0.16788673400878906, "decode_time": 1.238034963607788, "llm_total_time": 1.4059216976165771}
{"instance_id": "django__django-14672", "step_id": 1, "tool_start": 1767712111.1199095, "tool_end": 1767712111.137595, "tool_time": 0.017685413360595703}
{"instance_id": "django__django-14672", "step_id": 4, "llm_start": 1767712111.144548, "llm_first_chunk": 1767712111.4323857, "llm_end": 1767712113.0133185, "prefill_time": 0.2878377437591553, "decode_time": 1.580932855606079, "llm_total_time": 1.8687705993652344}
{"instance_id": "django__django-14672", "step_id": 2, "tool_start": 1767712113.0158174, "tool_end": 1767712113.0270512, "tool_time": 0.011233806610107422}
{"instance_id": "django__django-14672", "step_id": 5, "llm_start": 1767712113.031966, "llm_first_chunk": 1767712113.4619677, "llm_end": 1767712115.1858978, "prefill_time": 0.43000173568725586, "decode_time": 1.7239301204681396, "llm_total_time": 2.1539318561553955}
{"instance_id": "django__django-14672", "step_id": 3, "tool_start": 1767712115.243707, "tool_end": 1767712115.2520437, "tool_time": 0.008336782455444336}
{"instance_id": "django__django-14672", "step_id": 6, "llm_start": 1767712115.256096, "llm_first_chunk": 1767712115.5094929, "llm_end": 1767712117.3441434, "prefill_time": 0.25339698791503906, "decode_time": 1.8346505165100098, "llm_total_time": 2.088047504425049}
{"instance_id": "django__django-14672", "step_id": 4, "tool_start": 1767712117.3469524, "tool_end": 1767712117.3541698, "tool_time": 0.0072174072265625}
{"instance_id": "django__django-14672", "step_id": 7, "llm_start": 1767712117.359027, "llm_first_chunk": 1767712117.6362455, "llm_end": 1767712119.6715348, "prefill_time": 0.2772185802459717, "decode_time": 2.0352892875671387, "llm_total_time": 2.3125078678131104}
{"instance_id": "django__django-14672", "step_id": 5, "tool_start": 1767712119.674603, "tool_end": 1767712119.6924937, "tool_time": 0.01789069175720215}
{"instance_id": "django__django-14672", "step_id": 8, "llm_start": 1767712119.6987302, "llm_first_chunk": 1767712120.2504835, "llm_end": 1767712123.0914006, "prefill_time": 0.5517532825469971, "decode_time": 2.8409171104431152, "llm_total_time": 3.3926703929901123}
{"instance_id": "django__django-14672", "step_id": 6, "tool_start": 1767712123.1033537, "tool_end": 1767712129.2521443, "tool_time": 6.148790597915649}
{"instance_id": "django__django-14672", "step_id": 9, "llm_start": 1767712129.2592819, "llm_first_chunk": 1767712129.4742386, "llm_end": 1767712131.4399204, "prefill_time": 0.21495676040649414, "decode_time": 1.965681791305542, "llm_total_time": 2.180638551712036}
{"instance_id": "django__django-14672", "step_id": 7, "tool_start": 1767712131.443654, "tool_end": 1767712131.447998, "tool_time": 0.004343986511230469}
{"instance_id": "django__django-14672", "step_id": 10, "llm_start": 1767712131.454369, "llm_first_chunk": 1767712131.6533287, "llm_end": 1767712133.9803722, "prefill_time": 0.1989595890045166, "decode_time": 2.3270435333251953, "llm_total_time": 2.526003122329712}
{"instance_id": "django__django-14672", "step_id": 8, "tool_start": 1767712133.9857764, "tool_end": 1767712133.9906645, "tool_time": 0.004888057708740234}
{"instance_id": "django__django-14672", "step_id": 11, "llm_start": 1767712134.0026722, "llm_first_chunk": 1767712134.2945216, "llm_end": 1767712155.3584707, "prefill_time": 0.29184937477111816, "decode_time": 21.06394910812378, "llm_total_time": 21.355798482894897}
{"instance_id": "django__django-14672", "step_id": 9, "tool_start": 1767712155.3626795, "tool_end": 1767712155.367245, "tool_time": 0.00456547737121582}
{"instance_id": "django__django-14672", "step_id": 12, "llm_start": 1767712155.3749921, "llm_first_chunk": 1767712155.5568619, "llm_end": 1767712157.3256884, "prefill_time": 0.1818697452545166, "decode_time": 1.7688264846801758, "llm_total_time": 1.9506962299346924}
{"instance_id": "django__django-14672", "step_id": 10, "tool_start": 1767712157.3304107, "tool_end": 1767712158.4568186, "tool_time": 1.1264078617095947}
{"instance_id": "django__django-14672", "step_id": 13, "llm_start": 1767712158.4759493, "llm_first_chunk": 1767712158.6706161, "llm_end": 1767712162.6583457, "prefill_time": 0.19466686248779297, "decode_time": 3.987729549407959, "llm_total_time": 4.182396411895752}
{"instance_id": "django__django-14672", "step_id": 11, "tool_start": 1767712162.6619103, "tool_end": 1767712162.688401, "tool_time": 0.02649068832397461}
{"instance_id": "django__django-14672", "step_id": 14, "llm_start": 1767712162.6996393, "llm_first_chunk": 1767712162.899655, "llm_end": 1767712179.5765953, "prefill_time": 0.20001578330993652, "decode_time": 16.676940202713013, "llm_total_time": 16.87695598602295}
{"instance_id": "django__django-14672", "step_id": 12, "tool_start": 1767712179.580593, "tool_end": 1767712179.6152003, "tool_time": 0.0346071720123291}
{"instance_id": "django__django-14672", "step_id": 15, "llm_start": 1767712179.6247947, "llm_first_chunk": 1767712179.9170048, "llm_end": 1767712192.8440151, "prefill_time": 0.29221010208129883, "decode_time": 12.927010297775269, "llm_total_time": 13.219220399856567}
{"instance_id": "django__django-14672", "step_id": 13, "tool_start": 1767712192.8485003, "tool_end": 1767712192.8683233, "tool_time": 0.019823074340820312}
{"instance_id": "django__django-14672", "step_id": 16, "llm_start": 1767712192.8791096, "llm_first_chunk": 1767712193.1164434, "llm_end": 1767712208.2365513, "prefill_time": 0.2373337745666504, "decode_time": 15.120107889175415, "llm_total_time": 15.357441663742065}
{"instance_id": "django__django-14672", "step_id": 14,