{"instance_id": "django__django-12184", "step_id": 0, "tool_start": 1767709993.831364, "tool_end": 1767709994.494385, "tool_time": 0.6630210876464844}
{"instance_id": "django__django-12184", "step_id": 0, "tool_start": 1767709994.5011332, "tool_end": 1767709995.1342494, "tool_time": 0.6331162452697754}
{"instance_id": "django__django-12184", "step_id": 0, "tool_start": 1767709995.1348784, "tool_end": 1767709995.756005, "tool_time": 0.621126651763916}
{"instance_id": "django__django-12184", "step_id": 0, "tool_start": 1767709995.7665343, "tool_end": 1767709996.3874424, "tool_time": 0.6209080219268799}
{"instance_id": "django__django-12184", "step_id": 0, "tool_start": 1767709996.3885329, "tool_end": 1767709997.0115604, "tool_time": 0.6230275630950928}
{"instance_id": "django__django-12184", "step_id": 0, "tool_start": 1767709997.012326, "tool_end": 1767710000.1453469, "tool_time": 3.1330208778381348}
{"instance_id": "django__django-12184", "step_id": 0, "tool_start": 1767710000.146191, "tool_end": 1767710000.7649238, "tool_time": 0.6187329292297363}
{"instance_id": "django__django-12184", "step_id": 0, "tool_start": 1767710000.7657278, "tool_end": 1767710001.8942337, "tool_time": 1.1285059452056885}
{"instance_id": "django__django-12184", "step_id": 0, "tool_start": 1767710001.897043, "tool_end": 1767710002.525657, "tool_time": 0.6286139488220215}
{"instance_id": "django__django-12184", "step_id": 0, "tool_start": 1767710002.5374677, "tool_end": 1767710003.1594245, "tool_time": 0.6219568252563477}
{"instance_id": "django__django-12184", "env_prepare_start": 1767709008.3233738, "env_prepare_end": 1767710003.160648, "env_prepare_time": 994.837274312973}
{"instance_id": "django__django-12184", "step_id": 1, "llm_start": 1767710003.22398, "llm_first_chunk": 1767710003.7970483, "llm_end": 1767710006.081008, "prefill_time": 0.573068380355835, "decode_time": 2.2839596271514893, "llm_total_time": 2.857028007507324}
{"instance_id": "django__django-12184", "step_id": 2, "llm_start": 1767710006.0841095, "llm_first_chunk": 1767710006.2178307, "llm_end": 1767710009.8969638, "prefill_time": 0.13372111320495605, "decode_time": 3.679133176803589, "llm_total_time": 3.812854290008545}
{"instance_id": "django__django-12184", "step_id": 1, "tool_start": 1767710009.901808, "tool_end": 1767710009.9203413, "tool_time": 0.01853322982788086}
{"instance_id": "django__django-12184", "step_id": 3, "llm_start": 1767710009.9235692, "llm_first_chunk": 1767710010.3028576, "llm_end": 1767710027.2155676, "prefill_time": 0.3792884349822998, "decode_time": 16.912709951400757, "llm_total_time": 17.291998386383057}
{"instance_id": "django__django-12184", "step_id": 2, "tool_start": 1767710027.218917, "tool_end": 1767710027.227926, "tool_time": 0.009009122848510742}
{"instance_id": "django__django-12184", "step_id": 4, "llm_start": 1767710027.2322135, "llm_first_chunk": 1767710027.6731026, "llm_end": 1767710030.2435176, "prefill_time": 0.4408891201019287, "decode_time": 2.5704150199890137, "llm_total_time": 3.0113041400909424}
{"instance_id": "django__django-12184", "step_id": 3, "tool_start": 1767710030.2462099, "tool_end": 1767710030.253276, "tool_time": 0.007066249847412109}
{"instance_id": "django__django-12184", "step_id": 5, "llm_start": 1767710030.2571507, "llm_first_chunk": 1767710030.55242, "llm_end": 1767710033.6131225, "prefill_time": 0.295269250869751, "decode_time": 3.0607025623321533, "llm_total_time": 3.3559718132019043}
{"instance_id": "django__django-12184", "step_id": 4, "tool_start": 1767710033.6153183, "tool_end": 1767710033.6250288, "tool_time": 0.009710550308227539}
{"instance_id": "django__django-12184", "step_id": 6, "llm_start": 1767710033.6293468, "llm_first_chunk": 1767710034.3920653, "llm_end": 1767710041.4914777, "prefill_time": 0.7627184391021729, "decode_time": 7.099412441253662, "llm_total_time": 7.862130880355835}
{"instance_id": "django__django-12184", "step_id": 5, "tool_start": 1767710041.4939988, "tool_end": 1767710041.501151, "tool_time": 0.0071523189544677734}
{"instance_id": "django__django-12184", "step_id": 7, "llm_start": 1767710041.5061274, "llm_first_chunk": 1767710042.1310487, "llm_end": 1767710046.1638658, "prefill_time": 0.6249213218688965, "decode_time": 4.032817125320435, "llm_total_time": 4.657738447189331}
{"instance_id": "django__django-12184", "step_id": 6, "tool_start": 1767710046.1670558, "tool_end": 1767710046.7849264, "tool_time": 0.617870569229126}
{"instance_id": "django__django-12184", "step_id": 8, "llm_start": 1767710046.7904437, "llm_first_chunk": 1767710047.470546, "llm_end": 1767710050.9506733, "prefill_time": 0.6801023483276367, "decode_time": 3.4801273345947266, "llm_total_time": 4.160229682922363}
{"instance_id": "django__django-12184", "step_id": 7, "tool_start": 1767710050.9533455, "tool_end": 1767710050.9569902, "tool_time": 0.003644704818725586}
{"instance_id": "django__django-12184", "step_id": 9, "llm_start": 1767710050.9622753, "llm_first_chunk": 1767710051.5063426, "llm_end": 1767710056.9501867, "prefill_time": 0.5440673828125, "decode_time": 5.4438440799713135, "llm_total_time": 5.9879114627838135}
{"instance_id": "django__django-12184", "step_id": 8, "tool_start": 1767710056.9547756, "tool_end": 1767710056.960475, "tool_time": 0.0056993961334228516}
{"instance_id": "django__django-12184", "step_id": 10, "llm_start": 1767710056.9696326, "llm_first_chunk": 1767710057.920629, "llm_end": 1767710095.4735758, "prefill_time": 0.9509963989257812, "decode_time": 37.55294680595398, "llm_total_time": 38.50394320487976}
{"instance_id": "django__django-12184", "step_id": 9, "tool_start": 1767710095.476619, "tool_end": 1767710095.4810662, "tool_time": 0.004447221755981445}
{"instance_id": "django__django-12184", "step_id": 11, "llm_start": 1767710095.488445, "llm_first_chunk": 1767710095.7115393, "llm_end": 1767710098.4877627, "prefill_time": 0.22309422492980957, "decode_time": 2.7762234210968018, "llm_total_time": 2.9993176460266113}
{"instance_id": "django__django-12184", "step_id": 10, "tool_start": 1767710098.4911454, "tool_end": 1767710099.1095483, "tool_time": 0.6184029579162598}
{"instance_id": "django__django-12184", "step_id": 12, "llm_start": 1767710099.1165435, "llm_first_chunk": 1767710099.4098032, "llm_end": 1767710121.2610343, "prefill_time": 0.2932596206665039, "decode_time": 21.85123109817505, "llm_total_time": 22.144490718841553}
{"instance_id": "django__django-12184", "step_id": 11, "tool_start": 1767710121.2651086, "tool_end": 1767710121.2695618, "tool_time": 0.004453182220458984}
{"instance_id": "django__django-12184", "step_id": 13, "llm_start": 1767710121.2763147, "llm_first_chunk": 1767710121.525103, "llm_end": 1767710170.4657834, "prefill_time": 0.24878835678100586, "decode_time": 48.940680265426636, "llm_total_time": 49.18946862220764}
{"instance_id": "django__django-12184", "step_id": 12, "tool_start": 1767710170.4694233, "tool_end": 1767710170.497426, "tool_time": 0.02800273895263672}
{"instance_id": "django__django-12184", "step_id": 14, "llm_start": 1767710170.506586, "llm_first_chunk": 1767710170.8115513, "llm_end": 1767710173.2446342, "prefill_time": 0.3049652576446533, "decode_time": 2.4330828189849854, "llm_total_time": 2.7380480766296387}
{"instance_id": "django__django-12184", "step_id": 13, "tool_start": 1767710173.2485297, "tool_end": 1767710173.8689044, "tool_time": 0.6203746795654297}
{"instance_id": "django__django-12184", "step_id": 15, "llm_start": 1767710173.8824239, "llm_first_chunk": 1767710174.1570776, "llm_end": 1767710189.3529062, "prefill_time": 0.27465367317199707, "decode_time": 15.195828676223755, "llm_total_time": 15.470482349395752}
{"instance_id": "django__django-12184", "step_id": 14, "tool_start": 1767710189.3559995, "tool_end": 1767710189.3682926, "tool_time": 0.012293100357055664}
{"instance_id": "django__django-12184", "step_id": 16, "llm_start": 1767710189.376513, "llm_first_chunk": 1767710189.620058, "llm_end": 1767710192.0957918,