{"instance_id": "django__django-15061", "step_id": 0, "tool_start": 1767712516.028987, "tool_end": 1767712516.6481774, "tool_time": 0.6191904544830322}
{"instance_id": "django__django-15061", "step_id": 0, "tool_start": 1767712516.6939728, "tool_end": 1767712517.315855, "tool_time": 0.6218822002410889}
{"instance_id": "django__django-15061", "step_id": 0, "tool_start": 1767712517.3175368, "tool_end": 1767712517.9398665, "tool_time": 0.6223297119140625}
{"instance_id": "django__django-15061", "step_id": 0, "tool_start": 1767712517.951468, "tool_end": 1767712518.568647, "tool_time": 0.6171789169311523}
{"instance_id": "django__django-15061", "step_id": 0, "tool_start": 1767712518.5694754, "tool_end": 1767712519.1867304, "tool_time": 0.6172549724578857}
{"instance_id": "django__django-15061", "step_id": 0, "tool_start": 1767712519.272007, "tool_end": 1767712520.8947875, "tool_time": 1.6227805614471436}
{"instance_id": "django__django-15061", "step_id": 0, "tool_start": 1767712520.8953798, "tool_end": 1767712521.5147195, "tool_time": 0.6193397045135498}
{"instance_id": "django__django-15061", "step_id": 0, "tool_start": 1767712521.5152867, "tool_end": 1767712523.1392834, "tool_time": 1.6239967346191406}
{"instance_id": "django__django-15061", "step_id": 0, "tool_start": 1767712523.139998, "tool_end": 1767712523.7580993, "tool_time": 0.6181013584136963}
{"instance_id": "django__django-15061", "step_id": 0, "tool_start": 1767712523.7592046, "tool_end": 1767712524.375628, "tool_time": 0.6164233684539795}
{"instance_id": "django__django-15061", "env_prepare_start": 1767711846.3029885, "env_prepare_end": 1767712524.376892, "env_prepare_time": 678.0739035606384}
{"instance_id": "django__django-15061", "step_id": 1, "llm_start": 1767712524.4202797, "llm_first_chunk": 1767712524.647968, "llm_end": 1767712528.1143742, "prefill_time": 0.22768831253051758, "decode_time": 3.4664061069488525, "llm_total_time": 3.69409441947937}
{"instance_id": "django__django-15061", "step_id": 2, "llm_start": 1767712528.1168926, "llm_first_chunk": 1767712528.5885227, "llm_end": 1767712532.4979446, "prefill_time": 0.4716300964355469, "decode_time": 3.909421920776367, "llm_total_time": 4.381052017211914}
{"instance_id": "django__django-15061", "step_id": 1, "tool_start": 1767712532.50042, "tool_end": 1767712532.5163755, "tool_time": 0.015955448150634766}
{"instance_id": "django__django-15061", "step_id": 3, "llm_start": 1767712532.5194616, "llm_first_chunk": 1767712533.066426, "llm_end": 1767712542.3755753, "prefill_time": 0.5469644069671631, "decode_time": 9.309149265289307, "llm_total_time": 9.85611367225647}
{"instance_id": "django__django-15061", "step_id": 2, "tool_start": 1767712542.3788037, "tool_end": 1767712542.3870454, "tool_time": 0.008241653442382812}
{"instance_id": "django__django-15061", "step_id": 4, "llm_start": 1767712542.3916237, "llm_first_chunk": 1767712542.5803196, "llm_end": 1767712545.2434402, "prefill_time": 0.18869590759277344, "decode_time": 2.6631205081939697, "llm_total_time": 2.851816415786743}
{"instance_id": "django__django-15061", "step_id": 3, "tool_start": 1767712545.247798, "tool_end": 1767712545.2561493, "tool_time": 0.008351325988769531}
{"instance_id": "django__django-15061", "step_id": 5, "llm_start": 1767712545.2607749, "llm_first_chunk": 1767712545.8951738, "llm_end": 1767712548.5547514, "prefill_time": 0.6343989372253418, "decode_time": 2.6595776081085205, "llm_total_time": 3.2939765453338623}
{"instance_id": "django__django-15061", "step_id": 4, "tool_start": 1767712548.5577626, "tool_end": 1767712549.178184, "tool_time": 0.6204214096069336}
{"instance_id": "django__django-15061", "step_id": 6, "llm_start": 1767712549.1826234, "llm_first_chunk": 1767712549.5866568, "llm_end": 1767712551.5194538, "prefill_time": 0.4040334224700928, "decode_time": 1.9327969551086426, "llm_total_time": 2.3368303775787354}
{"instance_id": "django__django-15061", "step_id": 5, "tool_start": 1767712551.5225432, "tool_end": 1767712552.1419895, "tool_time": 0.6194462776184082}
{"instance_id": "django__django-15061", "step_id": 7, "llm_start": 1767712552.1485286, "llm_first_chunk": 1767712552.4076345, "llm_end": 1767712555.298037, "prefill_time": 0.259105920791626, "decode_time": 2.8904025554656982, "llm_total_time": 3.149508476257324}
{"instance_id": "django__django-15061", "step_id": 6, "tool_start": 1767712555.3012521, "tool_end": 1767712555.3058174, "tool_time": 0.004565238952636719}
{"instance_id": "django__django-15061", "step_id": 8, "llm_start": 1767712555.312994, "llm_first_chunk": 1767712555.6435091, "llm_end": 1767712558.714911, "prefill_time": 0.33051514625549316, "decode_time": 3.071401834487915, "llm_total_time": 3.401916980743408}
{"instance_id": "django__django-15061", "step_id": 7, "tool_start": 1767712558.7798462, "tool_end": 1767712559.400654, "tool_time": 0.6208078861236572}
{"instance_id": "django__django-15061", "step_id": 9, "llm_start": 1767712559.4063706, "llm_first_chunk": 1767712559.8610375, "llm_end": 1767712562.7925203, "prefill_time": 0.4546668529510498, "decode_time": 2.9314827919006348, "llm_total_time": 3.3861496448516846}
{"instance_id": "django__django-15061", "step_id": 8, "tool_start": 1767712562.795055, "tool_end": 1767712562.799733, "tool_time": 0.004678010940551758}
{"instance_id": "django__django-15061", "step_id": 10, "llm_start": 1767712562.8053725, "llm_first_chunk": 1767712563.0007246, "llm_end": 1767712565.8858304, "prefill_time": 0.19535207748413086, "decode_time": 2.885105848312378, "llm_total_time": 3.080457925796509}
{"instance_id": "django__django-15061", "step_id": 9, "tool_start": 1767712565.8882926, "tool_end": 1767712565.893032, "tool_time": 0.004739522933959961}
{"instance_id": "django__django-15061", "step_id": 11, "llm_start": 1767712565.9008904, "llm_first_chunk": 1767712566.098379, "llm_end": 1767712569.3164556, "prefill_time": 0.19748854637145996, "decode_time": 3.218076705932617, "llm_total_time": 3.415565252304077}
{"instance_id": "django__django-15061", "step_id": 10, "tool_start": 1767712569.3227239, "tool_end": 1767712569.3291802, "tool_time": 0.0064563751220703125}
{"instance_id": "django__django-15061", "step_id": 12, "llm_start": 1767712569.3393252, "llm_first_chunk": 1767712569.5882754, "llm_end": 1767712578.743422, "prefill_time": 0.24895024299621582, "decode_time": 9.155146598815918, "llm_total_time": 9.404096841812134}
{"instance_id": "django__django-15061", "step_id": 11, "tool_start": 1767712578.749227, "tool_end": 1767712578.753795, "tool_time": 0.004567861557006836}
{"instance_id": "django__django-15061", "step_id": 13, "llm_start": 1767712578.7645385, "llm_first_chunk": 1767712578.994022, "llm_end": 1767712581.7134495, "prefill_time": 0.22948336601257324, "decode_time": 2.7194275856018066, "llm_total_time": 2.94891095161438}
{"instance_id": "django__django-15061", "step_id": 12, "tool_start": 1767712581.7173126, "tool_end": 1767712582.3402627, "tool_time": 0.6229500770568848}
{"instance_id": "django__django-15061", "step_id": 14, "llm_start": 1767712582.3520408, "llm_first_chunk": 1767712582.5604646, "llm_end": 1767712585.9963872, "prefill_time": 0.20842385292053223, "decode_time": 3.435922622680664, "llm_total_time": 3.6443464756011963}
{"instance_id": "django__django-15061", "step_id": 13, "tool_start": 1767712585.9994695, "tool_end": 1767712588.6307955, "tool_time": 2.6313259601593018}
{"instance_id": "django__django-15061", "step_id": 15, "llm_start": 1767712588.6409605, "llm_first_chunk": 1767712588.867597, "llm_end": 1767712591.280432, "prefill_time": 0.22663664817810059, "decode_time": 2.412834882736206, "llm_total_time": 2.6394715309143066}
{"instance_id": "django__django-15061", "step_id": 14, "tool_start": 1767712591.283477, "tool_end": 1767712591.290176, "tool_time": 0.0066988468170166016}
{"instance_id": "django__django-15061", "step_id": 16, "llm_start": 1767712591.3001897, "llm_first_chunk": 1767712591.7512753, "llm_end": 1767712594.8104708,