{"instance_id": "pytest-dev__pytest-9359", "step_id": 0, "tool_start": 1767716120.4435966, "tool_end": 1767716121.0646038, "tool_time": 0.6210072040557861}
{"instance_id": "pytest-dev__pytest-9359", "step_id": 0, "tool_start": 1767716121.0652993, "tool_end": 1767716121.6854098, "tool_time": 0.6201105117797852}
{"instance_id": "pytest-dev__pytest-9359", "step_id": 0, "tool_start": 1767716121.6863258, "tool_end": 1767716122.3037758, "tool_time": 0.6174499988555908}
{"instance_id": "pytest-dev__pytest-9359", "step_id": 0, "tool_start": 1767716122.310203, "tool_end": 1767716122.9283154, "tool_time": 0.618112325668335}
{"instance_id": "pytest-dev__pytest-9359", "step_id": 0, "tool_start": 1767716122.9293883, "tool_end": 1767716123.545803, "tool_time": 0.6164147853851318}
{"instance_id": "pytest-dev__pytest-9359", "step_id": 0, "tool_start": 1767716123.546363, "tool_end": 1767716124.163551, "tool_time": 0.6171879768371582}
{"instance_id": "pytest-dev__pytest-9359", "step_id": 0, "tool_start": 1767716124.1641076, "tool_end": 1767716124.7801175, "tool_time": 0.6160099506378174}
{"instance_id": "pytest-dev__pytest-9359", "step_id": 0, "tool_start": 1767716124.7807863, "tool_end": 1767716125.397738, "tool_time": 0.6169517040252686}
{"instance_id": "pytest-dev__pytest-9359", "step_id": 0, "tool_start": 1767716125.3983374, "tool_end": 1767716126.015797, "tool_time": 0.6174595355987549}
{"instance_id": "pytest-dev__pytest-9359", "step_id": 0, "tool_start": 1767716126.0163321, "tool_end": 1767716126.6362386, "tool_time": 0.6199064254760742}
{"instance_id": "pytest-dev__pytest-9359", "env_prepare_start": 1767715377.3780956, "env_prepare_end": 1767716126.6380014, "env_prepare_time": 749.2599058151245}
{"instance_id": "pytest-dev__pytest-9359", "step_id": 1, "llm_start": 1767716126.6763248, "llm_first_chunk": 1767716127.000409, "llm_end": 1767716131.0249674, "prefill_time": 0.3240840435028076, "decode_time": 4.0245585441589355, "llm_total_time": 4.348642587661743}
{"instance_id": "pytest-dev__pytest-9359", "step_id": 2, "llm_start": 1767716131.027609, "llm_first_chunk": 1767716131.2219396, "llm_end": 1767716135.1887958, "prefill_time": 0.19433045387268066, "decode_time": 3.9668562412261963, "llm_total_time": 4.161186695098877}
{"instance_id": "pytest-dev__pytest-9359", "step_id": 1, "tool_start": 1767716135.1915972, "tool_end": 1767716135.8179584, "tool_time": 0.6263611316680908}
{"instance_id": "pytest-dev__pytest-9359", "step_id": 3, "llm_start": 1767716135.8218627, "llm_first_chunk": 1767716136.2931912, "llm_end": 1767716137.5968583, "prefill_time": 0.4713284969329834, "decode_time": 1.3036670684814453, "llm_total_time": 1.7749955654144287}
{"instance_id": "pytest-dev__pytest-9359", "step_id": 2, "tool_start": 1767716137.599482, "tool_end": 1767716138.22292, "tool_time": 0.6234378814697266}
{"instance_id": "pytest-dev__pytest-9359", "step_id": 4, "llm_start": 1767716138.227633, "llm_first_chunk": 1767716138.4734185, "llm_end": 1767716139.8015163, "prefill_time": 0.24578547477722168, "decode_time": 1.3280978202819824, "llm_total_time": 1.573883295059204}
{"instance_id": "pytest-dev__pytest-9359", "step_id": 3, "tool_start": 1767716139.8040187, "tool_end": 1767716140.4231005, "tool_time": 0.6190817356109619}
{"instance_id": "pytest-dev__pytest-9359", "step_id": 5, "llm_start": 1767716140.463818, "llm_first_chunk": 1767716140.7837863, "llm_end": 1767716160.4044719, "prefill_time": 0.31996822357177734, "decode_time": 19.620685577392578, "llm_total_time": 19.940653800964355}
{"instance_id": "pytest-dev__pytest-9359", "step_id": 4, "tool_start": 1767716160.4073231, "tool_end": 1767716161.02777, "tool_time": 0.6204469203948975}
{"instance_id": "pytest-dev__pytest-9359", "step_id": 6, "llm_start": 1767716161.0339968, "llm_first_chunk": 1767716161.29089, "llm_end": 1767716163.0702631, "prefill_time": 0.2568931579589844, "decode_time": 1.7793731689453125, "llm_total_time": 2.036266326904297}
{"instance_id": "pytest-dev__pytest-9359", "step_id": 5, "tool_start": 1767716163.0731213, "tool_end": 1767716163.6902494, "tool_time": 0.6171281337738037}
{"instance_id": "pytest-dev__pytest-9359", "step_id": 7, "llm_start": 1767716163.6998692, "llm_first_chunk": 1767716163.8921874, "llm_end": 1767716166.8799193, "prefill_time": 0.19231820106506348, "decode_time": 2.98773193359375, "llm_total_time": 3.1800501346588135}
{"instance_id": "pytest-dev__pytest-9359", "step_id": 6, "tool_start": 1767716166.882986, "tool_end": 1767716166.8984818, "tool_time": 0.015495777130126953}
{"instance_id": "pytest-dev__pytest-9359", "step_id": 8, "llm_start": 1767716166.904403, "llm_first_chunk": 1767716167.2926693, "llm_end": 1767716168.7179384, "prefill_time": 0.38826632499694824, "decode_time": 1.4252691268920898, "llm_total_time": 1.813535451889038}
{"instance_id": "pytest-dev__pytest-9359", "step_id": 7, "tool_start": 1767716168.720845, "tool_end": 1767716169.3432405, "tool_time": 0.6223955154418945}
{"instance_id": "pytest-dev__pytest-9359", "step_id": 9, "llm_start": 1767716169.3492723, "llm_first_chunk": 1767716169.52295, "llm_end": 1767716173.010179, "prefill_time": 0.17367768287658691, "decode_time": 3.487229108810425, "llm_total_time": 3.6609067916870117}
{"instance_id": "pytest-dev__pytest-9359", "step_id": 8, "tool_start": 1767716173.0134697, "tool_end": 1767716173.6333134, "tool_time": 0.6198437213897705}
{"instance_id": "pytest-dev__pytest-9359", "step_id": 10, "llm_start": 1767716173.6397228, "llm_first_chunk": 1767716174.0025158, "llm_end": 1767716176.6511729, "prefill_time": 0.36279296875, "decode_time": 2.6486570835113525, "llm_total_time": 3.0114500522613525}
{"instance_id": "pytest-dev__pytest-9359", "step_id": 9, "tool_start": 1767716176.6543462, "tool_end": 1767716177.2741117, "tool_time": 0.6197655200958252}
{"instance_id": "pytest-dev__pytest-9359", "step_id": 11, "llm_start": 1767716177.284545, "llm_first_chunk": 1767716177.4657946, "llm_end": 1767716180.1665306, "prefill_time": 0.18124961853027344, "decode_time": 2.7007360458374023, "llm_total_time": 2.881985664367676}
{"instance_id": "pytest-dev__pytest-9359", "step_id": 10, "tool_start": 1767716180.1708999, "tool_end": 1767716180.1805143, "tool_time": 0.00961446762084961}
{"instance_id": "pytest-dev__pytest-9359", "step_id": 12, "llm_start": 1767716180.1880746, "llm_first_chunk": 1767716180.5757217, "llm_end": 1767716183.8029478, "prefill_time": 0.3876471519470215, "decode_time": 3.2272260189056396, "llm_total_time": 3.614873170852661}
{"instance_id": "pytest-dev__pytest-9359", "step_id": 11, "tool_start": 1767716183.8064423, "tool_end": 1767716183.810871, "tool_time": 0.0044286251068115234}
{"instance_id": "pytest-dev__pytest-9359", "step_id": 13, "llm_start": 1767716183.8192062, "llm_first_chunk": 1767716184.1885102, "llm_end": 1767716187.0742157, "prefill_time": 0.36930394172668457, "decode_time": 2.8857054710388184, "llm_total_time": 3.255009412765503}
{"instance_id": "pytest-dev__pytest-9359", "step_id": 12, "tool_start": 1767716187.0771625, "tool_end": 1767716187.080977, "tool_time": 0.0038144588470458984}
{"instance_id": "pytest-dev__pytest-9359", "step_id": 14, "llm_start": 1767716187.0886402, "llm_first_chunk": 1767716187.482288, "llm_end": 1767716190.2991548, "prefill_time": 0.3936476707458496, "decode_time": 2.816866874694824, "llm_total_time": 3.210514545440674}
{"instance_id": "pytest-dev__pytest-9359", "step_id": 13, "tool_start": 1767716190.3025045, "tool_end": 1767716190.3065338, "tool_time": 0.004029273986816406}
{"instance_id": "pytest-dev__pytest-9359", "step_id": 15, "llm_start": 1767716190.3176756, "llm_first_chunk": 1767716190.6617382, "llm_end": 1767716193.3820333, "prefill_time": 0.34406256675720215, "decode_time": 2.7202951908111572, "llm_total_time": 3.0643577575683594}
{"instance_id": "pytest-dev__pytest-9359", "step_id": 14, "tool_start": 1767716193.3851094, "tool_end": 1767716193.3895147, "tool_time": 0.00440526008605957}
{"instance_id": "pytest-dev__pytest-9359", "step_id": 16,