{"instance_id": "scikit-learn__scikit-learn-10508", "step_id": 0, "tool_start": 1767716188.5363095, "tool_end": 1767716189.1561759, "tool_time": 0.6198663711547852}
{"instance_id": "scikit-learn__scikit-learn-10508", "step_id": 0, "tool_start": 1767716189.1576269, "tool_end": 1767716189.7760878, "tool_time": 0.6184608936309814}
{"instance_id": "scikit-learn__scikit-learn-10508", "step_id": 0, "tool_start": 1767716189.776655, "tool_end": 1767716190.396068, "tool_time": 0.6194131374359131}
{"instance_id": "scikit-learn__scikit-learn-10508", "step_id": 0, "tool_start": 1767716190.4025946, "tool_end": 1767716191.0198147, "tool_time": 0.6172201633453369}
{"instance_id": "scikit-learn__scikit-learn-10508", "step_id": 0, "tool_start": 1767716191.0205514, "tool_end": 1767716191.638026, "tool_time": 0.6174745559692383}
{"instance_id": "scikit-learn__scikit-learn-10508", "step_id": 0, "tool_start": 1767716191.638571, "tool_end": 1767716192.7586286, "tool_time": 1.1200575828552246}
{"instance_id": "scikit-learn__scikit-learn-10508", "step_id": 0, "tool_start": 1767716192.759234, "tool_end": 1767716193.3763192, "tool_time": 0.6170852184295654}
{"instance_id": "scikit-learn__scikit-learn-10508", "step_id": 0, "tool_start": 1767716193.3769436, "tool_end": 1767716193.9954755, "tool_time": 0.6185319423675537}
{"instance_id": "scikit-learn__scikit-learn-10508", "step_id": 0, "tool_start": 1767716193.9961336, "tool_end": 1767716194.6133847, "tool_time": 0.6172511577606201}
{"instance_id": "scikit-learn__scikit-learn-10508", "step_id": 0, "tool_start": 1767716194.6142542, "tool_end": 1767716195.232626, "tool_time": 0.6183717250823975}
{"instance_id": "scikit-learn__scikit-learn-10508", "env_prepare_start": 1767715439.0598063, "env_prepare_end": 1767716195.2338927, "env_prepare_time": 756.1740863323212}
{"instance_id": "scikit-learn__scikit-learn-10508", "step_id": 1, "llm_start": 1767716195.2718124, "llm_first_chunk": 1767716195.6489081, "llm_end": 1767716199.6890237, "prefill_time": 0.37709569931030273, "decode_time": 4.040115594863892, "llm_total_time": 4.417211294174194}
{"instance_id": "scikit-learn__scikit-learn-10508", "step_id": 2, "llm_start": 1767716199.6918275, "llm_first_chunk": 1767716199.861181, "llm_end": 1767716205.138362, "prefill_time": 0.16935348510742188, "decode_time": 5.277180910110474, "llm_total_time": 5.4465343952178955}
{"instance_id": "scikit-learn__scikit-learn-10508", "step_id": 1, "tool_start": 1767716205.14152, "tool_end": 1767716205.779095, "tool_time": 0.6375749111175537}
{"instance_id": "scikit-learn__scikit-learn-10508", "step_id": 3, "llm_start": 1767716205.7835393, "llm_first_chunk": 1767716206.0988786, "llm_end": 1767716208.945662, "prefill_time": 0.3153393268585205, "decode_time": 2.846783399581909, "llm_total_time": 3.1621227264404297}
{"instance_id": "scikit-learn__scikit-learn-10508", "step_id": 2, "tool_start": 1767716208.9479635, "tool_end": 1767716208.9634292, "tool_time": 0.015465736389160156}
{"instance_id": "scikit-learn__scikit-learn-10508", "step_id": 4, "llm_start": 1767716208.9672554, "llm_first_chunk": 1767716209.543654, "llm_end": 1767716213.2568915, "prefill_time": 0.5763986110687256, "decode_time": 3.7132375240325928, "llm_total_time": 4.289636135101318}
{"instance_id": "scikit-learn__scikit-learn-10508", "step_id": 3, "tool_start": 1767716213.2613218, "tool_end": 1767716213.267443, "tool_time": 0.006121158599853516}
{"instance_id": "scikit-learn__scikit-learn-10508", "step_id": 5, "llm_start": 1767716213.272736, "llm_first_chunk": 1767716213.5135276, "llm_end": 1767716217.763102, "prefill_time": 0.24079155921936035, "decode_time": 4.249574422836304, "llm_total_time": 4.490365982055664}
{"instance_id": "scikit-learn__scikit-learn-10508", "step_id": 4, "tool_start": 1767716217.765863, "tool_end": 1767716217.7727883, "tool_time": 0.006925344467163086}
{"instance_id": "scikit-learn__scikit-learn-10508", "step_id": 6, "llm_start": 1767716217.7778888, "llm_first_chunk": 1767716218.3409295, "llm_end": 1767716243.8252697, "prefill_time": 0.5630407333374023, "decode_time": 25.48434019088745, "llm_total_time": 26.047380924224854}
{"instance_id": "scikit-learn__scikit-learn-10508", "step_id": 5, "tool_start": 1767716243.82857, "tool_end": 1767716243.8341274, "tool_time": 0.005557537078857422}
{"instance_id": "scikit-learn__scikit-learn-10508", "step_id": 7, "llm_start": 1767716243.8410542, "llm_first_chunk": 1767716244.0705037, "llm_end": 1767716246.3946874, "prefill_time": 0.22944951057434082, "decode_time": 2.324183702468872, "llm_total_time": 2.553633213043213}
{"instance_id": "scikit-learn__scikit-learn-10508", "step_id": 6, "tool_start": 1767716246.40016, "tool_end": 1767716248.0267627, "tool_time": 1.6266026496887207}
{"instance_id": "scikit-learn__scikit-learn-10508", "step_id": 8, "llm_start": 1767716248.0339625, "llm_first_chunk": 1767716248.3125663, "llm_end": 1767716260.5736742, "prefill_time": 0.27860379219055176, "decode_time": 12.261107921600342, "llm_total_time": 12.539711713790894}
{"instance_id": "scikit-learn__scikit-learn-10508", "step_id": 9, "llm_start": 1767716260.5876226, "llm_first_chunk": 1767716260.9682388, "llm_end": 1767716264.2888587, "prefill_time": 0.3806161880493164, "decode_time": 3.320619821548462, "llm_total_time": 3.7012360095977783}
{"instance_id": "scikit-learn__scikit-learn-10508", "step_id": 7, "tool_start": 1767716264.2922635, "tool_end": 1767716264.9105165, "tool_time": 0.6182529926300049}
{"instance_id": "scikit-learn__scikit-learn-10508", "step_id": 10, "llm_start": 1767716264.9189045, "llm_first_chunk": 1767716265.3512633, "llm_end": 1767716268.1948307, "prefill_time": 0.4323587417602539, "decode_time": 2.843567371368408, "llm_total_time": 3.275926113128662}
{"instance_id": "scikit-learn__scikit-learn-10508", "step_id": 8, "tool_start": 1767716268.1982708, "tool_end": 1767716268.210753, "tool_time": 0.012482166290283203}
