{"instance_id": "pytest-dev__pytest-7432", "step_id": 0, "tool_start": 1767716114.4642856, "tool_end": 1767716115.0830584, "tool_time": 0.6187727451324463}
{"instance_id": "pytest-dev__pytest-7432", "step_id": 0, "tool_start": 1767716115.08367, "tool_end": 1767716115.702571, "tool_time": 0.6189010143280029}
{"instance_id": "pytest-dev__pytest-7432", "step_id": 0, "tool_start": 1767716115.703273, "tool_end": 1767716116.321576, "tool_time": 0.6183030605316162}
{"instance_id": "pytest-dev__pytest-7432", "step_id": 0, "tool_start": 1767716116.506782, "tool_end": 1767716117.124989, "tool_time": 0.6182069778442383}
{"instance_id": "pytest-dev__pytest-7432", "step_id": 0, "tool_start": 1767716117.1260786, "tool_end": 1767716117.7459376, "tool_time": 0.619858980178833}
{"instance_id": "pytest-dev__pytest-7432", "step_id": 0, "tool_start": 1767716117.7469943, "tool_end": 1767716118.870869, "tool_time": 1.1238746643066406}
{"instance_id": "pytest-dev__pytest-7432", "step_id": 0, "tool_start": 1767716118.871652, "tool_end": 1767716119.4900808, "tool_time": 0.6184289455413818}
{"instance_id": "pytest-dev__pytest-7432", "step_id": 0, "tool_start": 1767716119.490774, "tool_end": 1767716120.1126344, "tool_time": 0.6218605041503906}
{"instance_id": "pytest-dev__pytest-7432", "step_id": 0, "tool_start": 1767716120.1135168, "tool_end": 1767716120.7356367, "tool_time": 0.6221199035644531}
{"instance_id": "pytest-dev__pytest-7432", "step_id": 0, "tool_start": 1767716120.7373998, "tool_end": 1767716121.3603601, "tool_time": 0.6229603290557861}
{"instance_id": "pytest-dev__pytest-7432", "env_prepare_start": 1767715322.5696008, "env_prepare_end": 1767716121.3611317, "env_prepare_time": 798.7915308475494}
{"instance_id": "pytest-dev__pytest-7432", "step_id": 1, "llm_start": 1767716121.4987736, "llm_first_chunk": 1767716121.7908676, "llm_end": 1767716125.4579327, "prefill_time": 0.29209399223327637, "decode_time": 3.667065143585205, "llm_total_time": 3.9591591358184814}
{"instance_id": "pytest-dev__pytest-7432", "step_id": 2, "llm_start": 1767716125.4615061, "llm_first_chunk": 1767716125.6222527, "llm_end": 1767716130.0179093, "prefill_time": 0.16074657440185547, "decode_time": 4.395656585693359, "llm_total_time": 4.556403160095215}
{"instance_id": "pytest-dev__pytest-7432", "step_id": 1, "tool_start": 1767716130.0256689, "tool_end": 1767716130.0466087, "tool_time": 0.02093982696533203}
{"instance_id": "pytest-dev__pytest-7432", "step_id": 3, "llm_start": 1767716130.0500736, "llm_first_chunk": 1767716130.5625076, "llm_end": 1767716146.5782146, "prefill_time": 0.5124340057373047, "decode_time": 16.01570701599121, "llm_total_time": 16.528141021728516}
{"instance_id": "pytest-dev__pytest-7432", "step_id": 2, "tool_start": 1767716146.581744, "tool_end": 1767716146.5916271, "tool_time": 0.00988316535949707}
{"instance_id": "pytest-dev__pytest-7432", "step_id": 4, "llm_start": 1767716146.5958962, "llm_first_chunk": 1767716146.9629624, "llm_end": 1767716150.0952506, "prefill_time": 0.3670661449432373, "decode_time": 3.1322882175445557, "llm_total_time": 3.499354362487793}
{"instance_id": "pytest-dev__pytest-7432", "step_id": 3, "tool_start": 1767716150.0983143, "tool_end": 1767716150.105662, "tool_time": 0.007347822189331055}
{"instance_id": "pytest-dev__pytest-7432", "step_id": 5, "llm_start": 1767716150.1098547, "llm_first_chunk": 1767716150.547385, "llm_end": 1767716153.6182508, "prefill_time": 0.4375302791595459, "decode_time": 3.0708658695220947, "llm_total_time": 3.5083961486816406}
{"instance_id": "pytest-dev__pytest-7432", "step_id": 4, "tool_start": 1767716153.6210384, "tool_end": 1767716153.6395023, "tool_time": 0.018463850021362305}
{"instance_id": "pytest-dev__pytest-7432", "step_id": 6, "llm_start": 1767716153.6444902, "llm_first_chunk": 1767716154.000626, "llm_end": 1767716156.614161, "prefill_time": 0.35613584518432617, "decode_time": 2.613534927368164, "llm_total_time": 2.9696707725524902}
{"instance_id": "pytest-dev__pytest-7432", "step_id": 5, "tool_start": 1767716156.6173978, "tool_end": 1767716156.620842, "tool_time": 0.003444194793701172}
{"instance_id": "pytest-dev__pytest-7432", "step_id": 7, "llm_start": 1767716156.6262445, "llm_first_chunk": 1767716156.8337998, "llm_end": 1767716159.736791, "prefill_time": 0.20755529403686523, "decode_time": 2.9029910564422607, "llm_total_time": 3.110546350479126}
{"instance_id": "pytest-dev__pytest-7432", "step_id": 6, "tool_start": 1767716159.7410307, "tool_end": 1767716159.7538316, "tool_time": 0.012800931930541992}
{"instance_id": "pytest-dev__pytest-7432", "step_id": 8, "llm_start": 1767716159.7615356, "llm_first_chunk": 1767716160.104934, "llm_end": 1767716163.4134836, "prefill_time": 0.3433983325958252, "decode_time": 3.308549642562866, "llm_total_time": 3.6519479751586914}
{"instance_id": "pytest-dev__pytest-7432", "step_id": 7, "tool_start": 1767716163.4163928, "tool_end": 1767716164.0348608, "tool_time": 0.6184680461883545}
{"instance_id": "pytest-dev__pytest-7432", "step_id": 9, "llm_start": 1767716164.041183, "llm_first_chunk": 1767716164.48488, "llm_end": 1767716167.4096186, "prefill_time": 0.4436969757080078, "decode_time": 2.924738645553589, "llm_total_time": 3.3684356212615967}
{"instance_id": "pytest-dev__pytest-7432", "step_id": 8, "tool_start": 1767716167.4339554, "tool_end": 1767716170.5805802, "tool_time": 3.146624803543091}
{"instance_id": "pytest-dev__pytest-7432", "step_id": 10, "llm_start": 1767716170.5885038, "llm_first_chunk": 1767716170.936924, "llm_end": 1767716175.0164907, "prefill_time": 0.3484201431274414, "decode_time": 4.079566717147827, "llm_total_time": 4.4279868602752686}
{"instance_id": "pytest-dev__pytest-7432", "step_id": 9, "tool_start": 1767716175.0200949, "tool_end": 1767716175.640184, "tool_time": 0.620089054107666}
{"instance_id": "pytest-dev__pytest-7432", "step_id": 11, "llm_start": 1767716175.6500473, "llm_first_chunk": 1767716175.8531535, "llm_end": 1767716178.4498575, "prefill_time": 0.20310616493225098, "decode_time": 2.5967040061950684, "llm_total_time": 2.7998101711273193}
{"instance_id": "pytest-dev__pytest-7432", "step_id": 10, "tool_start": 1767716178.4553776, "tool_end": 1767716179.074737, "tool_time": 0.6193594932556152}
{"instance_id": "pytest-dev__pytest-7432", "step_id": 12, "llm_start": 1767716179.1549118, "llm_first_chunk": 1767716179.3901138, "llm_end": 1767716182.5913975, "prefill_time": 0.23520207405090332, "decode_time": 3.2012836933135986, "llm_total_time": 3.436485767364502}
{"instance_id": "pytest-dev__pytest-7432", "step_id": 11, "tool_start": 1767716182.5952065, "tool_end": 1767716182.6071825, "tool_time": 0.011976003646850586}
{"instance_id": "pytest-dev__pytest-7432", "step_id": 13, "llm_start": 1767716182.6170266, "llm_first_chunk": 1767716183.1476157, "llm_end": 1767716188.95862, "prefill_time": 0.5305891036987305, "decode_time": 5.811004400253296, "llm_total_time": 6.341593503952026}
{"instance_id": "pytest-dev__pytest-7432", "step_id": 12, "tool_start": 1767716188.9615138, "tool_end": 1767716188.9662097, "tool_time": 0.004695892333984375}
{"instance_id": "pytest-dev__pytest-7432", "step_id": 14, "llm_start": 1767716188.9741042, "llm_first_chunk": 1767716189.232784, "llm_end": 1767716192.2094402, "prefill_time": 0.2586798667907715, "decode_time": 2.976656198501587, "llm_total_time": 3.2353360652923584}
{"instance_id": "pytest-dev__pytest-7432", "step_id": 13, "tool_start": 1767716192.21358, "tool_end": 1767716192.832845, "tool_time": 0.619265079498291}
{"instance_id": "pytest-dev__pytest-7432", "step_id": 15, "llm_start": 1767716192.8420172, "llm_first_chunk": 1767716193.0952878, "llm_end": 1767716195.8326578, "prefill_time": 0.25327062606811523, "decode_time": 2.737370014190674, "llm_total_time": 2.990640640258789}
{"instance_id": "pytest-dev__pytest-7432", "step_id": 14, "tool_start": 1767716195.8361406, "tool_end": 1767716196.4563673, "tool_time": 0.6202266216278076}
{"instance_id": "pytest-dev__pytest-7432", "step_id": 16,