{"instance_id": "astropy__astropy-12907", "step_id": 0, "tool_start": 1767709981.894128, "tool_end": 1767709982.5167801, "tool_time": 0.6226520538330078}
{"instance_id": "astropy__astropy-12907", "step_id": 0, "tool_start": 1767709982.51746, "tool_end": 1767709983.1362233, "tool_time": 0.6187632083892822}
{"instance_id": "astropy__astropy-12907", "step_id": 0, "tool_start": 1767709983.1371331, "tool_end": 1767709983.75768, "tool_time": 0.620546817779541}
{"instance_id": "astropy__astropy-12907", "step_id": 0, "tool_start": 1767709983.8388631, "tool_end": 1767709984.4641016, "tool_time": 0.6252384185791016}
{"instance_id": "astropy__astropy-12907", "step_id": 0, "tool_start": 1767709984.4650664, "tool_end": 1767709985.0863287, "tool_time": 0.6212623119354248}
{"instance_id": "astropy__astropy-12907", "step_id": 0, "tool_start": 1767709985.087161, "tool_end": 1767709986.7131448, "tool_time": 1.625983715057373}
{"instance_id": "astropy__astropy-12907", "step_id": 0, "tool_start": 1767709986.7141497, "tool_end": 1767709987.342902, "tool_time": 0.6287522315979004}
{"instance_id": "astropy__astropy-12907", "step_id": 0, "tool_start": 1767709987.3436716, "tool_end": 1767709987.97008, "tool_time": 0.6264083385467529}
{"instance_id": "astropy__astropy-12907", "step_id": 0, "tool_start": 1767709987.9709103, "tool_end": 1767709988.6049783, "tool_time": 0.6340680122375488}
{"instance_id": "astropy__astropy-12907", "step_id": 0, "tool_start": 1767709988.6062684, "tool_end": 1767709989.2253323, "tool_time": 0.6190638542175293}
{"instance_id": "astropy__astropy-12907", "env_prepare_start": 1767709008.315938, "env_prepare_end": 1767709989.2271404, "env_prepare_time": 980.9112024307251}
{"instance_id": "astropy__astropy-12907", "step_id": 1, "llm_start": 1767709989.2634704, "llm_first_chunk": 1767709989.719978, "llm_end": 1767709991.921437, "prefill_time": 0.45650768280029297, "decode_time": 2.2014589309692383, "llm_total_time": 2.6579666137695312}
{"instance_id": "astropy__astropy-12907", "step_id": 2, "llm_start": 1767709991.925531, "llm_first_chunk": 1767709992.0523388, "llm_end": 1767709994.8121002, "prefill_time": 0.12680792808532715, "decode_time": 2.759761333465576, "llm_total_time": 2.8865692615509033}
{"instance_id": "astropy__astropy-12907", "step_id": 1, "tool_start": 1767709994.8158555, "tool_end": 1767709994.8327386, "tool_time": 0.016883134841918945}
{"instance_id": "astropy__astropy-12907", "step_id": 3, "llm_start": 1767709994.8370388, "llm_first_chunk": 1767709995.3963935, "llm_end": 1767709997.3877642, "prefill_time": 0.5593547821044922, "decode_time": 1.991370677947998, "llm_total_time": 2.5507254600524902}
{"instance_id": "astropy__astropy-12907", "step_id": 2, "tool_start": 1767709997.3926876, "tool_end": 1767709997.4030323, "tool_time": 0.010344743728637695}
{"instance_id": "astropy__astropy-12907", "step_id": 4, "llm_start": 1767709997.4084651, "llm_first_chunk": 1767709997.7149692, "llm_end": 1767709999.9908156, "prefill_time": 0.3065040111541748, "decode_time": 2.275846481323242, "llm_total_time": 2.582350492477417}
{"instance_id": "astropy__astropy-12907", "step_id": 3, "tool_start": 1767709999.9930782, "tool_end": 1767710000.0093534, "tool_time": 0.01627516746520996}
{"instance_id": "astropy__astropy-12907", "step_id": 5, "llm_start": 1767710000.01404, "llm_first_chunk": 1767710000.3632863, "llm_end": 1767710003.3797505, "prefill_time": 0.3492462635040283, "decode_time": 3.0164642333984375, "llm_total_time": 3.365710496902466}
{"instance_id": "astropy__astropy-12907", "step_id": 4, "tool_start": 1767710003.3828018, "tool_end": 1767710003.4022648, "tool_time": 0.019463062286376953}
{"instance_id": "astropy__astropy-12907", "step_id": 6, "llm_start": 1767710003.413944, "llm_first_chunk": 1767710003.8215685, "llm_end": 1767710005.5958292, "prefill_time": 0.4076244831085205, "decode_time": 1.7742607593536377, "llm_total_time": 2.181885242462158}
{"instance_id": "astropy__astropy-12907", "step_id": 5, "tool_start": 1767710005.5986173, "tool_end": 1767710006.2170253, "tool_time": 0.6184079647064209}
{"instance_id": "astropy__astropy-12907", "step_id": 7, "llm_start": 1767710006.2246346, "llm_first_chunk": 1767710006.3918524, "llm_end": 1767710008.4778943, "prefill_time": 0.16721773147583008, "decode_time": 2.0860419273376465, "llm_total_time": 2.2532596588134766}
{"instance_id": "astropy__astropy-12907", "step_id": 6, "tool_start": 1767710008.4808726, "tool_end": 1767710008.4863946, "tool_time": 0.005522012710571289}
{"instance_id": "astropy__astropy-12907", "step_id": 8, "llm_start": 1767710008.492124, "llm_first_chunk": 1767710008.7820742, "llm_end": 1767710012.200606, "prefill_time": 0.2899501323699951, "decode_time": 3.418531894683838, "llm_total_time": 3.708482027053833}
{"instance_id": "astropy__astropy-12907", "step_id": 7, "tool_start": 1767710012.2042897, "tool_end": 1767710012.8234942, "tool_time": 0.6192045211791992}
{"instance_id": "astropy__astropy-12907", "step_id": 9, "llm_start": 1767710012.8317435, "llm_first_chunk": 1767710013.0068521, "llm_end": 1767710015.4327774, "prefill_time": 0.1751086711883545, "decode_time": 2.4259252548217773, "llm_total_time": 2.601033926010132}
{"instance_id": "astropy__astropy-12907", "step_id": 8, "tool_start": 1767710015.4352715, "tool_end": 1767710015.4396985, "tool_time": 0.0044269561767578125}
{"instance_id": "astropy__astropy-12907", "step_id": 10, "llm_start": 1767710015.4458833, "llm_first_chunk": 1767710015.770785, "llm_end": 1767710058.9912379, "prefill_time": 0.324901819229126, "decode_time": 43.22045278549194, "llm_total_time": 43.54535460472107}
{"instance_id": "astropy__astropy-12907", "step_id": 9, "tool_start": 1767710058.9943624, "tool_end": 1767710058.998949, "tool_time": 0.004586696624755859}
{"instance_id": "astropy__astropy-12907", "step_id": 11, "llm_start": 1767710059.0073202, "llm_first_chunk": 1767710059.5369503, "llm_end": 1767710062.0714073, "prefill_time": 0.529630184173584, "decode_time": 2.534456968307495, "llm_total_time": 3.064087152481079}
{"instance_id": "astropy__astropy-12907", "step_id": 10, "tool_start": 1767710062.0752933, "tool_end": 1767710063.1963966, "tool_time": 1.121103286743164}
{"instance_id": "astropy__astropy-12907", "step_id": 12, "llm_start": 1767710063.203459, "llm_first_chunk": 1767710063.5316472, "llm_end": 1767710096.2188697, "prefill_time": 0.3281881809234619, "decode_time": 32.687222480773926, "llm_total_time": 33.01541066169739}
{"instance_id": "astropy__astropy-12907", "step_id": 11, "tool_start": 1767710096.222648, "tool_end": 1767710096.228002, "tool_time": 0.005354166030883789}
{"instance_id": "astropy__astropy-12907", "step_id": 13, "llm_start": 1767710096.23683, "llm_first_chunk": 1767710096.6260445, "llm_end": 1767710153.4182353, "prefill_time": 0.38921451568603516, "decode_time": 56.79219079017639, "llm_total_time": 57.18140530586243}
{"instance_id": "astropy__astropy-12907", "step_id": 12, "tool_start": 1767710153.4237325, "tool_end": 1767710153.4292672, "tool_time": 0.005534648895263672}
{"instance_id": "astropy__astropy-12907", "step_id": 14, "llm_start": 1767710153.440413, "llm_first_chunk": 1767710153.7029192, "llm_end": 1767710156.3973818, "prefill_time": 0.26250624656677246, "decode_time": 2.694462537765503, "llm_total_time": 2.9569687843322754}
{"instance_id": "astropy__astropy-12907", "step_id": 13, "tool_start": 1767710156.4019048, "tool_end": 1767710157.0218801, "tool_time": 0.6199753284454346}
{"instance_id": "astropy__astropy-12907", "step_id": 15, "llm_start": 1767710157.0348322, "llm_first_chunk": 1767710157.647271, "llm_end": 1767710183.2720394, "prefill_time": 0.6124386787414551, "decode_time": 25.624768495559692, "llm_total_time": 26.237207174301147}
{"instance_id": "astropy__astropy-12907", "step_id": 16, "llm_start": 1767710183.2829225, "llm_first_chunk": 1767710183.561562, "llm_end": 1767710233.67527, "prefill_time": 0.278639554977417, "decode_time": 50.11370801925659,