{"instance_id": "django__django-13158", "step_id": 0, "tool_start": 1767711335.9735444, "tool_end": 1767711336.5933895, "tool_time": 0.6198451519012451}
{"instance_id": "django__django-13158", "step_id": 0, "tool_start": 1767711336.5973244, "tool_end": 1767711337.2158659, "tool_time": 0.6185414791107178}
{"instance_id": "django__django-13158", "step_id": 0, "tool_start": 1767711337.2185159, "tool_end": 1767711337.8407578, "tool_time": 0.6222419738769531}
{"instance_id": "django__django-13158", "step_id": 0, "tool_start": 1767711337.8509252, "tool_end": 1767711338.4714, "tool_time": 0.6204748153686523}
{"instance_id": "django__django-13158", "step_id": 0, "tool_start": 1767711338.4727175, "tool_end": 1767711339.0917501, "tool_time": 0.619032621383667}
{"instance_id": "django__django-13158", "step_id": 0, "tool_start": 1767711339.0926588, "tool_end": 1767711342.2271192, "tool_time": 3.13446044921875}
{"instance_id": "django__django-13158", "step_id": 0, "tool_start": 1767711342.2280722, "tool_end": 1767711342.8470466, "tool_time": 0.6189744472503662}
{"instance_id": "django__django-13158", "step_id": 0, "tool_start": 1767711342.84817, "tool_end": 1767711344.9761274, "tool_time": 2.127957344055176}
{"instance_id": "django__django-13158", "step_id": 0, "tool_start": 1767711344.977196, "tool_end": 1767711345.5958986, "tool_time": 0.6187026500701904}
{"instance_id": "django__django-13158", "step_id": 0, "tool_start": 1767711345.5965712, "tool_end": 1767711346.215394, "tool_time": 0.6188228130340576}
{"instance_id": "django__django-13158", "env_prepare_start": 1767710577.461856, "env_prepare_end": 1767711346.2165797, "env_prepare_time": 768.7547237873077}
{"instance_id": "django__django-13158", "step_id": 1, "llm_start": 1767711346.2448246, "llm_first_chunk": 1767711346.548576, "llm_end": 1767711349.3702586, "prefill_time": 0.30375146865844727, "decode_time": 2.8216824531555176, "llm_total_time": 3.125433921813965}
{"instance_id": "django__django-13158", "step_id": 2, "llm_start": 1767711349.3733318, "llm_first_chunk": 1767711349.5125263, "llm_end": 1767711352.585513, "prefill_time": 0.13919448852539062, "decode_time": 3.0729868412017822, "llm_total_time": 3.212181329727173}
{"instance_id": "django__django-13158", "step_id": 1, "tool_start": 1767711352.5887961, "tool_end": 1767711352.6086452, "tool_time": 0.019849061965942383}
{"instance_id": "django__django-13158", "step_id": 3, "llm_start": 1767711352.6133397, "llm_first_chunk": 1767711353.0901768, "llm_end": 1767711365.4513953, "prefill_time": 0.476837158203125, "decode_time": 12.361218452453613, "llm_total_time": 12.838055610656738}
{"instance_id": "django__django-13158", "step_id": 2, "tool_start": 1767711365.455147, "tool_end": 1767711365.4688094, "tool_time": 0.013662338256835938}
{"instance_id": "django__django-13158", "step_id": 4, "llm_start": 1767711365.474013, "llm_first_chunk": 1767711365.9331746, "llm_end": 1767711368.6753294, "prefill_time": 0.45916152000427246, "decode_time": 2.742154836654663, "llm_total_time": 3.2013163566589355}
{"instance_id": "django__django-13158", "step_id": 3, "tool_start": 1767711368.6792681, "tool_end": 1767711368.6959538, "tool_time": 0.01668572425842285}
{"instance_id": "django__django-13158", "step_id": 5, "llm_start": 1767711368.7009485, "llm_first_chunk": 1767711369.2079778, "llm_end": 1767711371.5895689, "prefill_time": 0.5070292949676514, "decode_time": 2.3815910816192627, "llm_total_time": 2.888620376586914}
{"instance_id": "django__django-13158", "step_id": 4, "tool_start": 1767711371.5927994, "tool_end": 1767711372.2151222, "tool_time": 0.6223227977752686}
{"instance_id": "django__django-13158", "step_id": 6, "llm_start": 1767711372.2204156, "llm_first_chunk": 1767711372.8271787, "llm_end": 1767711375.0653372, "prefill_time": 0.6067631244659424, "decode_time": 2.2381584644317627, "llm_total_time": 2.844921588897705}
{"instance_id": "django__django-13158", "step_id": 5, "tool_start": 1767711375.068619, "tool_end": 1767711376.6956236, "tool_time": 1.627004623413086}
{"instance_id": "django__django-13158", "step_id": 7, "llm_start": 1767711376.702638, "llm_first_chunk": 1767711377.0372581, "llm_end": 1767711379.7096004, "prefill_time": 0.33462023735046387, "decode_time": 2.672342300415039, "llm_total_time": 3.006962537765503}
{"instance_id": "django__django-13158", "step_id": 6, "tool_start": 1767711379.7132206, "tool_end": 1767711381.3417187, "tool_time": 1.6284980773925781}
{"instance_id": "django__django-13158", "step_id": 8, "llm_start": 1767711381.3479998, "llm_first_chunk": 1767711381.6999028, "llm_end": 1767711384.7748768, "prefill_time": 0.35190296173095703, "decode_time": 3.0749740600585938, "llm_total_time": 3.426877021789551}
{"instance_id": "django__django-13158", "step_id": 7, "tool_start": 1767711384.7787008, "tool_end": 1767711388.9214702, "tool_time": 4.1427693367004395}
{"instance_id": "django__django-13158", "step_id": 9, "llm_start": 1767711388.928984, "llm_first_chunk": 1767711389.1324415, "llm_end": 1767711391.365485, "prefill_time": 0.20345759391784668, "decode_time": 2.2330434322357178, "llm_total_time": 2.4365010261535645}
{"instance_id": "django__django-13158", "step_id": 8, "tool_start": 1767711391.373684, "tool_end": 1767711394.5097933, "tool_time": 3.1361093521118164}
{"instance_id": "django__django-13158", "step_id": 10, "llm_start": 1767711394.5228066, "llm_first_chunk": 1767711394.844598, "llm_end": 1767711396.872929, "prefill_time": 0.321791410446167, "decode_time": 2.0283310413360596, "llm_total_time": 2.3501224517822266}
{"instance_id": "django__django-13158", "step_id": 9, "tool_start": 1767711396.8757865, "tool_end": 1767711396.8966067, "tool_time": 0.020820140838623047}
{"instance_id": "django__django-13158", "step_id": 11, "llm_start": 1767711396.9054224, "llm_first_chunk": 1767711397.4654696, "llm_end": 1767711399.4740422, "prefill_time": 0.5600471496582031, "decode_time": 2.008572578430176, "llm_total_time": 2.568619728088379}
{"instance_id": "django__django-13158", "step_id": 10, "tool_start": 1767711399.4803517, "tool_end": 1767711400.1010485, "tool_time": 0.6206967830657959}
{"instance_id": "django__django-13158", "step_id": 12, "llm_start": 1767711400.111, "llm_first_chunk": 1767711400.4285479, "llm_end": 1767711402.9495485, "prefill_time": 0.3175477981567383, "decode_time": 2.521000623703003, "llm_total_time": 2.838548421859741}
{"instance_id": "django__django-13158", "step_id": 11, "tool_start": 1767711402.9539332, "tool_end": 1767711402.9598246, "tool_time": 0.005891323089599609}
{"instance_id": "django__django-13158", "step_id": 13, "llm_start": 1767711402.968047, "llm_first_chunk": 1767711403.323765, "llm_end": 1767711405.6266088, "prefill_time": 0.35571813583374023, "decode_time": 2.3028438091278076, "llm_total_time": 2.658561944961548}
{"instance_id": "django__django-13158", "step_id": 12, "tool_start": 1767711405.677856, "tool_end": 1767711405.682949, "tool_time": 0.005093097686767578}
{"instance_id": "django__django-13158", "step_id": 14, "llm_start": 1767711405.6927054, "llm_first_chunk": 1767711406.0169005, "llm_end": 1767711411.6318634, "prefill_time": 0.32419514656066895, "decode_time": 5.614962816238403, "llm_total_time": 5.939157962799072}
{"instance_id": "django__django-13158", "step_id": 13, "tool_start": 1767711411.6363091, "tool_end": 1767711412.2560847, "tool_time": 0.6197755336761475}
{"instance_id": "django__django-13158", "step_id": 15, "llm_start": 1767711412.2644954, "llm_first_chunk": 1767711412.498728, "llm_end": 1767711415.0710175, "prefill_time": 0.23423266410827637, "decode_time": 2.57228946685791, "llm_total_time": 2.8065221309661865}
{"instance_id": "django__django-13158", "step_id": 14, "tool_start": 1767711415.0742228, "tool_end": 1767711415.0822222, "tool_time": 0.007999420166015625}
{"instance_id": "django__django-13158", "step_id": 16, "llm_start": 1767711415.0918245, "llm_first_chunk": 1767711415.3558228, "llm_end": 1767711418.3090866, "prefill_time": 0.26399827003479004,