{"instance_id": "django__django-13321", "step_id": 0, "tool_start": 1767711382.4745731, "tool_end": 1767711383.093333, "tool_time": 0.6187598705291748}
{"instance_id": "django__django-13321", "step_id": 0, "tool_start": 1767711383.0943456, "tool_end": 1767711383.7119164, "tool_time": 0.6175708770751953}
{"instance_id": "django__django-13321", "step_id": 0, "tool_start": 1767711383.7127016, "tool_end": 1767711384.3294377, "tool_time": 0.6167361736297607}
{"instance_id": "django__django-13321", "step_id": 0, "tool_start": 1767711384.338785, "tool_end": 1767711384.9634025, "tool_time": 0.6246175765991211}
{"instance_id": "django__django-13321", "step_id": 0, "tool_start": 1767711384.9647987, "tool_end": 1767711385.5888038, "tool_time": 0.6240050792694092}
{"instance_id": "django__django-13321", "step_id": 0, "tool_start": 1767711385.5895886, "tool_end": 1767711388.217707, "tool_time": 2.6281182765960693}
{"instance_id": "django__django-13321", "step_id": 0, "tool_start": 1767711388.218488, "tool_end": 1767711388.837303, "tool_time": 0.6188149452209473}
{"instance_id": "django__django-13321", "step_id": 0, "tool_start": 1767711388.8383505, "tool_end": 1767711389.9644656, "tool_time": 1.126115083694458}
{"instance_id": "django__django-13321", "step_id": 0, "tool_start": 1767711389.9652746, "tool_end": 1767711390.583806, "tool_time": 0.6185314655303955}
{"instance_id": "django__django-13321", "step_id": 0, "tool_start": 1767711390.5853384, "tool_end": 1767711391.2036123, "tool_time": 0.6182739734649658}
{"instance_id": "django__django-13321", "env_prepare_start": 1767710634.5772305, "env_prepare_end": 1767711391.2046692, "env_prepare_time": 756.6274387836456}
{"instance_id": "django__django-13321", "step_id": 1, "llm_start": 1767711391.2474732, "llm_first_chunk": 1767711391.5967805, "llm_end": 1767711401.9420633, "prefill_time": 0.3493072986602783, "decode_time": 10.345282793045044, "llm_total_time": 10.694590091705322}
{"instance_id": "django__django-13321", "step_id": 2, "llm_start": 1767711401.9494271, "llm_first_chunk": 1767711402.1057286, "llm_end": 1767711403.07121, "prefill_time": 0.15630149841308594, "decode_time": 0.9654812812805176, "llm_total_time": 1.1217827796936035}
{"instance_id": "django__django-13321", "step_id": 3, "llm_start": 1767711403.074901, "llm_first_chunk": 1767711403.357911, "llm_end": 1767711404.560137, "prefill_time": 0.28301000595092773, "decode_time": 1.202225923538208, "llm_total_time": 1.4852359294891357}
{"instance_id": "django__django-13321", "step_id": 1, "tool_start": 1767711404.6857982, "tool_end": 1767711405.311244, "tool_time": 0.6254458427429199}
{"instance_id": "django__django-13321", "step_id": 4, "llm_start": 1767711405.3239956, "llm_first_chunk": 1767711405.5712361, "llm_end": 1767711407.4323623, "prefill_time": 0.24724054336547852, "decode_time": 1.861126184463501, "llm_total_time": 2.1083667278289795}
{"instance_id": "django__django-13321", "step_id": 2, "tool_start": 1767711407.4354658, "tool_end": 1767711407.4486656, "tool_time": 0.013199806213378906}
{"instance_id": "django__django-13321", "step_id": 5, "llm_start": 1767711407.454144, "llm_first_chunk": 1767711407.7710612, "llm_end": 1767711409.946637, "prefill_time": 0.31691718101501465, "decode_time": 2.1755757331848145, "llm_total_time": 2.492492914199829}
{"instance_id": "django__django-13321", "step_id": 3, "tool_start": 1767711409.9491997, "tool_end": 1767711409.9629738, "tool_time": 0.01377415657043457}
{"instance_id": "django__django-13321", "step_id": 6, "llm_start": 1767711409.967943, "llm_first_chunk": 1767711410.4381588, "llm_end": 1767711412.3670669, "prefill_time": 0.4702157974243164, "decode_time": 1.928908109664917, "llm_total_time": 2.3991239070892334}
{"instance_id": "django__django-13321", "step_id": 4, "tool_start": 1767711412.3703754, "tool_end": 1767711412.989064, "tool_time": 0.6186885833740234}
{"instance_id": "django__django-13321", "step_id": 7, "llm_start": 1767711412.9955173, "llm_first_chunk": 1767711413.2495673, "llm_end": 1767711415.4028223, "prefill_time": 0.25405001640319824, "decode_time": 2.153254985809326, "llm_total_time": 2.4073050022125244}
{"instance_id": "django__django-13321", "step_id": 5, "tool_start": 1767711415.405915, "tool_end": 1767711416.0272095, "tool_time": 0.6212944984436035}
{"instance_id": "django__django-13321", "step_id": 8, "llm_start": 1767711416.036245, "llm_first_chunk": 1767711416.3213782, "llm_end": 1767711418.1773725, "prefill_time": 0.28513312339782715, "decode_time": 1.8559942245483398, "llm_total_time": 2.141127347946167}
{"instance_id": "django__django-13321", "step_id": 6, "tool_start": 1767711418.180772, "tool_end": 1767711418.1907742, "tool_time": 0.01000213623046875}
{"instance_id": "django__django-13321", "step_id": 9, "llm_start": 1767711418.197397, "llm_first_chunk": 1767711418.7256155, "llm_end": 1767711421.4819105, "prefill_time": 0.5282185077667236, "decode_time": 2.7562949657440186, "llm_total_time": 3.284513473510742}
{"instance_id": "django__django-13321", "step_id": 7, "tool_start": 1767711421.4846716, "tool_end": 1767711422.1069508, "tool_time": 0.622279167175293}
{"instance_id": "django__django-13321", "step_id": 10, "llm_start": 1767711422.1145954, "llm_first_chunk": 1767711422.3227346, "llm_end": 1767711424.7589712, "prefill_time": 0.20813918113708496, "decode_time": 2.436236619949341, "llm_total_time": 2.644375801086426}
{"instance_id": "django__django-13321", "step_id": 8, "tool_start": 1767711424.7633731, "tool_end": 1767711425.3901699, "tool_time": 0.6267967224121094}
{"instance_id": "django__django-13321", "step_id": 11, "llm_start": 1767711425.3995562, "llm_first_chunk": 1767711425.7844682, "llm_end": 1767711428.0082195, "prefill_time": 0.38491201400756836, "decode_time": 2.2237513065338135, "llm_total_time": 2.608663320541382}
{"instance_id": "django__django-13321", "step_id": 9, "tool_start": 1767711428.0182104, "tool_end": 1767711429.1417835, "tool_time": 1.1235730648040771}
{"instance_id": "django__django-13321", "step_id": 12, "llm_start": 1767711429.1509163, "llm_first_chunk": 1767711429.550038, "llm_end": 1767711453.523868, "prefill_time": 0.3991217613220215, "decode_time": 23.973829984664917, "llm_total_time": 24.37295174598694}
{"instance_id": "django__django-13321", "step_id": 10, "tool_start": 1767711453.5279343, "tool_end": 1767711453.5341604, "tool_time": 0.006226062774658203}
{"instance_id": "django__django-13321", "step_id": 13, "llm_start": 1767711453.545425, "llm_first_chunk": 1767711453.7655418, "llm_end": 1767711455.7302938, "prefill_time": 0.22011685371398926, "decode_time": 1.964751958847046, "llm_total_time": 2.184868812561035}
{"instance_id": "django__django-13321", "step_id": 11, "tool_start": 1767711455.736212, "tool_end": 1767711456.3541753, "tool_time": 0.6179633140563965}
{"instance_id": "django__django-13321", "step_id": 14, "llm_start": 1767711456.363487, "llm_first_chunk": 1767711456.6237457, "llm_end": 1767711466.2881124, "prefill_time": 0.26025867462158203, "decode_time": 9.664366722106934, "llm_total_time": 9.924625396728516}
{"instance_id": "django__django-13321", "step_id": 15, "llm_start": 1767711466.3018994, "llm_first_chunk": 1767711466.5611982, "llm_end": 1767711488.0423837, "prefill_time": 0.25929880142211914, "decode_time": 21.48118543624878, "llm_total_time": 21.7404842376709}
{"instance_id": "django__django-13321", "step_id": 12, "tool_start": 1767711488.0463634, "tool_end": 1767711488.0645788, "tool_time": 0.018215417861938477}
{"instance_id": "django__django-13321", "step_id": 16, "llm_start": 1767711488.076734, "llm_first_chunk": 1767711488.3277984, "llm_end": 1767711490.5825818, "prefill_time": 0.2510643005371094, "decode_time": 2.2547833919525146, "llm_total_time": 2.505847692489624}
{"instance_id": "django__django-13321", "step_id": 13, "tool_start": 1767711490.585959, "tool_end": 1767711491.2061112, "tool_time": 0.6201522350311279}
{"instance_id": "django__django-13321", "step_id": 17,