{"instance_id": "django__django-12983", "step_id": 0, "tool_start": 1767711270.733852, "tool_end": 1767711271.3533897, "tool_time": 0.6195378303527832}
{"instance_id": "django__django-12983", "step_id": 0, "tool_start": 1767711271.3550262, "tool_end": 1767711271.9734578, "tool_time": 0.618431568145752}
{"instance_id": "django__django-12983", "step_id": 0, "tool_start": 1767711271.9741716, "tool_end": 1767711272.5915, "tool_time": 0.617328405380249}
{"instance_id": "django__django-12983", "step_id": 0, "tool_start": 1767711272.5986803, "tool_end": 1767711273.215427, "tool_time": 0.6167466640472412}
{"instance_id": "django__django-12983", "step_id": 0, "tool_start": 1767711273.2164505, "tool_end": 1767711273.834838, "tool_time": 0.6183874607086182}
{"instance_id": "django__django-12983", "step_id": 0, "tool_start": 1767711273.8359191, "tool_end": 1767711275.4656117, "tool_time": 1.629692554473877}
{"instance_id": "django__django-12983", "step_id": 0, "tool_start": 1767711275.466451, "tool_end": 1767711276.0839937, "tool_time": 0.6175427436828613}
{"instance_id": "django__django-12983", "step_id": 0, "tool_start": 1767711276.0848117, "tool_end": 1767711277.2047374, "tool_time": 1.1199257373809814}
{"instance_id": "django__django-12983", "step_id": 0, "tool_start": 1767711277.2056196, "tool_end": 1767711277.8244784, "tool_time": 0.618858814239502}
{"instance_id": "django__django-12983", "step_id": 0, "tool_start": 1767711277.8251896, "tool_end": 1767711278.4438138, "tool_time": 0.618624210357666}
{"instance_id": "django__django-12983", "env_prepare_start": 1767710557.4775512, "env_prepare_end": 1767711278.4450817, "env_prepare_time": 720.9675304889679}
{"instance_id": "django__django-12983", "step_id": 1, "llm_start": 1767711278.4786084, "llm_first_chunk": 1767711278.7888908, "llm_end": 1767711281.724355, "prefill_time": 0.31028246879577637, "decode_time": 2.9354641437530518, "llm_total_time": 3.245746612548828}
{"instance_id": "django__django-12983", "step_id": 2, "llm_start": 1767711281.727431, "llm_first_chunk": 1767711281.877884, "llm_end": 1767711285.6744826, "prefill_time": 0.1504528522491455, "decode_time": 3.7965986728668213, "llm_total_time": 3.947051525115967}
{"instance_id": "django__django-12983", "step_id": 1, "tool_start": 1767711285.6770036, "tool_end": 1767711286.3059108, "tool_time": 0.6289072036743164}
{"instance_id": "django__django-12983", "step_id": 3, "llm_start": 1767711286.3097742, "llm_first_chunk": 1767711286.490935, "llm_end": 1767711288.532346, "prefill_time": 0.18116092681884766, "decode_time": 2.0414109230041504, "llm_total_time": 2.222571849822998}
{"instance_id": "django__django-12983", "step_id": 2, "tool_start": 1767711288.535058, "tool_end": 1767711289.1529462, "tool_time": 0.6178882122039795}
{"instance_id": "django__django-12983", "step_id": 4, "llm_start": 1767711289.157422, "llm_first_chunk": 1767711289.3583412, "llm_end": 1767711290.9382381, "prefill_time": 0.20091915130615234, "decode_time": 1.5798969268798828, "llm_total_time": 1.7808160781860352}
{"instance_id": "django__django-12983", "step_id": 3, "tool_start": 1767711290.9417787, "tool_end": 1767711290.9619179, "tool_time": 0.020139217376708984}
{"instance_id": "django__django-12983", "step_id": 5, "llm_start": 1767711290.9677446, "llm_first_chunk": 1767711291.3942497, "llm_end": 1767711293.813212, "prefill_time": 0.42650508880615234, "decode_time": 2.418962240219116, "llm_total_time": 2.8454673290252686}
{"instance_id": "django__django-12983", "step_id": 4, "tool_start": 1767711293.8192735, "tool_end": 1767711293.8264167, "tool_time": 0.007143259048461914}
{"instance_id": "django__django-12983", "step_id": 6, "llm_start": 1767711293.832662, "llm_first_chunk": 1767711294.105656, "llm_end": 1767711300.1622245, "prefill_time": 0.272993803024292, "decode_time": 6.056568622589111, "llm_total_time": 6.329562425613403}
{"instance_id": "django__django-12983", "step_id": 5, "tool_start": 1767711300.1663938, "tool_end": 1767711300.7989933, "tool_time": 0.6325995922088623}
{"instance_id": "django__django-12983", "step_id": 7, "llm_start": 1767711300.8765025, "llm_first_chunk": 1767711301.1513946, "llm_end": 1767711303.2621434, "prefill_time": 0.27489209175109863, "decode_time": 2.110748767852783, "llm_total_time": 2.385640859603882}
{"instance_id": "django__django-12983", "step_id": 6, "tool_start": 1767711303.2647858, "tool_end": 1767711303.8855772, "tool_time": 0.6207914352416992}
{"instance_id": "django__django-12983", "step_id": 8, "llm_start": 1767711303.8915179, "llm_first_chunk": 1767711304.0748389, "llm_end": 1767711320.6299667, "prefill_time": 0.1833209991455078, "decode_time": 16.5551278591156, "llm_total_time": 16.73844885826111}
{"instance_id": "django__django-12983", "step_id": 7, "tool_start": 1767711320.6337907, "tool_end": 1767711320.6387885, "tool_time": 0.004997730255126953}
{"instance_id": "django__django-12983", "step_id": 9, "llm_start": 1767711320.6451013, "llm_first_chunk": 1767711320.8249748, "llm_end": 1767711322.1323156, "prefill_time": 0.17987346649169922, "decode_time": 1.3073408603668213, "llm_total_time": 1.4872143268585205}
{"instance_id": "django__django-12983", "step_id": 8, "tool_start": 1767711322.1350248, "tool_end": 1767711322.7550204, "tool_time": 0.6199955940246582}
{"instance_id": "django__django-12983", "step_id": 10, "llm_start": 1767711322.7639723, "llm_first_chunk": 1767711322.9748728, "llm_end": 1767711332.9953885, "prefill_time": 0.21090054512023926, "decode_time": 10.02051568031311, "llm_total_time": 10.23141622543335}
{"instance_id": "django__django-12983", "step_id": 11, "llm_start": 1767711333.0125544, "llm_first_chunk": 1767711333.2149413, "llm_end": 1767711351.1313505, "prefill_time": 0.20238685607910156, "decode_time": 17.916409254074097, "llm_total_time": 18.1187961101532}
{"instance_id": "django__django-12983", "step_id": 9, "tool_start": 1767711351.1353312, "tool_end": 1767711351.159825, "tool_time": 0.024493932723999023}
{"instance_id": "django__django-12983", "step_id": 12, "llm_start": 1767711351.1668794, "llm_first_chunk": 1767711351.3595364, "llm_end": 1767711353.6754484, "prefill_time": 0.1926569938659668, "decode_time": 2.3159120082855225, "llm_total_time": 2.5085690021514893}
{"instance_id": "django__django-12983", "step_id": 13, "llm_start": 1767711353.6851952, "llm_first_chunk": 1767711353.8686216, "llm_end": 1767711355.3978841, "prefill_time": 0.1834263801574707, "decode_time": 1.5292625427246094, "llm_total_time": 1.71268892288208}
{"instance_id": "django__django-12983", "step_id": 10, "tool_start": 1767711355.4010093, "tool_end": 1767711356.0214138, "tool_time": 0.6204044818878174}
{"instance_id": "django__django-12983", "step_id": 14, "llm_start": 1767711356.0304658, "llm_first_chunk": 1767711356.2367675, "llm_end": 1767711360.9128013, "prefill_time": 0.20630168914794922, "decode_time": 4.6760337352752686, "llm_total_time": 4.882335424423218}
{"instance_id": "django__django-12983", "step_id": 11, "tool_start": 1767711360.919535, "tool_end": 1767711361.538913, "tool_time": 0.6193780899047852}
{"instance_id": "django__django-12983", "step_id": 15, "llm_start": 1767711361.546942, "llm_first_chunk": 1767711361.7250044, "llm_end": 1767711378.222187, "prefill_time": 0.17806243896484375, "decode_time": 16.497182607650757, "llm_total_time": 16.6752450466156}
{"instance_id": "django__django-12983", "step_id": 12, "tool_start": 1767711378.2257707, "tool_end": 1767711378.2469993, "tool_time": 0.021228551864624023}
{"instance_id": "django__django-12983", "step_id": 16, "llm_start": 1767711378.258453, "llm_first_chunk": 1767711378.4615896, "llm_end": 1767711380.1471257, "prefill_time": 0.20313668251037598, "decode_time": 1.6855361461639404, "llm_total_time": 1.8886728286743164}
{"instance_id": "django__django-12983", "step_id": 13, "tool_start": 1767711380.1513908, "tool_end": 1767711380.773155, "tool_time": 0.6217641830444336}
{"instance_id": "django__django-12983", "step_id": 17,