{"instance_id": "django__django-12286", "step_id": 0, "tool_start": 1767710538.742784, "tool_end": 1767710539.363675, "tool_time": 0.6208910942077637}
{"instance_id": "django__django-12286", "step_id": 0, "tool_start": 1767710539.3648996, "tool_end": 1767710539.9855664, "tool_time": 0.6206667423248291}
{"instance_id": "django__django-12286", "step_id": 0, "tool_start": 1767710539.9863558, "tool_end": 1767710540.6047804, "tool_time": 0.618424654006958}
{"instance_id": "django__django-12286", "step_id": 0, "tool_start": 1767710540.613073, "tool_end": 1767710541.2302518, "tool_time": 0.6171786785125732}
{"instance_id": "django__django-12286", "step_id": 0, "tool_start": 1767710541.2310836, "tool_end": 1767710541.8496764, "tool_time": 0.6185927391052246}
{"instance_id": "django__django-12286", "step_id": 0, "tool_start": 1767710541.8510582, "tool_end": 1767710543.481308, "tool_time": 1.6302497386932373}
{"instance_id": "django__django-12286", "step_id": 0, "tool_start": 1767710543.4819915, "tool_end": 1767710544.099002, "tool_time": 0.6170103549957275}
{"instance_id": "django__django-12286", "step_id": 0, "tool_start": 1767710544.0996313, "tool_end": 1767710545.219792, "tool_time": 1.1201605796813965}
{"instance_id": "django__django-12286", "step_id": 0, "tool_start": 1767710545.2211568, "tool_end": 1767710545.8412707, "tool_time": 0.6201138496398926}
{"instance_id": "django__django-12286", "step_id": 0, "tool_start": 1767710545.842062, "tool_end": 1767710546.4653378, "tool_time": 0.6232757568359375}
{"instance_id": "django__django-12286", "env_prepare_start": 1767710330.116707, "env_prepare_end": 1767710546.466485, "env_prepare_time": 216.34977793693542}
{"instance_id": "django__django-12286", "step_id": 1, "llm_start": 1767710546.4971704, "llm_first_chunk": 1767710546.82836, "llm_end": 1767710550.4673479, "prefill_time": 0.3311896324157715, "decode_time": 3.6389877796173096, "llm_total_time": 3.970177412033081}
{"instance_id": "django__django-12286", "step_id": 2, "llm_start": 1767710550.4705484, "llm_first_chunk": 1767710550.6968906, "llm_end": 1767710555.0435627, "prefill_time": 0.22634220123291016, "decode_time": 4.346672058105469, "llm_total_time": 4.573014259338379}
{"instance_id": "django__django-12286", "step_id": 1, "tool_start": 1767710555.045988, "tool_end": 1767710555.6728134, "tool_time": 0.6268253326416016}
{"instance_id": "django__django-12286", "step_id": 3, "llm_start": 1767710555.677416, "llm_first_chunk": 1767710555.885307, "llm_end": 1767710557.5291793, "prefill_time": 0.20789098739624023, "decode_time": 1.6438722610473633, "llm_total_time": 1.8517632484436035}
{"instance_id": "django__django-12286", "step_id": 2, "tool_start": 1767710557.531632, "tool_end": 1767710558.150192, "tool_time": 0.6185600757598877}
{"instance_id": "django__django-12286", "step_id": 4, "llm_start": 1767710558.1545918, "llm_first_chunk": 1767710558.522381, "llm_end": 1767710560.8861578, "prefill_time": 0.36778926849365234, "decode_time": 2.363776683807373, "llm_total_time": 2.7315659523010254}
{"instance_id": "django__django-12286", "step_id": 3, "tool_start": 1767710560.8890853, "tool_end": 1767710561.508969, "tool_time": 0.6198837757110596}
{"instance_id": "django__django-12286", "step_id": 5, "llm_start": 1767710561.5146394, "llm_first_chunk": 1767710561.715935, "llm_end": 1767710564.2256145, "prefill_time": 0.2012956142425537, "decode_time": 2.5096795558929443, "llm_total_time": 2.710975170135498}
{"instance_id": "django__django-12286", "step_id": 4, "tool_start": 1767710564.2286577, "tool_end": 1767710564.8488333, "tool_time": 0.6201756000518799}
{"instance_id": "django__django-12286", "step_id": 6, "llm_start": 1767710564.8574445, "llm_first_chunk": 1767710565.1398926, "llm_end": 1767710567.2375557, "prefill_time": 0.28244805335998535, "decode_time": 2.097663164138794, "llm_total_time": 2.3801112174987793}
{"instance_id": "django__django-12286", "step_id": 5, "tool_start": 1767710567.240317, "tool_end": 1767710567.2469978, "tool_time": 0.006680727005004883}
{"instance_id": "django__django-12286", "step_id": 7, "llm_start": 1767710567.252515, "llm_first_chunk": 1767710567.5258646, "llm_end": 1767710570.9292688, "prefill_time": 0.2733495235443115, "decode_time": 3.4034042358398438, "llm_total_time": 3.6767537593841553}
{"instance_id": "django__django-12286", "step_id": 6, "tool_start": 1767710570.9320962, "tool_end": 1767710570.9390912, "tool_time": 0.006994962692260742}
{"instance_id": "django__django-12286", "step_id": 8, "llm_start": 1767710570.9441884, "llm_first_chunk": 1767710571.2393064, "llm_end": 1767710574.591559, "prefill_time": 0.2951180934906006, "decode_time": 3.35225248336792, "llm_total_time": 3.6473705768585205}
{"instance_id": "django__django-12286", "step_id": 7, "tool_start": 1767710574.5946121, "tool_end": 1767710575.2151966, "tool_time": 0.6205844879150391}
{"instance_id": "django__django-12286", "step_id": 9, "llm_start": 1767710575.2266033, "llm_first_chunk": 1767710575.6218412, "llm_end": 1767710578.5378683, "prefill_time": 0.39523792266845703, "decode_time": 2.916027069091797, "llm_total_time": 3.311264991760254}
{"instance_id": "django__django-12286", "step_id": 8, "tool_start": 1767710578.5921369, "tool_end": 1767710579.2111409, "tool_time": 0.6190040111541748}
{"instance_id": "django__django-12286", "step_id": 10, "llm_start": 1767710579.2206852, "llm_first_chunk": 1767710579.4064074, "llm_end": 1767710581.9138105, "prefill_time": 0.18572211265563965, "decode_time": 2.5074031352996826, "llm_total_time": 2.6931252479553223}
{"instance_id": "django__django-12286", "step_id": 9, "tool_start": 1767710581.922249, "tool_end": 1767710582.5405974, "tool_time": 0.6183483600616455}
{"instance_id": "django__django-12286", "step_id": 11, "llm_start": 1767710582.548234, "llm_first_chunk": 1767710582.8051777, "llm_end": 1767710585.3161378, "prefill_time": 0.2569437026977539, "decode_time": 2.510960102081299, "llm_total_time": 2.7679038047790527}
{"instance_id": "django__django-12286", "step_id": 10, "tool_start": 1767710585.3198357, "tool_end": 1767710585.3332837, "tool_time": 0.013447999954223633}
{"instance_id": "django__django-12286", "step_id": 12, "llm_start": 1767710585.341147, "llm_first_chunk": 1767710585.6761925, "llm_end": 1767710588.0674357, "prefill_time": 0.33504557609558105, "decode_time": 2.3912432193756104, "llm_total_time": 2.7262887954711914}
{"instance_id": "django__django-12286", "step_id": 11, "tool_start": 1767710588.0705442, "tool_end": 1767710588.690637, "tool_time": 0.6200928688049316}
{"instance_id": "django__django-12286", "step_id": 13, "llm_start": 1767710588.698442, "llm_first_chunk": 1767710588.9159536, "llm_end": 1767710591.155253, "prefill_time": 0.21751165390014648, "decode_time": 2.2392992973327637, "llm_total_time": 2.45681095123291}
{"instance_id": "django__django-12286", "step_id": 12, "tool_start": 1767710591.158317, "tool_end": 1767710591.7782931, "tool_time": 0.6199760437011719}
{"instance_id": "django__django-12286", "step_id": 14, "llm_start": 1767710591.7882133, "llm_first_chunk": 1767710592.1626244, "llm_end": 1767710595.17174, "prefill_time": 0.37441110610961914, "decode_time": 3.009115695953369, "llm_total_time": 3.3835268020629883}
{"instance_id": "django__django-12286", "step_id": 13, "tool_start": 1767710595.1750767, "tool_end": 1767710595.799277, "tool_time": 0.6242003440856934}
{"instance_id": "django__django-12286", "step_id": 15, "llm_start": 1767710595.809907, "llm_first_chunk": 1767710596.0261128, "llm_end": 1767710598.4070942, "prefill_time": 0.21620583534240723, "decode_time": 2.3809814453125, "llm_total_time": 2.5971872806549072}
{"instance_id": "django__django-12286", "step_id": 14, "tool_start": 1767710598.4147077, "tool_end": 1767710598.428285, "tool_time": 0.01357722282409668}
{"instance_id": "django__django-12286", "step_id": 16, "llm_start": 1767710598.438915, "llm_first_chunk": 1767710598.9405658, "llm_end": 1767710615.0690749, "prefill_time": 0.5016508102416992,