{"instance_id": "django__django-16379", "step_id": 0, "tool_start": 1767713241.9780672, "tool_end": 1767713242.5977676, "tool_time": 0.6197004318237305}
{"instance_id": "django__django-16379", "step_id": 0, "tool_start": 1767713242.598646, "tool_end": 1767713243.216618, "tool_time": 0.6179721355438232}
{"instance_id": "django__django-16379", "step_id": 0, "tool_start": 1767713243.217382, "tool_end": 1767713243.836717, "tool_time": 0.6193349361419678}
{"instance_id": "django__django-16379", "step_id": 0, "tool_start": 1767713243.843609, "tool_end": 1767713244.461841, "tool_time": 0.618232011795044}
{"instance_id": "django__django-16379", "step_id": 0, "tool_start": 1767713244.4626114, "tool_end": 1767713245.0800586, "tool_time": 0.6174471378326416}
{"instance_id": "django__django-16379", "step_id": 0, "tool_start": 1767713245.0807216, "tool_end": 1767713248.714659, "tool_time": 3.633937358856201}
{"instance_id": "django__django-16379", "step_id": 0, "tool_start": 1767713248.7176018, "tool_end": 1767713249.3363664, "tool_time": 0.6187646389007568}
{"instance_id": "django__django-16379", "step_id": 0, "tool_start": 1767713249.3372536, "tool_end": 1767713251.4630535, "tool_time": 2.1257998943328857}
{"instance_id": "django__django-16379", "step_id": 0, "tool_start": 1767713251.4638793, "tool_end": 1767713252.0828712, "tool_time": 0.6189918518066406}
{"instance_id": "django__django-16379", "step_id": 0, "tool_start": 1767713252.0870495, "tool_end": 1767713252.705025, "tool_time": 0.6179754734039307}
{"instance_id": "django__django-16379", "env_prepare_start": 1767712924.708193, "env_prepare_end": 1767713252.7068186, "env_prepare_time": 327.9986255168915}
{"instance_id": "django__django-16379", "step_id": 1, "llm_start": 1767713252.738809, "llm_first_chunk": 1767713253.0280907, "llm_end": 1767713257.1404786, "prefill_time": 0.28928160667419434, "decode_time": 4.1123878955841064, "llm_total_time": 4.401669502258301}
{"instance_id": "django__django-16379", "step_id": 2, "llm_start": 1767713257.144836, "llm_first_chunk": 1767713257.3291318, "llm_end": 1767713261.8090816, "prefill_time": 0.1842958927154541, "decode_time": 4.479949712753296, "llm_total_time": 4.66424560546875}
{"instance_id": "django__django-16379", "step_id": 1, "tool_start": 1767713261.8172417, "tool_end": 1767713261.8432455, "tool_time": 0.02600383758544922}
{"instance_id": "django__django-16379", "step_id": 3, "llm_start": 1767713261.8596103, "llm_first_chunk": 1767713262.2746058, "llm_end": 1767713265.3233626, "prefill_time": 0.4149954319000244, "decode_time": 3.0487568378448486, "llm_total_time": 3.463752269744873}
{"instance_id": "django__django-16379", "step_id": 2, "tool_start": 1767713265.3275309, "tool_end": 1767713265.425907, "tool_time": 0.09837603569030762}
{"instance_id": "django__django-16379", "step_id": 4, "llm_start": 1767713265.474914, "llm_first_chunk": 1767713265.8198159, "llm_end": 1767713269.0593207, "prefill_time": 0.34490180015563965, "decode_time": 3.239504814147949, "llm_total_time": 3.584406614303589}
{"instance_id": "django__django-16379", "step_id": 3, "tool_start": 1767713269.0625968, "tool_end": 1767713269.0811758, "tool_time": 0.01857900619506836}
{"instance_id": "django__django-16379", "step_id": 5, "llm_start": 1767713269.0864687, "llm_first_chunk": 1767713269.3099377, "llm_end": 1767713284.4304824, "prefill_time": 0.22346901893615723, "decode_time": 15.120544672012329, "llm_total_time": 15.344013690948486}
{"instance_id": "django__django-16379", "step_id": 4, "tool_start": 1767713284.43497, "tool_end": 1767713284.4431143, "tool_time": 0.008144378662109375}
{"instance_id": "django__django-16379", "step_id": 6, "llm_start": 1767713284.4516764, "llm_first_chunk": 1767713284.647968, "llm_end": 1767713287.1791608, "prefill_time": 0.19629168510437012, "decode_time": 2.5311927795410156, "llm_total_time": 2.7274844646453857}
{"instance_id": "django__django-16379", "step_id": 5, "tool_start": 1767713287.2055147, "tool_end": 1767713287.2185125, "tool_time": 0.012997865676879883}
{"instance_id": "django__django-16379", "step_id": 7, "llm_start": 1767713287.2285712, "llm_first_chunk": 1767713287.5176852, "llm_end": 1767713290.2198305, "prefill_time": 0.28911399841308594, "decode_time": 2.7021453380584717, "llm_total_time": 2.9912593364715576}
{"instance_id": "django__django-16379", "step_id": 6, "tool_start": 1767713290.2229128, "tool_end": 1767713290.8440914, "tool_time": 0.6211786270141602}
{"instance_id": "django__django-16379", "step_id": 8, "llm_start": 1767713290.8502123, "llm_first_chunk": 1767713291.029997, "llm_end": 1767713293.4643466, "prefill_time": 0.17978477478027344, "decode_time": 2.434349536895752, "llm_total_time": 2.6141343116760254}
{"instance_id": "django__django-16379", "step_id": 7, "tool_start": 1767713293.4933422, "tool_end": 1767713293.4975626, "tool_time": 0.004220485687255859}
{"instance_id": "django__django-16379", "step_id": 9, "llm_start": 1767713293.504456, "llm_first_chunk": 1767713293.7607996, "llm_end": 1767713296.2243915, "prefill_time": 0.2563436031341553, "decode_time": 2.4635918140411377, "llm_total_time": 2.719935417175293}
{"instance_id": "django__django-16379", "step_id": 8, "tool_start": 1767713296.2272832, "tool_end": 1767713296.2312958, "tool_time": 0.004012584686279297}
{"instance_id": "django__django-16379", "step_id": 10, "llm_start": 1767713296.2385383, "llm_first_chunk": 1767713296.530214, "llm_end": 1767713299.2245557, "prefill_time": 0.2916758060455322, "decode_time": 2.6943416595458984, "llm_total_time": 2.9860174655914307}
{"instance_id": "django__django-16379", "step_id": 9, "tool_start": 1767713299.2276788, "tool_end": 1767713299.847965, "tool_time": 0.620286226272583}
{"instance_id": "django__django-16379", "step_id": 11, "llm_start": 1767713299.8564882, "llm_first_chunk": 1767713300.1075008, "llm_end": 1767713302.0688782, "prefill_time": 0.25101256370544434, "decode_time": 1.9613773822784424, "llm_total_time": 2.2123899459838867}
{"instance_id": "django__django-16379", "step_id": 10, "tool_start": 1767713302.0734422, "tool_end": 1767713303.1946552, "tool_time": 1.1212129592895508}
{"instance_id": "django__django-16379", "step_id": 12, "llm_start": 1767713303.201987, "llm_first_chunk": 1767713303.463021, "llm_end": 1767713305.539335, "prefill_time": 0.2610340118408203, "decode_time": 2.0763139724731445, "llm_total_time": 2.337347984313965}
{"instance_id": "django__django-16379", "step_id": 11, "tool_start": 1767713305.5424736, "tool_end": 1767713307.167797, "tool_time": 1.6253235340118408}
{"instance_id": "django__django-16379", "step_id": 13, "llm_start": 1767713307.1765387, "llm_first_chunk": 1767713307.3637664, "llm_end": 1767713309.3281927, "prefill_time": 0.18722772598266602, "decode_time": 1.9644262790679932, "llm_total_time": 2.151654005050659}
{"instance_id": "django__django-16379", "step_id": 12, "tool_start": 1767713309.33096, "tool_end": 1767713323.5223196, "tool_time": 14.191359519958496}
{"instance_id": "django__django-16379", "step_id": 14, "llm_start": 1767713323.531727, "llm_first_chunk": 1767713323.7442873, "llm_end": 1767713327.047067, "prefill_time": 0.21256017684936523, "decode_time": 3.3027796745300293, "llm_total_time": 3.5153398513793945}
{"instance_id": "django__django-16379", "step_id": 13, "tool_start": 1767713327.0499797, "tool_end": 1767713327.6722167, "tool_time": 0.622236967086792}
{"instance_id": "django__django-16379", "step_id": 15, "llm_start": 1767713327.721214, "llm_first_chunk": 1767713328.0136511, "llm_end": 1767713330.5053627, "prefill_time": 0.2924370765686035, "decode_time": 2.4917116165161133, "llm_total_time": 2.784148693084717}
{"instance_id": "django__django-16379", "step_id": 14, "tool_start": 1767713330.508615, "tool_end": 1767713331.1348238, "tool_time": 0.6262087821960449}
{"instance_id": "django__django-16379", "step_id": 16, "llm_start": 1767713331.1469471, "llm_first_chunk": 1767713331.5123107, "llm_end": 1767713359.9455957, "prefill_time": 0.36536359786987305,