{"instance_id": "django__django-11049", "step_id": 0, "tool_start": 1767710006.6068926, "tool_end": 1767710007.226926, "tool_time": 0.6200335025787354}
{"instance_id": "django__django-11049", "step_id": 0, "tool_start": 1767710007.2275617, "tool_end": 1767710007.851584, "tool_time": 0.6240222454071045}
{"instance_id": "django__django-11049", "step_id": 0, "tool_start": 1767710007.8524296, "tool_end": 1767710008.4725783, "tool_time": 0.6201486587524414}
{"instance_id": "django__django-11049", "step_id": 0, "tool_start": 1767710008.4824865, "tool_end": 1767710009.1047752, "tool_time": 0.622288703918457}
{"instance_id": "django__django-11049", "step_id": 0, "tool_start": 1767710009.1062171, "tool_end": 1767710009.7284777, "tool_time": 0.622260570526123}
{"instance_id": "django__django-11049", "step_id": 0, "tool_start": 1767710009.729047, "tool_end": 1767710012.3585675, "tool_time": 2.6295204162597656}
{"instance_id": "django__django-11049", "step_id": 0, "tool_start": 1767710012.359269, "tool_end": 1767710012.9762292, "tool_time": 0.6169602870941162}
{"instance_id": "django__django-11049", "step_id": 0, "tool_start": 1767710012.9769595, "tool_end": 1767710014.0965233, "tool_time": 1.1195638179779053}
{"instance_id": "django__django-11049", "step_id": 0, "tool_start": 1767710014.0972893, "tool_end": 1767710014.7161024, "tool_time": 0.6188130378723145}
{"instance_id": "django__django-11049", "step_id": 0, "tool_start": 1767710014.716918, "tool_end": 1767710015.3359394, "tool_time": 0.6190214157104492}
{"instance_id": "django__django-11049", "env_prepare_start": 1767709008.3170662, "env_prepare_end": 1767710015.3373492, "env_prepare_time": 1007.0202829837799}
{"instance_id": "django__django-11049", "step_id": 1, "llm_start": 1767710015.3749506, "llm_first_chunk": 1767710015.8002245, "llm_end": 1767710032.1096678, "prefill_time": 0.4252738952636719, "decode_time": 16.30944323539734, "llm_total_time": 16.73471713066101}
{"instance_id": "django__django-11049", "step_id": 2, "llm_start": 1767710032.1160777, "llm_first_chunk": 1767710032.3023632, "llm_end": 1767710034.441116, "prefill_time": 0.18628549575805664, "decode_time": 2.1387529373168945, "llm_total_time": 2.325038433074951}
{"instance_id": "django__django-11049", "step_id": 3, "llm_start": 1767710034.44533, "llm_first_chunk": 1767710034.624206, "llm_end": 1767710039.7783508, "prefill_time": 0.17887616157531738, "decode_time": 5.154144763946533, "llm_total_time": 5.333020925521851}
{"instance_id": "django__django-11049", "step_id": 1, "tool_start": 1767710039.780685, "tool_end": 1767710039.7992537, "tool_time": 0.018568754196166992}
{"instance_id": "django__django-11049", "step_id": 4, "llm_start": 1767710039.802772, "llm_first_chunk": 1767710040.2319553, "llm_end": 1767710045.1875005, "prefill_time": 0.4291832447052002, "decode_time": 4.95554518699646, "llm_total_time": 5.38472843170166}
{"instance_id": "django__django-11049", "step_id": 2, "tool_start": 1767710045.1898339, "tool_end": 1767710048.3233087, "tool_time": 3.133474826812744}
{"instance_id": "django__django-11049", "step_id": 5, "llm_start": 1767710048.3276594, "llm_first_chunk": 1767710048.58723, "llm_end": 1767710053.3731785, "prefill_time": 0.2595705986022949, "decode_time": 4.7859485149383545, "llm_total_time": 5.045519113540649}
{"instance_id": "django__django-11049", "step_id": 3, "tool_start": 1767710053.3760087, "tool_end": 1767710053.3906827, "tool_time": 0.014673948287963867}
{"instance_id": "django__django-11049", "step_id": 6, "llm_start": 1767710053.3961864, "llm_first_chunk": 1767710053.8716004, "llm_end": 1767710058.0243113, "prefill_time": 0.4754140377044678, "decode_time": 4.152710914611816, "llm_total_time": 4.628124952316284}
{"instance_id": "django__django-11049", "step_id": 4, "tool_start": 1767710058.0274441, "tool_end": 1767710058.6455805, "tool_time": 0.6181364059448242}
{"instance_id": "django__django-11049", "step_id": 7, "llm_start": 1767710058.65198, "llm_first_chunk": 1767710058.8801289, "llm_end": 1767710062.765306, "prefill_time": 0.2281489372253418, "decode_time": 3.8851771354675293, "llm_total_time": 4.113326072692871}
{"instance_id": "django__django-11049", "step_id": 5, "tool_start": 1767710062.7699316, "tool_end": 1767710062.7743456, "tool_time": 0.004414081573486328}
{"instance_id": "django__django-11049", "step_id": 8, "llm_start": 1767710062.7825239, "llm_first_chunk": 1767710063.4502149, "llm_end": 1767710067.6947963, "prefill_time": 0.6676909923553467, "decode_time": 4.244581460952759, "llm_total_time": 4.9122724533081055}
{"instance_id": "django__django-11049", "step_id": 6, "tool_start": 1767710067.6971886, "tool_end": 1767710067.7040265, "tool_time": 0.0068378448486328125}
{"instance_id": "django__django-11049", "step_id": 9, "llm_start": 1767710067.7090826, "llm_first_chunk": 1767710068.4334614, "llm_end": 1767710071.357135, "prefill_time": 0.7243788242340088, "decode_time": 2.923673629760742, "llm_total_time": 3.648052453994751}
{"instance_id": "django__django-11049", "step_id": 7, "tool_start": 1767710071.3597965, "tool_end": 1767710071.980137, "tool_time": 0.6203405857086182}
{"instance_id": "django__django-11049", "step_id": 10, "llm_start": 1767710071.9867227, "llm_first_chunk": 1767710072.7126436, "llm_end": 1767710076.1973982, "prefill_time": 0.7259209156036377, "decode_time": 3.4847545623779297, "llm_total_time": 4.210675477981567}
{"instance_id": "django__django-11049", "step_id": 8, "tool_start": 1767710076.200658, "tool_end": 1767710076.2043884, "tool_time": 0.003730297088623047}
{"instance_id": "django__django-11049", "step_id": 11, "llm_start": 1767710076.2125146, "llm_first_chunk": 1767710076.852112, "llm_end": 1767710081.5373886, "prefill_time": 0.6395974159240723, "decode_time": 4.685276508331299, "llm_total_time": 5.324873924255371}
{"instance_id": "django__django-11049", "step_id": 9, "tool_start": 1767710081.5427744, "tool_end": 1767710084.6737213, "tool_time": 3.1309468746185303}
{"instance_id": "django__django-11049", "step_id": 12, "llm_start": 1767710084.6812255, "llm_first_chunk": 1767710084.9815214, "llm_end": 1767710088.2515302, "prefill_time": 0.3002958297729492, "decode_time": 3.2700088024139404, "llm_total_time": 3.5703046321868896}
{"instance_id": "django__django-11049", "step_id": 10, "tool_start": 1767710088.2550175, "tool_end": 1767710088.267016, "tool_time": 0.011998414993286133}
{"instance_id": "django__django-11049", "step_id": 13, "llm_start": 1767710088.2744024, "llm_first_chunk": 1767710089.3463068, "llm_end": 1767710093.1718104, "prefill_time": 1.0719044208526611, "decode_time": 3.8255035877227783, "llm_total_time": 4.8974080085754395}
{"instance_id": "django__django-11049", "step_id": 11, "tool_start": 1767710093.1756322, "tool_end": 1767710093.1831646, "tool_time": 0.007532358169555664}
{"instance_id": "django__django-11049", "step_id": 14, "llm_start": 1767710093.1943493, "llm_first_chunk": 1767710093.4777653, "llm_end": 1767710097.830182, "prefill_time": 0.2834160327911377, "decode_time": 4.352416753768921, "llm_total_time": 4.635832786560059}
{"instance_id": "django__django-11049", "step_id": 12, "tool_start": 1767710097.833787, "tool_end": 1767710097.839597, "tool_time": 0.0058100223541259766}
{"instance_id": "django__django-11049", "step_id": 15, "llm_start": 1767710097.8470905, "llm_first_chunk": 1767710098.4741743, "llm_end": 1767710106.5373185, "prefill_time": 0.6270837783813477, "decode_time": 8.063144207000732, "llm_total_time": 8.69022798538208}
{"instance_id": "django__django-11049", "step_id": 16, "llm_start": 1767710106.5498161, "llm_first_chunk": 1767710107.0891335, "llm_end": 1767710113.6149244, "prefill_time": 0.5393173694610596, "decode_time": 6.5257909297943115, "llm_total_time": 7.065108299255371}
{"instance_id": "django__django-11049", "step_id": 17, "llm_start": 1767710113.626016, "llm_first_chunk": 1767710113.8553977, "llm_end": 1767710169.2591345, "prefill_time": 0.22938179969787598, "decode_time": 55.40373682975769,