{"instance_id": "django__django-11133", "step_id": 0, "tool_start": 1767710009.3571053, "tool_end": 1767710009.9762397, "tool_time": 0.6191344261169434}
{"instance_id": "django__django-11133", "step_id": 0, "tool_start": 1767710009.9769013, "tool_end": 1767710010.5956793, "tool_time": 0.6187779903411865}
{"instance_id": "django__django-11133", "step_id": 0, "tool_start": 1767710010.596368, "tool_end": 1767710011.214197, "tool_time": 0.6178288459777832}
{"instance_id": "django__django-11133", "step_id": 0, "tool_start": 1767710011.2244844, "tool_end": 1767710011.842856, "tool_time": 0.6183714866638184}
{"instance_id": "django__django-11133", "step_id": 0, "tool_start": 1767710011.84361, "tool_end": 1767710012.4618406, "tool_time": 0.6182305812835693}
{"instance_id": "django__django-11133", "step_id": 0, "tool_start": 1767710012.4626238, "tool_end": 1767710014.5880344, "tool_time": 2.125410556793213}
{"instance_id": "django__django-11133", "step_id": 0, "tool_start": 1767710014.588994, "tool_end": 1767710015.2071714, "tool_time": 0.6181774139404297}
{"instance_id": "django__django-11133", "step_id": 0, "tool_start": 1767710015.208256, "tool_end": 1767710016.332533, "tool_time": 1.124276876449585}
{"instance_id": "django__django-11133", "step_id": 0, "tool_start": 1767710016.3331003, "tool_end": 1767710016.9508243, "tool_time": 0.6177239418029785}
{"instance_id": "django__django-11133", "step_id": 0, "tool_start": 1767710016.9513278, "tool_end": 1767710017.5682094, "tool_time": 0.6168816089630127}
{"instance_id": "django__django-11133", "env_prepare_start": 1767709008.3187609, "env_prepare_end": 1767710017.5689466, "env_prepare_time": 1009.2501857280731}
{"instance_id": "django__django-11133", "step_id": 1, "llm_start": 1767710017.5975268, "llm_first_chunk": 1767710017.9831502, "llm_end": 1767710021.5271993, "prefill_time": 0.3856234550476074, "decode_time": 3.544049024581909, "llm_total_time": 3.9296724796295166}
{"instance_id": "django__django-11133", "step_id": 2, "llm_start": 1767710021.5332186, "llm_first_chunk": 1767710021.6928098, "llm_end": 1767710028.260251, "prefill_time": 0.1595911979675293, "decode_time": 6.56744122505188, "llm_total_time": 6.727032423019409}
{"instance_id": "django__django-11133", "step_id": 1, "tool_start": 1767710028.2636645, "tool_end": 1767710028.8923993, "tool_time": 0.628734827041626}
{"instance_id": "django__django-11133", "step_id": 3, "llm_start": 1767710028.8973374, "llm_first_chunk": 1767710029.406539, "llm_end": 1767710031.7276351, "prefill_time": 0.5092015266418457, "decode_time": 2.321096181869507, "llm_total_time": 2.8302977085113525}
{"instance_id": "django__django-11133", "step_id": 2, "tool_start": 1767710031.7298396, "tool_end": 1767710031.7369738, "tool_time": 0.007134199142456055}
{"instance_id": "django__django-11133", "step_id": 4, "llm_start": 1767710031.7403967, "llm_first_chunk": 1767710031.9228709, "llm_end": 1767710034.7900279, "prefill_time": 0.18247413635253906, "decode_time": 2.867156982421875, "llm_total_time": 3.049631118774414}
{"instance_id": "django__django-11133", "step_id": 3, "tool_start": 1767710034.792182, "tool_end": 1767710034.7978256, "tool_time": 0.005643606185913086}
{"instance_id": "django__django-11133", "step_id": 5, "llm_start": 1767710034.8015387, "llm_first_chunk": 1767710035.2187967, "llm_end": 1767710039.2603755, "prefill_time": 0.41725802421569824, "decode_time": 4.041578769683838, "llm_total_time": 4.458836793899536}
{"instance_id": "django__django-11133", "step_id": 4, "tool_start": 1767710039.2627027, "tool_end": 1767710039.2704418, "tool_time": 0.007739067077636719}
{"instance_id": "django__django-11133", "step_id": 6, "llm_start": 1767710039.2746165, "llm_first_chunk": 1767710039.7292986, "llm_end": 1767710044.5294542, "prefill_time": 0.4546821117401123, "decode_time": 4.8001556396484375, "llm_total_time": 5.25483775138855}
{"instance_id": "django__django-11133", "step_id": 5, "tool_start": 1767710044.5333939, "tool_end": 1767710045.1533275, "tool_time": 0.6199336051940918}
{"instance_id": "django__django-11133", "step_id": 7, "llm_start": 1767710045.1582377, "llm_first_chunk": 1767710045.4433334, "llm_end": 1767710049.003516, "prefill_time": 0.2850956916809082, "decode_time": 3.560182571411133, "llm_total_time": 3.845278263092041}
{"instance_id": "django__django-11133", "step_id": 6, "tool_start": 1767710049.0066633, "tool_end": 1767710049.0103726, "tool_time": 0.0037093162536621094}
{"instance_id": "django__django-11133", "step_id": 8, "llm_start": 1767710049.0164335, "llm_first_chunk": 1767710049.213158, "llm_end": 1767710054.9375665, "prefill_time": 0.19672441482543945, "decode_time": 5.7244086265563965, "llm_total_time": 5.921133041381836}
{"instance_id": "django__django-11133", "step_id": 7, "tool_start": 1767710054.940253, "tool_end": 1767710054.9442284, "tool_time": 0.003975391387939453}
{"instance_id": "django__django-11133", "step_id": 9, "llm_start": 1767710054.9492383, "llm_first_chunk": 1767710055.1588335, "llm_end": 1767710081.183736, "prefill_time": 0.2095952033996582, "decode_time": 26.02490258216858, "llm_total_time": 26.234497785568237}
{"instance_id": "django__django-11133", "step_id": 8, "tool_start": 1767710081.1871386, "tool_end": 1767710081.807354, "tool_time": 0.6202154159545898}
{"instance_id": "django__django-11133", "step_id": 10, "llm_start": 1767710081.820895, "llm_first_chunk": 1767710082.0143998, "llm_end": 1767710086.9328492, "prefill_time": 0.19350481033325195, "decode_time": 4.918449401855469, "llm_total_time": 5.111954212188721}
{"instance_id": "django__django-11133", "step_id": 9, "tool_start": 1767710086.9364939, "tool_end": 1767710087.5560963, "tool_time": 0.6196024417877197}
{"instance_id": "django__django-11133", "step_id": 11, "llm_start": 1767710087.5646148, "llm_first_chunk": 1767710088.228277, "llm_end": 1767710092.4431133, "prefill_time": 0.6636621952056885, "decode_time": 4.214836359024048, "llm_total_time": 4.878498554229736}
{"instance_id": "django__django-11133", "step_id": 10, "tool_start": 1767710092.4472134, "tool_end": 1767710092.4667616, "tool_time": 0.01954817771911621}
{"instance_id": "django__django-11133", "step_id": 12, "llm_start": 1767710092.4768305, "llm_first_chunk": 1767710092.7839527, "llm_end": 1767710096.1648257, "prefill_time": 0.30712223052978516, "decode_time": 3.380872964859009, "llm_total_time": 3.687995195388794}
{"instance_id": "django__django-11133", "step_id": 11, "tool_start": 1767710096.1679623, "tool_end": 1767710096.7860742, "tool_time": 0.6181118488311768}
{"instance_id": "django__django-11133", "step_id": 13, "llm_start": 1767710096.7968528, "llm_first_chunk": 1767710097.0149336, "llm_end": 1767710100.6689417, "prefill_time": 0.21808075904846191, "decode_time": 3.654008150100708, "llm_total_time": 3.87208890914917}
{"instance_id": "django__django-11133", "step_id": 12, "tool_start": 1767710100.671645, "tool_end": 1767710100.6762161, "tool_time": 0.004571199417114258}
{"instance_id": "django__django-11133", "step_id": 14, "llm_start": 1767710100.6846082, "llm_first_chunk": 1767710101.0460541, "llm_end": 1767710104.6654007, "prefill_time": 0.36144590377807617, "decode_time": 3.6193466186523438, "llm_total_time": 3.98079252243042}
{"instance_id": "django__django-11133", "step_id": 13, "tool_start": 1767710104.668703, "tool_end": 1767710105.287206, "tool_time": 0.6185028553009033}
{"instance_id": "django__django-11133", "step_id": 15, "llm_start": 1767710105.2983682, "llm_first_chunk": 1767710105.528064, "llm_end": 1767710108.8178673, "prefill_time": 0.22969579696655273, "decode_time": 3.2898032665252686, "llm_total_time": 3.5194990634918213}
{"instance_id": "django__django-11133", "step_id": 14, "tool_start": 1767710108.8205545, "tool_end": 1767710108.8241415, "tool_time": 0.003587007522583008}
{"instance_id": "django__django-11133", "step_id": 16, "llm_start": 1767710108.8319883, "llm_first_chunk": 1767710109.0887125, "llm_end": 1767710152.0424428, "prefill_time": 0.25672411918640137,