{"instance_id": "django__django-11999", "step_id": 0, "tool_start": 1767710008.6542654, "tool_end": 1767710009.2870305, "tool_time": 0.6327650547027588}
{"instance_id": "django__django-11999", "step_id": 0, "tool_start": 1767710009.2878535, "tool_end": 1767710009.9105747, "tool_time": 0.6227211952209473}
{"instance_id": "django__django-11999", "step_id": 0, "tool_start": 1767710009.9111202, "tool_end": 1767710010.5289688, "tool_time": 0.6178486347198486}
{"instance_id": "django__django-11999", "step_id": 0, "tool_start": 1767710010.5372436, "tool_end": 1767710011.1557097, "tool_time": 0.6184661388397217}
{"instance_id": "django__django-11999", "step_id": 0, "tool_start": 1767710011.1563048, "tool_end": 1767710011.77318, "tool_time": 0.616875171661377}
{"instance_id": "django__django-11999", "step_id": 0, "tool_start": 1767710011.7739038, "tool_end": 1767710013.8989313, "tool_time": 2.1250274181365967}
{"instance_id": "django__django-11999", "step_id": 0, "tool_start": 1767710013.9000454, "tool_end": 1767710014.5213113, "tool_time": 0.6212658882141113}
{"instance_id": "django__django-11999", "step_id": 0, "tool_start": 1767710014.522395, "tool_end": 1767710015.6459007, "tool_time": 1.1235058307647705}
{"instance_id": "django__django-11999", "step_id": 0, "tool_start": 1767710015.646681, "tool_end": 1767710016.2649875, "tool_time": 0.6183063983917236}
{"instance_id": "django__django-11999", "step_id": 0, "tool_start": 1767710016.265516, "tool_end": 1767710016.8839319, "tool_time": 0.6184158325195312}
{"instance_id": "django__django-11999", "env_prepare_start": 1767709008.323181, "env_prepare_end": 1767710016.8849363, "env_prepare_time": 1008.5617554187775}
{"instance_id": "django__django-11999", "step_id": 1, "llm_start": 1767710016.9192462, "llm_first_chunk": 1767710017.460558, "llm_end": 1767710021.3379178, "prefill_time": 0.5413117408752441, "decode_time": 3.8773598670959473, "llm_total_time": 4.418671607971191}
{"instance_id": "django__django-11999", "step_id": 2, "llm_start": 1767710021.3411784, "llm_first_chunk": 1767710021.514487, "llm_end": 1767710027.7208219, "prefill_time": 0.1733086109161377, "decode_time": 6.206334829330444, "llm_total_time": 6.379643440246582}
{"instance_id": "django__django-11999", "step_id": 1, "tool_start": 1767710027.7244496, "tool_end": 1767710027.740622, "tool_time": 0.016172409057617188}
{"instance_id": "django__django-11999", "step_id": 3, "llm_start": 1767710027.7434635, "llm_first_chunk": 1767710028.172579, "llm_end": 1767710049.1514857, "prefill_time": 0.42911553382873535, "decode_time": 20.978906631469727, "llm_total_time": 21.408022165298462}
{"instance_id": "django__django-11999", "step_id": 2, "tool_start": 1767710049.154009, "tool_end": 1767710049.1670146, "tool_time": 0.013005495071411133}
{"instance_id": "django__django-11999", "step_id": 4, "llm_start": 1767710049.1703987, "llm_first_chunk": 1767710049.4501996, "llm_end": 1767710054.4215827, "prefill_time": 0.2798008918762207, "decode_time": 4.971383094787598, "llm_total_time": 5.251183986663818}
{"instance_id": "django__django-11999", "step_id": 3, "tool_start": 1767710054.4237154, "tool_end": 1767710054.4379144, "tool_time": 0.014199018478393555}
{"instance_id": "django__django-11999", "step_id": 5, "llm_start": 1767710054.4414196, "llm_first_chunk": 1767710054.9685862, "llm_end": 1767710058.4142492, "prefill_time": 0.5271666049957275, "decode_time": 3.4456629753112793, "llm_total_time": 3.972829580307007}
{"instance_id": "django__django-11999", "step_id": 4, "tool_start": 1767710058.4176462, "tool_end": 1767710059.0354388, "tool_time": 0.6177926063537598}
{"instance_id": "django__django-11999", "step_id": 6, "llm_start": 1767710059.041118, "llm_first_chunk": 1767710059.651144, "llm_end": 1767710064.462528, "prefill_time": 0.6100261211395264, "decode_time": 4.811383962631226, "llm_total_time": 5.421410083770752}
{"instance_id": "django__django-11999", "step_id": 5, "tool_start": 1767710064.4648752, "tool_end": 1767710067.5956368, "tool_time": 3.1307616233825684}
{"instance_id": "django__django-11999", "step_id": 7, "llm_start": 1767710067.6025927, "llm_first_chunk": 1767710068.3939445, "llm_end": 1767710073.0787733, "prefill_time": 0.7913517951965332, "decode_time": 4.684828758239746, "llm_total_time": 5.476180553436279}
{"instance_id": "django__django-11999", "step_id": 6, "tool_start": 1767710073.0818334, "tool_end": 1767710073.6997736, "tool_time": 0.6179401874542236}
{"instance_id": "django__django-11999", "step_id": 8, "llm_start": 1767710073.7071981, "llm_first_chunk": 1767710074.2113955, "llm_end": 1767710077.642983, "prefill_time": 0.504197359085083, "decode_time": 3.4315874576568604, "llm_total_time": 3.9357848167419434}
{"instance_id": "django__django-11999", "step_id": 7, "tool_start": 1767710077.6494918, "tool_end": 1767710077.6561637, "tool_time": 0.006671905517578125}
{"instance_id": "django__django-11999", "step_id": 9, "llm_start": 1767710077.6623697, "llm_first_chunk": 1767710078.2264192, "llm_end": 1767710082.3873236, "prefill_time": 0.564049482345581, "decode_time": 4.160904407501221, "llm_total_time": 4.724953889846802}
{"instance_id": "django__django-11999", "step_id": 8, "tool_start": 1767710082.392297, "tool_end": 1767710083.0146224, "tool_time": 0.6223254203796387}
{"instance_id": "django__django-11999", "step_id": 10, "llm_start": 1767710083.0225825, "llm_first_chunk": 1767710083.2207398, "llm_end": 1767710086.9794564, "prefill_time": 0.19815731048583984, "decode_time": 3.758716583251953, "llm_total_time": 3.956873893737793}
{"instance_id": "django__django-11999", "step_id": 9, "tool_start": 1767710086.982699, "tool_end": 1767710087.6012886, "tool_time": 0.6185896396636963}
{"instance_id": "django__django-11999", "step_id": 11, "llm_start": 1767710087.609512, "llm_first_chunk": 1767710088.2281294, "llm_end": 1767710092.7566721, "prefill_time": 0.6186172962188721, "decode_time": 4.528542757034302, "llm_total_time": 5.147160053253174}
{"instance_id": "django__django-11999", "step_id": 10, "tool_start": 1767710092.7597418, "tool_end": 1767710092.7737992, "tool_time": 0.014057397842407227}
{"instance_id": "django__django-11999", "step_id": 12, "llm_start": 1767710092.7801943, "llm_first_chunk": 1767710093.0144477, "llm_end": 1767710098.5272286, "prefill_time": 0.2342534065246582, "decode_time": 5.5127809047698975, "llm_total_time": 5.747034311294556}
{"instance_id": "django__django-11999", "step_id": 11, "tool_start": 1767710098.530546, "tool_end": 1767710098.5352352, "tool_time": 0.004689216613769531}
{"instance_id": "django__django-11999", "step_id": 13, "llm_start": 1767710098.5443, "llm_first_chunk": 1767710098.8280704, "llm_end": 1767710123.39882, "prefill_time": 0.2837703227996826, "decode_time": 24.570749521255493, "llm_total_time": 24.854519844055176}
{"instance_id": "django__django-11999", "step_id": 12, "tool_start": 1767710123.4023955, "tool_end": 1767710123.406417, "tool_time": 0.004021406173706055}
{"instance_id": "django__django-11999", "step_id": 14, "llm_start": 1767710123.4136653, "llm_first_chunk": 1767710123.6446717, "llm_end": 1767710126.2448115, "prefill_time": 0.23100638389587402, "decode_time": 2.600139856338501, "llm_total_time": 2.831146240234375}
{"instance_id": "django__django-11999", "step_id": 13, "tool_start": 1767710126.2475598, "tool_end": 1767710126.8657994, "tool_time": 0.6182396411895752}
{"instance_id": "django__django-11999", "step_id": 15, "llm_start": 1767710126.8743353, "llm_first_chunk": 1767710127.208451, "llm_end": 1767710139.1415994, "prefill_time": 0.33411574363708496, "decode_time": 11.933148384094238, "llm_total_time": 12.267264127731323}
{"instance_id": "django__django-11999", "step_id": 14, "tool_start": 1767710139.1453001, "tool_end": 1767710139.157178, "tool_time": 0.011877775192260742}
{"instance_id": "django__django-11999", "step_id": 16, "llm_start": 1767710139.1702535, "llm_first_chunk": 1767710139.5198388, "llm_end": 1767710141.8682632, "prefill_time": 0.34958529472351074,