{"instance_id": "pytest-dev__pytest-8906", "step_id": 0, "tool_start": 1767716109.4361181, "tool_end": 1767716110.055428, "tool_time": 0.6193099021911621}
{"instance_id": "pytest-dev__pytest-8906", "step_id": 0, "tool_start": 1767716110.0562122, "tool_end": 1767716110.6761124, "tool_time": 0.6199002265930176}
{"instance_id": "pytest-dev__pytest-8906", "step_id": 0, "tool_start": 1767716110.6768641, "tool_end": 1767716111.299985, "tool_time": 0.6231207847595215}
{"instance_id": "pytest-dev__pytest-8906", "step_id": 0, "tool_start": 1767716111.3093383, "tool_end": 1767716111.9275522, "tool_time": 0.6182138919830322}
{"instance_id": "pytest-dev__pytest-8906", "step_id": 0, "tool_start": 1767716111.9285247, "tool_end": 1767716112.5466712, "tool_time": 0.6181464195251465}
{"instance_id": "pytest-dev__pytest-8906", "step_id": 0, "tool_start": 1767716112.5473135, "tool_end": 1767716113.1654441, "tool_time": 0.6181306838989258}
{"instance_id": "pytest-dev__pytest-8906", "step_id": 0, "tool_start": 1767716113.1662078, "tool_end": 1767716113.7882092, "tool_time": 0.6220014095306396}
{"instance_id": "pytest-dev__pytest-8906", "step_id": 0, "tool_start": 1767716113.7891707, "tool_end": 1767716114.4115224, "tool_time": 0.6223516464233398}
{"instance_id": "pytest-dev__pytest-8906", "step_id": 0, "tool_start": 1767716114.4122832, "tool_end": 1767716115.031265, "tool_time": 0.6189818382263184}
{"instance_id": "pytest-dev__pytest-8906", "step_id": 0, "tool_start": 1767716115.032184, "tool_end": 1767716115.6511822, "tool_time": 0.6189982891082764}
{"instance_id": "pytest-dev__pytest-8906", "env_prepare_start": 1767715353.7091541, "env_prepare_end": 1767716115.6588044, "env_prepare_time": 761.9496502876282}
{"instance_id": "pytest-dev__pytest-8906", "step_id": 1, "llm_start": 1767716115.7013118, "llm_first_chunk": 1767716116.373393, "llm_end": 1767716126.939786, "prefill_time": 0.6720812320709229, "decode_time": 10.56639289855957, "llm_total_time": 11.238474130630493}
{"instance_id": "pytest-dev__pytest-8906", "step_id": 2, "llm_start": 1767716126.9490292, "llm_first_chunk": 1767716127.1349897, "llm_end": 1767716137.074056, "prefill_time": 0.1859605312347412, "decode_time": 9.939066171646118, "llm_total_time": 10.12502670288086}
{"instance_id": "pytest-dev__pytest-8906", "step_id": 3, "llm_start": 1767716137.0819373, "llm_first_chunk": 1767716137.3139656, "llm_end": 1767716138.9138381, "prefill_time": 0.23202824592590332, "decode_time": 1.5998725891113281, "llm_total_time": 1.8319008350372314}
{"instance_id": "pytest-dev__pytest-8906", "step_id": 4, "llm_start": 1767716138.918138, "llm_first_chunk": 1767716139.0891564, "llm_end": 1767716141.1552105, "prefill_time": 0.17101836204528809, "decode_time": 2.066054105758667, "llm_total_time": 2.237072467803955}
{"instance_id": "pytest-dev__pytest-8906", "step_id": 1, "tool_start": 1767716141.1848679, "tool_end": 1767716141.1991963, "tool_time": 0.014328479766845703}
{"instance_id": "pytest-dev__pytest-8906", "step_id": 5, "llm_start": 1767716141.228236, "llm_first_chunk": 1767716141.5650709, "llm_end": 1767716143.7733195, "prefill_time": 0.3368349075317383, "decode_time": 2.2082486152648926, "llm_total_time": 2.545083522796631}
{"instance_id": "pytest-dev__pytest-8906", "step_id": 2, "tool_start": 1767716143.7800093, "tool_end": 1767716143.7909575, "tool_time": 0.01094818115234375}
{"instance_id": "pytest-dev__pytest-8906", "step_id": 6, "llm_start": 1767716143.7967772, "llm_first_chunk": 1767716144.1729217, "llm_end": 1767716147.2642713, "prefill_time": 0.3761444091796875, "decode_time": 3.0913496017456055, "llm_total_time": 3.467494010925293}
{"instance_id": "pytest-dev__pytest-8906", "step_id": 3, "tool_start": 1767716147.2676282, "tool_end": 1767716147.2758367, "tool_time": 0.008208513259887695}
{"instance_id": "pytest-dev__pytest-8906", "step_id": 7, "llm_start": 1767716147.2814429, "llm_first_chunk": 1767716147.5823085, "llm_end": 1767716150.5925002, "prefill_time": 0.30086565017700195, "decode_time": 3.0101916790008545, "llm_total_time": 3.3110573291778564}
{"instance_id": "pytest-dev__pytest-8906", "step_id": 4, "tool_start": 1767716150.5957818, "tool_end": 1767716150.6043258, "tool_time": 0.008543968200683594}
{"instance_id": "pytest-dev__pytest-8906", "step_id": 8, "llm_start": 1767716150.6107357, "llm_first_chunk": 1767716151.3312447, "llm_end": 1767716154.3100357, "prefill_time": 0.7205090522766113, "decode_time": 2.9787909984588623, "llm_total_time": 3.6993000507354736}
{"instance_id": "pytest-dev__pytest-8906", "step_id": 5, "tool_start": 1767716154.3132622, "tool_end": 1767716154.3221607, "tool_time": 0.008898496627807617}
{"instance_id": "pytest-dev__pytest-8906", "step_id": 9, "llm_start": 1767716154.327929, "llm_first_chunk": 1767716154.7324848, "llm_end": 1767716157.3111851, "prefill_time": 0.4045557975769043, "decode_time": 2.578700304031372, "llm_total_time": 2.9832561016082764}
{"instance_id": "pytest-dev__pytest-8906", "step_id": 6, "tool_start": 1767716157.3175411, "tool_end": 1767716157.3264165, "tool_time": 0.008875370025634766}
{"instance_id": "pytest-dev__pytest-8906", "step_id": 10, "llm_start": 1767716157.332278, "llm_first_chunk": 1767716157.6668394, "llm_end": 1767716161.2317321, "prefill_time": 0.3345613479614258, "decode_time": 3.5648927688598633, "llm_total_time": 3.899454116821289}
{"instance_id": "pytest-dev__pytest-8906", "step_id": 7, "tool_start": 1767716161.2353082, "tool_end": 1767716161.2429848, "tool_time": 0.007676601409912109}
{"instance_id": "pytest-dev__pytest-8906", "step_id": 11, "llm_start": 1767716161.2518456, "llm_first_chunk": 1767716161.7364144, "llm_end": 1767716165.0395422, "prefill_time": 0.48456883430480957, "decode_time": 3.3031277656555176, "llm_total_time": 3.787696599960327}
{"instance_id": "pytest-dev__pytest-8906", "step_id": 8, "tool_start": 1767716165.0433395, "tool_end": 1767716165.6610942, "tool_time": 0.6177546977996826}
{"instance_id": "pytest-dev__pytest-8906", "step_id": 12, "llm_start": 1767716165.6691363, "llm_first_chunk": 1767716165.9124491, "llm_end": 1767716168.835679, "prefill_time": 0.24331283569335938, "decode_time": 2.923229932785034, "llm_total_time": 3.1665427684783936}
{"instance_id": "pytest-dev__pytest-8906", "step_id": 9, "tool_start": 1767716168.8394196, "tool_end": 1767716168.852714, "tool_time": 0.013294458389282227}
{"instance_id": "pytest-dev__pytest-8906", "step_id": 13, "llm_start": 1767716168.8606575, "llm_first_chunk": 1767716169.3996308, "llm_end": 1767716173.046762, "prefill_time": 0.538973331451416, "decode_time": 3.6471312046051025, "llm_total_time": 4.1861045360565186}
{"instance_id": "pytest-dev__pytest-8906", "step_id": 10, "tool_start": 1767716173.04954, "tool_end": 1767716173.6687903, "tool_time": 0.6192502975463867}
{"instance_id": "pytest-dev__pytest-8906", "step_id": 14, "llm_start": 1767716173.6783552, "llm_first_chunk": 1767716174.0400295, "llm_end": 1767716176.8932886, "prefill_time": 0.36167430877685547, "decode_time": 2.8532590866088867, "llm_total_time": 3.214933395385742}
{"instance_id": "pytest-dev__pytest-8906", "step_id": 11, "tool_start": 1767716176.8969598, "tool_end": 1767716176.9007916, "tool_time": 0.0038318634033203125}
{"instance_id": "pytest-dev__pytest-8906", "step_id": 15, "llm_start": 1767716176.912063, "llm_first_chunk": 1767716177.3375475, "llm_end": 1767716180.7536592, "prefill_time": 0.42548465728759766, "decode_time": 3.416111707687378, "llm_total_time": 3.8415963649749756}
{"instance_id": "pytest-dev__pytest-8906", "step_id": 12, "tool_start": 1767716180.7583907, "tool_end": 1767716180.7654448, "tool_time": 0.00705409049987793}
{"instance_id": "pytest-dev__pytest-8906", "step_id": 16, "llm_start": 1767716180.7744658, "llm_first_chunk": 1767716181.2022989, "llm_end": 1767716185.10311, "prefill_time": 0.42783308029174805, "decode_time": 3.900811195373535, "llm_total_time": 4.328644275665283}
{"instance_id": "pytest-dev__pytest-8906", "step_id": 13, "tool_start": 1767716185.1072657,