{"instance_id": "django__django-13220", "step_id": 0, "tool_start": 1767711356.0662408, "tool_end": 1767711356.684914, "tool_time": 0.6186733245849609}
{"instance_id": "django__django-13220", "step_id": 0, "tool_start": 1767711356.6856818, "tool_end": 1767711357.3050613, "tool_time": 0.6193795204162598}
{"instance_id": "django__django-13220", "step_id": 0, "tool_start": 1767711357.305759, "tool_end": 1767711357.9254146, "tool_time": 0.6196556091308594}
{"instance_id": "django__django-13220", "step_id": 0, "tool_start": 1767711357.933055, "tool_end": 1767711358.551718, "tool_time": 0.6186630725860596}
{"instance_id": "django__django-13220", "step_id": 0, "tool_start": 1767711358.5523396, "tool_end": 1767711359.1695778, "tool_time": 0.6172382831573486}
{"instance_id": "django__django-13220", "step_id": 0, "tool_start": 1767711359.1703002, "tool_end": 1767711361.8020465, "tool_time": 2.631746292114258}
{"instance_id": "django__django-13220", "step_id": 0, "tool_start": 1767711361.8026135, "tool_end": 1767711362.4211712, "tool_time": 0.6185576915740967}
{"instance_id": "django__django-13220", "step_id": 0, "tool_start": 1767711362.4219453, "tool_end": 1767711363.5429842, "tool_time": 1.1210389137268066}
{"instance_id": "django__django-13220", "step_id": 0, "tool_start": 1767711363.5440762, "tool_end": 1767711364.1640487, "tool_time": 0.6199724674224854}
{"instance_id": "django__django-13220", "step_id": 0, "tool_start": 1767711364.1649075, "tool_end": 1767711364.7829366, "tool_time": 0.6180291175842285}
{"instance_id": "django__django-13220", "env_prepare_start": 1767710584.8371432, "env_prepare_end": 1767711364.7838922, "env_prepare_time": 779.9467489719391}
{"instance_id": "django__django-13220", "step_id": 1, "llm_start": 1767711364.8185616, "llm_first_chunk": 1767711365.1618516, "llm_end": 1767711368.5805979, "prefill_time": 0.3432900905609131, "decode_time": 3.41874623298645, "llm_total_time": 3.7620363235473633}
{"instance_id": "django__django-13220", "step_id": 2, "llm_start": 1767711368.583445, "llm_first_chunk": 1767711369.1746829, "llm_end": 1767711373.6115906, "prefill_time": 0.5912377834320068, "decode_time": 4.436907768249512, "llm_total_time": 5.0281455516815186}
{"instance_id": "django__django-13220", "step_id": 1, "tool_start": 1767711373.6140852, "tool_end": 1767711374.2454312, "tool_time": 0.6313459873199463}
{"instance_id": "django__django-13220", "step_id": 3, "llm_start": 1767711374.2544432, "llm_first_chunk": 1767711374.580659, "llm_end": 1767711377.419736, "prefill_time": 0.3262157440185547, "decode_time": 2.8390769958496094, "llm_total_time": 3.165292739868164}
{"instance_id": "django__django-13220", "step_id": 2, "tool_start": 1767711377.42294, "tool_end": 1767711378.0443249, "tool_time": 0.621384859085083}
{"instance_id": "django__django-13220", "step_id": 4, "llm_start": 1767711378.0484064, "llm_first_chunk": 1767711378.221393, "llm_end": 1767711380.05157, "prefill_time": 0.17298674583435059, "decode_time": 1.830176830291748, "llm_total_time": 2.0031635761260986}
{"instance_id": "django__django-13220", "step_id": 3, "tool_start": 1767711380.0540843, "tool_end": 1767711380.0740805, "tool_time": 0.019996166229248047}
{"instance_id": "django__django-13220", "step_id": 5, "llm_start": 1767711380.0791938, "llm_first_chunk": 1767711380.36172, "llm_end": 1767711383.5630922, "prefill_time": 0.28252625465393066, "decode_time": 3.2013721466064453, "llm_total_time": 3.483898401260376}
{"instance_id": "django__django-13220", "step_id": 4, "tool_start": 1767711383.5652428, "tool_end": 1767711383.5703788, "tool_time": 0.005136013031005859}
{"instance_id": "django__django-13220", "step_id": 6, "llm_start": 1767711383.5836174, "llm_first_chunk": 1767711383.7451072, "llm_end": 1767711386.614192, "prefill_time": 0.16148972511291504, "decode_time": 2.8690848350524902, "llm_total_time": 3.0305745601654053}
{"instance_id": "django__django-13220", "step_id": 5, "tool_start": 1767711386.6176243, "tool_end": 1767711387.23698, "tool_time": 0.6193556785583496}
{"instance_id": "django__django-13220", "step_id": 7, "llm_start": 1767711387.2438922, "llm_first_chunk": 1767711387.6186852, "llm_end": 1767711440.6222217, "prefill_time": 0.37479305267333984, "decode_time": 53.00353646278381, "llm_total_time": 53.37832951545715}
{"instance_id": "django__django-13220", "step_id": 6, "tool_start": 1767711440.6269898, "tool_end": 1767711440.6317701, "tool_time": 0.004780292510986328}
{"instance_id": "django__django-13220", "step_id": 8, "llm_start": 1767711440.6383626, "llm_first_chunk": 1767711440.907391, "llm_end": 1767711442.478558, "prefill_time": 0.2690284252166748, "decode_time": 1.5711669921875, "llm_total_time": 1.8401954174041748}
{"instance_id": "django__django-13220", "step_id": 7, "tool_start": 1767711442.4846642, "tool_end": 1767711443.1045985, "tool_time": 0.6199343204498291}
{"instance_id": "django__django-13220", "step_id": 9, "llm_start": 1767711443.1129823, "llm_first_chunk": 1767711443.3395696, "llm_end": 1767711488.9134328, "prefill_time": 0.22658729553222656, "decode_time": 45.57386326789856, "llm_total_time": 45.800450563430786}
{"instance_id": "django__django-13220", "step_id": 8, "tool_start": 1767711488.9170225, "tool_end": 1767711488.9245734, "tool_time": 0.007550954818725586}
{"instance_id": "django__django-13220", "step_id": 10, "llm_start": 1767711488.9334583, "llm_first_chunk": 1767711489.3229234, "llm_end": 1767711491.2454665, "prefill_time": 0.3894650936126709, "decode_time": 1.9225430488586426, "llm_total_time": 2.3120081424713135}
{"instance_id": "django__django-13220", "step_id": 9, "tool_start": 1767711491.2605445, "tool_end": 1767711491.8795152, "tool_time": 0.6189706325531006}
{"instance_id": "django__django-13220", "step_id": 11, "llm_start": 1767711491.8889043, "llm_first_chunk": 1767711492.1177866, "llm_end": 1767711540.3625958, "prefill_time": 0.2288823127746582, "decode_time": 48.2448091506958, "llm_total_time": 48.47369146347046}
{"instance_id": "django__django-13220", "step_id": 10, "tool_start": 1767711540.366804, "tool_end": 1767711540.380238, "tool_time": 0.013434171676635742}
{"instance_id": "django__django-13220", "step_id": 12, "llm_start": 1767711540.3876362, "llm_first_chunk": 1767711540.6527123, "llm_end": 1767711543.141886, "prefill_time": 0.2650761604309082, "decode_time": 2.489173650741577, "llm_total_time": 2.7542498111724854}
{"instance_id": "django__django-13220", "step_id": 11, "tool_start": 1767711543.146204, "tool_end": 1767711543.7668939, "tool_time": 0.620689868927002}
{"instance_id": "django__django-13220", "step_id": 13, "llm_start": 1767711543.7745256, "llm_first_chunk": 1767711543.9886086, "llm_end": 1767711547.8691866, "prefill_time": 0.21408295631408691, "decode_time": 3.88057804107666, "llm_total_time": 4.094660997390747}
{"instance_id": "django__django-13220", "step_id": 12, "tool_start": 1767711547.8727808, "tool_end": 1767711548.492591, "tool_time": 0.6198101043701172}
{"instance_id": "django__django-13220", "step_id": 14, "llm_start": 1767711548.5035174, "llm_first_chunk": 1767711548.7061872, "llm_end": 1767711551.786029, "prefill_time": 0.20266985893249512, "decode_time": 3.0798418521881104, "llm_total_time": 3.2825117111206055}
{"instance_id": "django__django-13220", "step_id": 13, "tool_start": 1767711551.7920702, "tool_end": 1767711552.412245, "tool_time": 0.6201748847961426}
{"instance_id": "django__django-13220", "step_id": 15, "llm_start": 1767711552.423997, "llm_first_chunk": 1767711552.6778948, "llm_end": 1767711556.6716595, "prefill_time": 0.25389790534973145, "decode_time": 3.993764638900757, "llm_total_time": 4.247662544250488}
{"instance_id": "django__django-13220", "step_id": 14, "tool_start": 1767711556.6784158, "tool_end": 1767711557.2984657, "tool_time": 0.6200499534606934}
{"instance_id": "django__django-13220", "step_id": 16, "llm_start": 1767711557.3118293, "llm_first_chunk": 1767711557.6806595, "llm_end": 1767711560.3079548, "prefill_time": 0.36883020401000977,