{"instance_id": "pylint-dev__pylint-6506", "step_id": 0, "tool_start": 1767715422.0787902, "tool_end": 1767715422.6999176, "tool_time": 0.6211273670196533}
{"instance_id": "pylint-dev__pylint-6506", "step_id": 0, "tool_start": 1767715422.7005122, "tool_end": 1767715423.3181603, "tool_time": 0.6176481246948242}
{"instance_id": "pylint-dev__pylint-6506", "step_id": 0, "tool_start": 1767715423.3189692, "tool_end": 1767715423.9357288, "tool_time": 0.6167595386505127}
{"instance_id": "pylint-dev__pylint-6506", "step_id": 0, "tool_start": 1767715423.942679, "tool_end": 1767715424.5610797, "tool_time": 0.6184008121490479}
{"instance_id": "pylint-dev__pylint-6506", "step_id": 0, "tool_start": 1767715424.5617795, "tool_end": 1767715425.179503, "tool_time": 0.6177234649658203}
{"instance_id": "pylint-dev__pylint-6506", "step_id": 0, "tool_start": 1767715425.1805673, "tool_end": 1767715426.3040702, "tool_time": 1.1235029697418213}
{"instance_id": "pylint-dev__pylint-6506", "step_id": 0, "tool_start": 1767715426.3051827, "tool_end": 1767715426.9294312, "tool_time": 0.6242485046386719}
{"instance_id": "pylint-dev__pylint-6506", "step_id": 0, "tool_start": 1767715426.9306355, "tool_end": 1767715427.5485666, "tool_time": 0.6179311275482178}
{"instance_id": "pylint-dev__pylint-6506", "step_id": 0, "tool_start": 1767715427.5565004, "tool_end": 1767715428.174, "tool_time": 0.617499589920044}
{"instance_id": "pylint-dev__pylint-6506", "step_id": 0, "tool_start": 1767715428.174629, "tool_end": 1767715428.792452, "tool_time": 0.6178231239318848}
{"instance_id": "pylint-dev__pylint-6506", "env_prepare_start": 1767714779.157328, "env_prepare_end": 1767715428.7933233, "env_prepare_time": 649.635995388031}
{"instance_id": "pylint-dev__pylint-6506", "step_id": 1, "llm_start": 1767715428.8206372, "llm_first_chunk": 1767715429.0827777, "llm_end": 1767715441.010647, "prefill_time": 0.26214051246643066, "decode_time": 11.927869319915771, "llm_total_time": 12.190009832382202}
{"instance_id": "pylint-dev__pylint-6506", "step_id": 2, "llm_start": 1767715441.0224504, "llm_first_chunk": 1767715441.1775634, "llm_end": 1767715443.0731332, "prefill_time": 0.15511298179626465, "decode_time": 1.8955698013305664, "llm_total_time": 2.050682783126831}
{"instance_id": "pylint-dev__pylint-6506", "step_id": 3, "llm_start": 1767715443.0784354, "llm_first_chunk": 1767715443.2457583, "llm_end": 1767715445.1303778, "prefill_time": 0.16732287406921387, "decode_time": 1.8846194744110107, "llm_total_time": 2.0519423484802246}
{"instance_id": "pylint-dev__pylint-6506", "step_id": 1, "tool_start": 1767715445.1332781, "tool_end": 1767715445.1509862, "tool_time": 0.01770806312561035}
{"instance_id": "pylint-dev__pylint-6506", "step_id": 4, "llm_start": 1767715445.1578197, "llm_first_chunk": 1767715445.4584832, "llm_end": 1767715448.0813239, "prefill_time": 0.30066347122192383, "decode_time": 2.622840642929077, "llm_total_time": 2.923504114151001}
{"instance_id": "pylint-dev__pylint-6506", "step_id": 2, "tool_start": 1767715448.0842175, "tool_end": 1767715448.1033363, "tool_time": 0.019118785858154297}
{"instance_id": "pylint-dev__pylint-6506", "step_id": 5, "llm_start": 1767715448.1083677, "llm_first_chunk": 1767715448.433462, "llm_end": 1767715450.7522054, "prefill_time": 0.32509422302246094, "decode_time": 2.3187434673309326, "llm_total_time": 2.6438376903533936}
{"instance_id": "pylint-dev__pylint-6506", "step_id": 3, "tool_start": 1767715450.7564726, "tool_end": 1767715450.7768223, "tool_time": 0.020349740982055664}
{"instance_id": "pylint-dev__pylint-6506", "step_id": 6, "llm_start": 1767715450.7816734, "llm_first_chunk": 1767715450.9561872, "llm_end": 1767715453.1972797, "prefill_time": 0.1745138168334961, "decode_time": 2.2410924434661865, "llm_total_time": 2.4156062602996826}
{"instance_id": "pylint-dev__pylint-6506", "step_id": 4, "tool_start": 1767715453.2001529, "tool_end": 1767715453.2062864, "tool_time": 0.006133556365966797}
{"instance_id": "pylint-dev__pylint-6506", "step_id": 7, "llm_start": 1767715453.2125504, "llm_first_chunk": 1767715453.4008276, "llm_end": 1767715455.2897587, "prefill_time": 0.1882772445678711, "decode_time": 1.8889310359954834, "llm_total_time": 2.0772082805633545}
{"instance_id": "pylint-dev__pylint-6506", "step_id": 5, "tool_start": 1767715455.292341, "tool_end": 1767715455.299676, "tool_time": 0.00733494758605957}
{"instance_id": "pylint-dev__pylint-6506", "step_id": 8, "llm_start": 1767715455.3070693, "llm_first_chunk": 1767715455.506434, "llm_end": 1767715457.1928678, "prefill_time": 0.19936466217041016, "decode_time": 1.6864337921142578, "llm_total_time": 1.885798454284668}
{"instance_id": "pylint-dev__pylint-6506", "step_id": 6, "tool_start": 1767715457.1960166, "tool_end": 1767715457.2007613, "tool_time": 0.004744768142700195}
{"instance_id": "pylint-dev__pylint-6506", "step_id": 9, "llm_start": 1767715457.2065544, "llm_first_chunk": 1767715457.4056249, "llm_end": 1767715459.6920767, "prefill_time": 0.19907045364379883, "decode_time": 2.286451816558838, "llm_total_time": 2.4855222702026367}
{"instance_id": "pylint-dev__pylint-6506", "step_id": 7, "tool_start": 1767715459.69532, "tool_end": 1767715459.7000422, "tool_time": 0.0047223567962646484}
{"instance_id": "pylint-dev__pylint-6506", "step_id": 10, "llm_start": 1767715459.706984, "llm_first_chunk": 1767715460.0091863, "llm_end": 1767715462.4988017, "prefill_time": 0.3022022247314453, "decode_time": 2.4896154403686523, "llm_total_time": 2.7918176651000977}
{"instance_id": "pylint-dev__pylint-6506", "step_id": 8, "tool_start": 1767715462.5022182, "tool_end": 1767715462.5208838, "tool_time": 0.018665552139282227}
{"instance_id": "pylint-dev__pylint-6506", "step_id": 11, "llm_start": 1767715462.5274467, "llm_first_chunk": 1767715462.8057404, "llm_end": 1767715464.9992423, "prefill_time": 0.2782936096191406, "decode_time": 2.1935019493103027, "llm_total_time": 2.4717955589294434}
{"instance_id": "pylint-dev__pylint-6506", "step_id": 9, "tool_start": 1767715465.0027282, "tool_end": 1767715466.1275792, "tool_time": 1.1248509883880615}
{"instance_id": "pylint-dev__pylint-6506", "step_id": 12, "llm_start": 1767715466.156581, "llm_first_chunk": 1767715466.6258717, "llm_end": 1767715468.9405894, "prefill_time": 0.46929073333740234, "decode_time": 2.3147177696228027, "llm_total_time": 2.784008502960205}
{"instance_id": "pylint-dev__pylint-6506", "step_id": 10, "tool_start": 1767715468.9436386, "tool_end": 1767715471.5746326, "tool_time": 2.6309940814971924}
{"instance_id": "pylint-dev__pylint-6506", "step_id": 13, "llm_start": 1767715471.5825367, "llm_first_chunk": 1767715471.9027483, "llm_end": 1767715473.8880527, "prefill_time": 0.32021164894104004, "decode_time": 1.985304355621338, "llm_total_time": 2.305516004562378}
{"instance_id": "pylint-dev__pylint-6506", "step_id": 11, "tool_start": 1767715473.8925147, "tool_end": 1767715475.0150883, "tool_time": 1.1225736141204834}
{"instance_id": "pylint-dev__pylint-6506", "step_id": 14, "llm_start": 1767715475.0265577, "llm_first_chunk": 1767715475.2122343, "llm_end": 1767715478.5738587, "prefill_time": 0.18567657470703125, "decode_time": 3.3616244792938232, "llm_total_time": 3.5473010540008545}
{"instance_id": "pylint-dev__pylint-6506", "step_id": 12, "tool_start": 1767715478.5772924, "tool_end": 1767715479.196374, "tool_time": 0.6190814971923828}
{"instance_id": "pylint-dev__pylint-6506", "step_id": 15, "llm_start": 1767715479.2078838, "llm_first_chunk": 1767715479.4181898, "llm_end": 1767715481.3421404, "prefill_time": 0.21030592918395996, "decode_time": 1.9239506721496582, "llm_total_time": 2.134256601333618}
{"instance_id": "pylint-dev__pylint-6506", "step_id": 13, "tool_start": 1767715481.3483849, "tool_end": 1767715481.967107, "tool_time": 0.6187222003936768}
{"instance_id": "pylint-dev__pylint-6506", "step_id": 16, "llm_start": 1767715481.9774106, "llm_first_chunk": 1767715482.1913104, "llm_end": 1767715484.4139085, "prefill_time": 0.21389985084533691,