{"instance_id": "scikit-learn__scikit-learn-11281", "step_id": 0, "tool_start": 1767716279.252961, "tool_end": 1767716279.8733335, "tool_time": 0.6203725337982178}
{"instance_id": "scikit-learn__scikit-learn-11281", "step_id": 0, "tool_start": 1767716279.8762314, "tool_end": 1767716280.4937706, "tool_time": 0.6175391674041748}
{"instance_id": "scikit-learn__scikit-learn-11281", "step_id": 0, "tool_start": 1767716280.4943166, "tool_end": 1767716281.111189, "tool_time": 0.6168723106384277}
{"instance_id": "scikit-learn__scikit-learn-11281", "step_id": 0, "tool_start": 1767716281.1188028, "tool_end": 1767716281.7375813, "tool_time": 0.6187784671783447}
{"instance_id": "scikit-learn__scikit-learn-11281", "step_id": 0, "tool_start": 1767716281.7405841, "tool_end": 1767716282.3628337, "tool_time": 0.6222496032714844}
{"instance_id": "scikit-learn__scikit-learn-11281", "step_id": 0, "tool_start": 1767716282.364542, "tool_end": 1767716283.986101, "tool_time": 1.6215589046478271}
{"instance_id": "scikit-learn__scikit-learn-11281", "step_id": 0, "tool_start": 1767716283.9881177, "tool_end": 1767716284.6048899, "tool_time": 0.6167721748352051}
{"instance_id": "scikit-learn__scikit-learn-11281", "step_id": 0, "tool_start": 1767716284.6133106, "tool_end": 1767716285.2369845, "tool_time": 0.6236739158630371}
{"instance_id": "scikit-learn__scikit-learn-11281", "step_id": 0, "tool_start": 1767716285.2470486, "tool_end": 1767716285.8747807, "tool_time": 0.6277320384979248}
{"instance_id": "scikit-learn__scikit-learn-11281", "step_id": 0, "tool_start": 1767716285.8768919, "tool_end": 1767716286.49354, "tool_time": 0.6166481971740723}
{"instance_id": "scikit-learn__scikit-learn-11281", "env_prepare_start": 1767715597.776418, "env_prepare_end": 1767716286.4965985, "env_prepare_time": 688.7201805114746}
{"instance_id": "scikit-learn__scikit-learn-11281", "step_id": 1, "llm_start": 1767716286.5261762, "llm_first_chunk": 1767716286.793665, "llm_end": 1767716291.2192903, "prefill_time": 0.2674887180328369, "decode_time": 4.425625324249268, "llm_total_time": 4.6931140422821045}
