{"instance_id": "django__django-15347", "step_id": 0, "tool_start": 1767712624.7683682, "tool_end": 1767712625.3876598, "tool_time": 0.6192915439605713}
{"instance_id": "django__django-15347", "step_id": 0, "tool_start": 1767712625.3883467, "tool_end": 1767712626.0068936, "tool_time": 0.6185469627380371}
{"instance_id": "django__django-15347", "step_id": 0, "tool_start": 1767712626.008042, "tool_end": 1767712626.626521, "tool_time": 0.6184790134429932}
{"instance_id": "django__django-15347", "step_id": 0, "tool_start": 1767712626.638204, "tool_end": 1767712627.2577116, "tool_time": 0.6195075511932373}
{"instance_id": "django__django-15347", "step_id": 0, "tool_start": 1767712627.2583108, "tool_end": 1767712627.8775437, "tool_time": 0.6192328929901123}
{"instance_id": "django__django-15347", "step_id": 0, "tool_start": 1767712627.878628, "tool_end": 1767712629.5017385, "tool_time": 1.6231105327606201}
{"instance_id": "django__django-15347", "step_id": 0, "tool_start": 1767712629.5023544, "tool_end": 1767712630.1197526, "tool_time": 0.6173982620239258}
{"instance_id": "django__django-15347", "step_id": 0, "tool_start": 1767712630.1205838, "tool_end": 1767712631.7444556, "tool_time": 1.6238718032836914}
{"instance_id": "django__django-15347", "step_id": 0, "tool_start": 1767712631.745336, "tool_end": 1767712632.3661199, "tool_time": 0.620783805847168}
{"instance_id": "django__django-15347", "step_id": 0, "tool_start": 1767712632.3669727, "tool_end": 1767712632.9834023, "tool_time": 0.6164295673370361}
{"instance_id": "django__django-15347", "env_prepare_start": 1767711968.5034359, "env_prepare_end": 1767712632.9848955, "env_prepare_time": 664.4814596176147}
{"instance_id": "django__django-15347", "step_id": 1, "llm_start": 1767712633.019803, "llm_first_chunk": 1767712633.528488, "llm_end": 1767712643.2820382, "prefill_time": 0.5086848735809326, "decode_time": 9.753550291061401, "llm_total_time": 10.262235164642334}
{"instance_id": "django__django-15347", "step_id": 2, "llm_start": 1767712643.2902436, "llm_first_chunk": 1767712643.5872753, "llm_end": 1767712652.2359328, "prefill_time": 0.2970316410064697, "decode_time": 8.64865756034851, "llm_total_time": 8.94568920135498}
{"instance_id": "django__django-15347", "step_id": 3, "llm_start": 1767712652.242787, "llm_first_chunk": 1767712652.482903, "llm_end": 1767712654.6722965, "prefill_time": 0.24011611938476562, "decode_time": 2.1893935203552246, "llm_total_time": 2.4295096397399902}
{"instance_id": "django__django-15347", "step_id": 4, "llm_start": 1767712654.6764834, "llm_first_chunk": 1767712654.8388634, "llm_end": 1767712657.234634, "prefill_time": 0.16237998008728027, "decode_time": 2.39577054977417, "llm_total_time": 2.55815052986145}
{"instance_id": "django__django-15347", "step_id": 1, "tool_start": 1767712657.2372215, "tool_end": 1767712657.2551491, "tool_time": 0.01792764663696289}
{"instance_id": "django__django-15347", "step_id": 5, "llm_start": 1767712657.260422, "llm_first_chunk": 1767712657.7126284, "llm_end": 1767712684.5607224, "prefill_time": 0.4522063732147217, "decode_time": 26.84809398651123, "llm_total_time": 27.300300359725952}
{"instance_id": "django__django-15347", "step_id": 6, "llm_start": 1767712684.5678132, "llm_first_chunk": 1767712685.1017098, "llm_end": 1767712688.5767944, "prefill_time": 0.5338966846466064, "decode_time": 3.4750845432281494, "llm_total_time": 4.008981227874756}
{"instance_id": "django__django-15347", "step_id": 2, "tool_start": 1767712688.579667, "tool_end": 1767712688.589612, "tool_time": 0.009944915771484375}
{"instance_id": "django__django-15347", "step_id": 7, "llm_start": 1767712688.5953605, "llm_first_chunk": 1767712688.8397374, "llm_end": 1767712691.4833412, "prefill_time": 0.24437689781188965, "decode_time": 2.643603801727295, "llm_total_time": 2.8879806995391846}
{"instance_id": "django__django-15347", "step_id": 3, "tool_start": 1767712691.4857838, "tool_end": 1767712691.4911625, "tool_time": 0.00537872314453125}
{"instance_id": "django__django-15347", "step_id": 8, "llm_start": 1767712691.639443, "llm_first_chunk": 1767712691.8361208, "llm_end": 1767712695.3387487, "prefill_time": 0.19667792320251465, "decode_time": 3.5026278495788574, "llm_total_time": 3.699305772781372}
{"instance_id": "django__django-15347", "step_id": 4, "tool_start": 1767712695.3479393, "tool_end": 1767712695.9674284, "tool_time": 0.6194891929626465}
{"instance_id": "django__django-15347", "step_id": 9, "llm_start": 1767712695.9801848, "llm_first_chunk": 1767712696.1746593, "llm_end": 1767712700.4912744, "prefill_time": 0.194474458694458, "decode_time": 4.316615104675293, "llm_total_time": 4.511089563369751}
{"instance_id": "django__django-15347", "step_id": 5, "tool_start": 1767712700.4950135, "tool_end": 1767712703.1264548, "tool_time": 2.631441354751587}
{"instance_id": "django__django-15347", "step_id": 10, "llm_start": 1767712703.1346366, "llm_first_chunk": 1767712703.559772, "llm_end": 1767712714.948585, "prefill_time": 0.42513537406921387, "decode_time": 11.388813018798828, "llm_total_time": 11.813948392868042}
{"instance_id": "django__django-15347", "step_id": 11, "llm_start": 1767712714.960592, "llm_first_chunk": 1767712715.1660979, "llm_end": 1767712719.704864, "prefill_time": 0.2055058479309082, "decode_time": 4.538766145706177, "llm_total_time": 4.744271993637085}
{"instance_id": "django__django-15347", "step_id": 6, "tool_start": 1767712719.709172, "tool_end": 1767712720.3379471, "tool_time": 0.6287751197814941}
{"instance_id": "django__django-15347", "step_id": 12, "llm_start": 1767712720.345933, "llm_first_chunk": 1767712720.5551007, "llm_end": 1767712723.7161806, "prefill_time": 0.2091677188873291, "decode_time": 3.1610798835754395, "llm_total_time": 3.3702476024627686}
{"instance_id": "django__django-15347", "step_id": 7, "tool_start": 1767712723.7237663, "tool_end": 1767712723.7359285, "tool_time": 0.012162208557128906}
{"instance_id": "django__django-15347", "step_id": 13, "llm_start": 1767712723.7441459, "llm_first_chunk": 1767712724.10693, "llm_end": 1767712727.7254677, "prefill_time": 0.36278414726257324, "decode_time": 3.618537664413452, "llm_total_time": 3.9813218116760254}
{"instance_id": "django__django-15347", "step_id": 8, "tool_start": 1767712727.7292674, "tool_end": 1767712727.7461429, "tool_time": 0.016875505447387695}
{"instance_id": "django__django-15347", "step_id": 14, "llm_start": 1767712727.756727, "llm_first_chunk": 1767712728.148272, "llm_end": 1767712738.5482051, "prefill_time": 0.39154505729675293, "decode_time": 10.399933099746704, "llm_total_time": 10.791478157043457}
{"instance_id": "django__django-15347", "step_id": 9, "tool_start": 1767712738.5510826, "tool_end": 1767712738.5606723, "tool_time": 0.009589672088623047}
{"instance_id": "django__django-15347", "step_id": 15, "llm_start": 1767712738.5711062, "llm_first_chunk": 1767712738.8776586, "llm_end": 1767712742.2297373, "prefill_time": 0.3065524101257324, "decode_time": 3.352078676223755, "llm_total_time": 3.6586310863494873}
{"instance_id": "django__django-15347", "step_id": 10, "tool_start": 1767712742.2334418, "tool_end": 1767712742.2477694, "tool_time": 0.014327526092529297}
{"instance_id": "django__django-15347", "step_id": 16, "llm_start": 1767712742.2607496, "llm_first_chunk": 1767712742.562807, "llm_end": 1767712746.0809557, "prefill_time": 0.30205750465393066, "decode_time": 3.51814866065979, "llm_total_time": 3.8202061653137207}
{"instance_id": "django__django-15347", "step_id": 11, "tool_start": 1767712746.0875483, "tool_end": 1767712746.7083418, "tool_time": 0.6207935810089111}
{"instance_id": "django__django-15347", "step_id": 17, "llm_start": 1767712746.7219222, "llm_first_chunk": 1767712746.9698982, "llm_end": 1767712750.4641223, "prefill_time": 0.24797606468200684, "decode_time": 3.4942240715026855, "llm_total_time": 3.7422001361846924}
{"instance_id": "django__django-15347", "step_id": 12, "tool_start": 1767712750.4680357, "tool_end": 1767712750.4721842,