{"instance_id": "django__django-13590", "step_id": 0, "tool_start": 1767711451.4378233, "tool_end": 1767711452.058049, "tool_time": 0.6202256679534912}
{"instance_id": "django__django-13590", "step_id": 0, "tool_start": 1767711452.0590062, "tool_end": 1767711452.6767817, "tool_time": 0.6177754402160645}
{"instance_id": "django__django-13590", "step_id": 0, "tool_start": 1767711452.6864748, "tool_end": 1767711453.3037784, "tool_time": 0.6173036098480225}
{"instance_id": "django__django-13590", "step_id": 0, "tool_start": 1767711453.3102589, "tool_end": 1767711453.9309943, "tool_time": 0.6207354068756104}
{"instance_id": "django__django-13590", "step_id": 0, "tool_start": 1767711453.931681, "tool_end": 1767711454.5572717, "tool_time": 0.6255908012390137}
{"instance_id": "django__django-13590", "step_id": 0, "tool_start": 1767711454.5578673, "tool_end": 1767711456.6832292, "tool_time": 2.125361919403076}
{"instance_id": "django__django-13590", "step_id": 0, "tool_start": 1767711456.6840498, "tool_end": 1767711457.3013394, "tool_time": 0.6172895431518555}
{"instance_id": "django__django-13590", "step_id": 0, "tool_start": 1767711457.302203, "tool_end": 1767711458.9262, "tool_time": 1.6239969730377197}
{"instance_id": "django__django-13590", "step_id": 0, "tool_start": 1767711458.9286082, "tool_end": 1767711459.5484734, "tool_time": 0.6198651790618896}
{"instance_id": "django__django-13590", "step_id": 0, "tool_start": 1767711459.549049, "tool_end": 1767711460.1670802, "tool_time": 0.6180312633514404}
{"instance_id": "django__django-13590", "env_prepare_start": 1767710759.7791152, "env_prepare_end": 1767711460.1682527, "env_prepare_time": 700.389137506485}
{"instance_id": "django__django-13590", "step_id": 1, "llm_start": 1767711460.215366, "llm_first_chunk": 1767711460.5066605, "llm_end": 1767711464.4431074, "prefill_time": 0.29129457473754883, "decode_time": 3.9364469051361084, "llm_total_time": 4.227741479873657}
{"instance_id": "django__django-13590", "step_id": 2, "llm_start": 1767711464.4461777, "llm_first_chunk": 1767711464.6228147, "llm_end": 1767711469.5518131, "prefill_time": 0.1766369342803955, "decode_time": 4.9289984703063965, "llm_total_time": 5.105635404586792}
{"instance_id": "django__django-13590", "step_id": 1, "tool_start": 1767711469.5551574, "tool_end": 1767711469.575443, "tool_time": 0.020285606384277344}
{"instance_id": "django__django-13590", "step_id": 3, "llm_start": 1767711469.5786443, "llm_first_chunk": 1767711470.0642962, "llm_end": 1767711485.8509398, "prefill_time": 0.48565196990966797, "decode_time": 15.786643505096436, "llm_total_time": 16.272295475006104}
{"instance_id": "django__django-13590", "step_id": 2, "tool_start": 1767711485.8540485, "tool_end": 1767711485.8651848, "tool_time": 0.011136293411254883}
{"instance_id": "django__django-13590", "step_id": 4, "llm_start": 1767711485.8687527, "llm_first_chunk": 1767711486.4577441, "llm_end": 1767711489.856746, "prefill_time": 0.5889914035797119, "decode_time": 3.3990018367767334, "llm_total_time": 3.9879932403564453}
{"instance_id": "django__django-13590", "step_id": 3, "tool_start": 1767711489.8592005, "tool_end": 1767711490.4792879, "tool_time": 0.6200873851776123}
{"instance_id": "django__django-13590", "step_id": 5, "llm_start": 1767711490.4845073, "llm_first_chunk": 1767711490.7008305, "llm_end": 1767711493.4623256, "prefill_time": 0.2163231372833252, "decode_time": 2.7614951133728027, "llm_total_time": 2.977818250656128}
{"instance_id": "django__django-13590", "step_id": 4, "tool_start": 1767711493.466076, "tool_end": 1767711493.471709, "tool_time": 0.005633115768432617}
{"instance_id": "django__django-13590", "step_id": 6, "llm_start": 1767711493.4790676, "llm_first_chunk": 1767711493.8530817, "llm_end": 1767711497.3957858, "prefill_time": 0.37401413917541504, "decode_time": 3.5427041053771973, "llm_total_time": 3.9167182445526123}
{"instance_id": "django__django-13590", "step_id": 5, "tool_start": 1767711497.399829, "tool_end": 1767711497.414976, "tool_time": 0.015146970748901367}
{"instance_id": "django__django-13590", "step_id": 7, "llm_start": 1767711497.4215198, "llm_first_chunk": 1767711497.8955727, "llm_end": 1767711500.300597, "prefill_time": 0.47405290603637695, "decode_time": 2.405024290084839, "llm_total_time": 2.879077196121216}
{"instance_id": "django__django-13590", "step_id": 6, "tool_start": 1767711500.3035548, "tool_end": 1767711500.3073785, "tool_time": 0.0038237571716308594}
{"instance_id": "django__django-13590", "step_id": 8, "llm_start": 1767711500.313243, "llm_first_chunk": 1767711500.5419116, "llm_end": 1767711503.4175582, "prefill_time": 0.2286686897277832, "decode_time": 2.8756465911865234, "llm_total_time": 3.1043152809143066}
{"instance_id": "django__django-13590", "step_id": 7, "tool_start": 1767711503.4219105, "tool_end": 1767711504.0461745, "tool_time": 0.6242640018463135}
{"instance_id": "django__django-13590", "step_id": 9, "llm_start": 1767711504.0538266, "llm_first_chunk": 1767711504.2603364, "llm_end": 1767711508.9017045, "prefill_time": 0.20650982856750488, "decode_time": 4.64136815071106, "llm_total_time": 4.8478779792785645}
{"instance_id": "django__django-13590", "step_id": 8, "tool_start": 1767711508.9122393, "tool_end": 1767711509.5311716, "tool_time": 0.6189322471618652}
{"instance_id": "django__django-13590", "step_id": 10, "llm_start": 1767711509.5397146, "llm_first_chunk": 1767711509.9423873, "llm_end": 1767711512.2912462, "prefill_time": 0.40267276763916016, "decode_time": 2.3488588333129883, "llm_total_time": 2.7515316009521484}
{"instance_id": "django__django-13590", "step_id": 9, "tool_start": 1767711512.2940145, "tool_end": 1767711512.9124608, "tool_time": 0.6184463500976562}
{"instance_id": "django__django-13590", "step_id": 11, "llm_start": 1767711512.9187677, "llm_first_chunk": 1767711513.3189147, "llm_end": 1767711515.4959369, "prefill_time": 0.4001469612121582, "decode_time": 2.1770222187042236, "llm_total_time": 2.577169179916382}
{"instance_id": "django__django-13590", "step_id": 10, "tool_start": 1767711515.5978053, "tool_end": 1767711515.6075854, "tool_time": 0.009780168533325195}
{"instance_id": "django__django-13590", "step_id": 12, "llm_start": 1767711515.6144562, "llm_first_chunk": 1767711516.199561, "llm_end": 1767711518.6736522, "prefill_time": 0.5851049423217773, "decode_time": 2.474091053009033, "llm_total_time": 3.0591959953308105}
{"instance_id": "django__django-13590", "step_id": 11, "tool_start": 1767711518.6771965, "tool_end": 1767711519.298124, "tool_time": 0.6209275722503662}
{"instance_id": "django__django-13590", "step_id": 13, "llm_start": 1767711519.3078709, "llm_first_chunk": 1767711519.5287507, "llm_end": 1767711522.5579467, "prefill_time": 0.22087979316711426, "decode_time": 3.02919602394104, "llm_total_time": 3.2500758171081543}
{"instance_id": "django__django-13590", "step_id": 12, "tool_start": 1767711522.5613678, "tool_end": 1767711522.5652134, "tool_time": 0.003845691680908203}
{"instance_id": "django__django-13590", "step_id": 14, "llm_start": 1767711522.5761795, "llm_first_chunk": 1767711522.7968607, "llm_end": 1767711553.5969095, "prefill_time": 0.22068119049072266, "decode_time": 30.800048828125, "llm_total_time": 31.020730018615723}
{"instance_id": "django__django-13590", "step_id": 13, "tool_start": 1767711553.600651, "tool_end": 1767711553.6106675, "tool_time": 0.010016441345214844}
{"instance_id": "django__django-13590", "step_id": 15, "llm_start": 1767711553.6191025, "llm_first_chunk": 1767711553.9465644, "llm_end": 1767711556.6679206, "prefill_time": 0.32746195793151855, "decode_time": 2.721356153488159, "llm_total_time": 3.0488181114196777}
{"instance_id": "django__django-13590", "step_id": 14, "tool_start": 1767711556.6759756, "tool_end": 1767711557.797834, "tool_time": 1.1218583583831787}
{"instance_id": "django__django-13590", "step_id": 16, "llm_start": 1767711557.806665, "llm_first_chunk": 1767711558.1470463, "llm_end": 1767711571.7741203,