{"instance_id": "django__django-15498", "step_id": 0, "tool_start": 1767712664.1389227, "tool_end": 1767712664.757541, "tool_time": 0.6186182498931885}
{"instance_id": "django__django-15498", "step_id": 0, "tool_start": 1767712664.7584784, "tool_end": 1767712665.3768215, "tool_time": 0.6183431148529053}
{"instance_id": "django__django-15498", "step_id": 0, "tool_start": 1767712665.3773956, "tool_end": 1767712665.995356, "tool_time": 0.6179604530334473}
{"instance_id": "django__django-15498", "step_id": 0, "tool_start": 1767712666.0075557, "tool_end": 1767712666.6253033, "tool_time": 0.6177475452423096}
{"instance_id": "django__django-15498", "step_id": 0, "tool_start": 1767712666.6260123, "tool_end": 1767712667.2426393, "tool_time": 0.6166269779205322}
{"instance_id": "django__django-15498", "step_id": 0, "tool_start": 1767712667.2436519, "tool_end": 1767712668.866498, "tool_time": 1.6228461265563965}
{"instance_id": "django__django-15498", "step_id": 0, "tool_start": 1767712668.8671284, "tool_end": 1767712669.4871197, "tool_time": 0.6199913024902344}
{"instance_id": "django__django-15498", "step_id": 0, "tool_start": 1767712669.487892, "tool_end": 1767712671.1119409, "tool_time": 1.6240489482879639}
{"instance_id": "django__django-15498", "step_id": 0, "tool_start": 1767712671.11256, "tool_end": 1767712671.7344465, "tool_time": 0.6218864917755127}
{"instance_id": "django__django-15498", "step_id": 0, "tool_start": 1767712671.7353497, "tool_end": 1767712672.3547022, "tool_time": 0.6193525791168213}
{"instance_id": "django__django-15498", "env_prepare_start": 1767712006.1371753, "env_prepare_end": 1767712672.3558702, "env_prepare_time": 666.2186949253082}
{"instance_id": "django__django-15498", "step_id": 1, "llm_start": 1767712672.3882637, "llm_first_chunk": 1767712672.7254076, "llm_end": 1767712676.5474753, "prefill_time": 0.3371438980102539, "decode_time": 3.8220677375793457, "llm_total_time": 4.1592116355896}
{"instance_id": "django__django-15498", "step_id": 2, "llm_start": 1767712676.5509455, "llm_first_chunk": 1767712676.7256358, "llm_end": 1767712681.284849, "prefill_time": 0.17469024658203125, "decode_time": 4.559213161468506, "llm_total_time": 4.733903408050537}
{"instance_id": "django__django-15498", "step_id": 1, "tool_start": 1767712681.36833, "tool_end": 1767712681.4208512, "tool_time": 0.0525212287902832}
{"instance_id": "django__django-15498", "step_id": 3, "llm_start": 1767712681.424473, "llm_first_chunk": 1767712681.9517267, "llm_end": 1767712686.7341635, "prefill_time": 0.5272536277770996, "decode_time": 4.782436847686768, "llm_total_time": 5.309690475463867}
{"instance_id": "django__django-15498", "step_id": 2, "tool_start": 1767712686.7371109, "tool_end": 1767712690.3718245, "tool_time": 3.634713649749756}
{"instance_id": "django__django-15498", "step_id": 4, "llm_start": 1767712690.3770146, "llm_first_chunk": 1767712690.6036587, "llm_end": 1767712694.8557258, "prefill_time": 0.22664403915405273, "decode_time": 4.2520670890808105, "llm_total_time": 4.478711128234863}
{"instance_id": "django__django-15498", "step_id": 3, "tool_start": 1767712694.8582287, "tool_end": 1767712694.864992, "tool_time": 0.0067632198333740234}
{"instance_id": "django__django-15498", "step_id": 5, "llm_start": 1767712694.8688653, "llm_first_chunk": 1767712695.1687849, "llm_end": 1767712697.9475906, "prefill_time": 0.29991960525512695, "decode_time": 2.778805732727051, "llm_total_time": 3.0787253379821777}
{"instance_id": "django__django-15498", "step_id": 4, "tool_start": 1767712697.9496684, "tool_end": 1767712697.956037, "tool_time": 0.0063686370849609375}
{"instance_id": "django__django-15498", "step_id": 6, "llm_start": 1767712697.9600437, "llm_first_chunk": 1767712698.7927172, "llm_end": 1767712701.8072755, "prefill_time": 0.8326735496520996, "decode_time": 3.0145583152770996, "llm_total_time": 3.847231864929199}
{"instance_id": "django__django-15498", "step_id": 5, "tool_start": 1767712701.8124201, "tool_end": 1767712702.4379725, "tool_time": 0.6255524158477783}
{"instance_id": "django__django-15498", "step_id": 7, "llm_start": 1767712702.4731712, "llm_first_chunk": 1767712702.7420056, "llm_end": 1767712706.3565156, "prefill_time": 0.26883435249328613, "decode_time": 3.6145100593566895, "llm_total_time": 3.8833444118499756}
{"instance_id": "django__django-15498", "step_id": 6, "tool_start": 1767712706.3591628, "tool_end": 1767712706.9780955, "tool_time": 0.6189327239990234}
{"instance_id": "django__django-15498", "step_id": 8, "llm_start": 1767712706.9839337, "llm_first_chunk": 1767712707.1846464, "llm_end": 1767712710.046237, "prefill_time": 0.2007126808166504, "decode_time": 2.861590623855591, "llm_total_time": 3.062303304672241}
{"instance_id": "django__django-15498", "step_id": 7, "tool_start": 1767712710.0488477, "tool_end": 1767712710.067836, "tool_time": 0.018988370895385742}
{"instance_id": "django__django-15498", "step_id": 9, "llm_start": 1767712710.0742486, "llm_first_chunk": 1767712710.3100517, "llm_end": 1767712713.1468334, "prefill_time": 0.23580312728881836, "decode_time": 2.8367817401885986, "llm_total_time": 3.072584867477417}
{"instance_id": "django__django-15498", "step_id": 8, "tool_start": 1767712713.1500065, "tool_end": 1767712713.159541, "tool_time": 0.009534358978271484}
{"instance_id": "django__django-15498", "step_id": 10, "llm_start": 1767712713.1670477, "llm_first_chunk": 1767712713.6381788, "llm_end": 1767712716.9822536, "prefill_time": 0.4711310863494873, "decode_time": 3.3440747261047363, "llm_total_time": 3.8152058124542236}
{"instance_id": "django__django-15498", "step_id": 9, "tool_start": 1767712716.9848611, "tool_end": 1767712717.6029532, "tool_time": 0.6180920600891113}
{"instance_id": "django__django-15498", "step_id": 11, "llm_start": 1767712717.6126409, "llm_first_chunk": 1767712717.8131006, "llm_end": 1767712720.8457537, "prefill_time": 0.20045971870422363, "decode_time": 3.0326530933380127, "llm_total_time": 3.2331128120422363}
{"instance_id": "django__django-15498", "step_id": 10, "tool_start": 1767712720.8495073, "tool_end": 1767712721.470067, "tool_time": 0.6205596923828125}
{"instance_id": "django__django-15498", "step_id": 12, "llm_start": 1767712721.4798996, "llm_first_chunk": 1767712722.0491323, "llm_end": 1767712724.9916, "prefill_time": 0.569232702255249, "decode_time": 2.94246768951416, "llm_total_time": 3.511700391769409}
{"instance_id": "django__django-15498", "step_id": 11, "tool_start": 1767712725.0034935, "tool_end": 1767712725.6229284, "tool_time": 0.6194348335266113}
{"instance_id": "django__django-15498", "step_id": 13, "llm_start": 1767712725.7323234, "llm_first_chunk": 1767712725.9383469, "llm_end": 1767712728.8849967, "prefill_time": 0.2060234546661377, "decode_time": 2.9466497898101807, "llm_total_time": 3.1526732444763184}
{"instance_id": "django__django-15498", "step_id": 12, "tool_start": 1767712728.888364, "tool_end": 1767712729.51282, "tool_time": 0.6244559288024902}
{"instance_id": "django__django-15498", "step_id": 14, "llm_start": 1767712729.5226445, "llm_first_chunk": 1767712730.5895283, "llm_end": 1767712734.8941698, "prefill_time": 1.0668838024139404, "decode_time": 4.304641485214233, "llm_total_time": 5.371525287628174}
{"instance_id": "django__django-15498", "step_id": 13, "tool_start": 1767712734.8983045, "tool_end": 1767712734.926112, "tool_time": 0.02780747413635254}
{"instance_id": "django__django-15498", "step_id": 15, "llm_start": 1767712734.9348326, "llm_first_chunk": 1767712735.1766193, "llm_end": 1767712737.7936532, "prefill_time": 0.24178671836853027, "decode_time": 2.6170339584350586, "llm_total_time": 2.858820676803589}
{"instance_id": "django__django-15498", "step_id": 14, "tool_start": 1767712737.797488, "tool_end": 1767712737.8073456, "tool_time": 0.009857654571533203}
{"instance_id": "django__django-15498", "step_id": 16, "llm_start": 1767712737.8211753, "llm_first_chunk": 1767712738.1413717, "llm_end": 1767712744.6755378,