{"instance_id": "django__django-12589", "step_id": 0, "tool_start": 1767710954.0034626, "tool_end": 1767710954.623155, "tool_time": 0.6196925640106201}
{"instance_id": "django__django-12589", "step_id": 0, "tool_start": 1767710954.6240969, "tool_end": 1767710955.242462, "tool_time": 0.6183650493621826}
{"instance_id": "django__django-12589", "step_id": 0, "tool_start": 1767710955.2432706, "tool_end": 1767710955.8613954, "tool_time": 0.6181247234344482}
{"instance_id": "django__django-12589", "step_id": 0, "tool_start": 1767710955.8689482, "tool_end": 1767710956.4874005, "tool_time": 0.6184523105621338}
{"instance_id": "django__django-12589", "step_id": 0, "tool_start": 1767710956.4882205, "tool_end": 1767710957.1061497, "tool_time": 0.617929220199585}
{"instance_id": "django__django-12589", "step_id": 0, "tool_start": 1767710957.1070483, "tool_end": 1767710958.7306547, "tool_time": 1.6236064434051514}
{"instance_id": "django__django-12589", "step_id": 0, "tool_start": 1767710958.7321503, "tool_end": 1767710959.3525324, "tool_time": 0.6203820705413818}
{"instance_id": "django__django-12589", "step_id": 0, "tool_start": 1767710959.3540957, "tool_end": 1767710961.9837406, "tool_time": 2.6296448707580566}
{"instance_id": "django__django-12589", "step_id": 0, "tool_start": 1767710961.9846733, "tool_end": 1767710962.6035898, "tool_time": 0.6189165115356445}
{"instance_id": "django__django-12589", "step_id": 0, "tool_start": 1767710962.6045055, "tool_end": 1767710963.221392, "tool_time": 0.6168863773345947}
{"instance_id": "django__django-12589", "env_prepare_start": 1767710427.1309266, "env_prepare_end": 1767710963.2225232, "env_prepare_time": 536.0915966033936}
{"instance_id": "django__django-12589", "step_id": 1, "llm_start": 1767710963.2608378, "llm_first_chunk": 1767710963.6635664, "llm_end": 1767710970.2744048, "prefill_time": 0.4027285575866699, "decode_time": 6.610838413238525, "llm_total_time": 7.013566970825195}
{"instance_id": "django__django-12589", "step_id": 2, "llm_start": 1767710970.2879236, "llm_first_chunk": 1767710970.4580677, "llm_end": 1767710976.447217, "prefill_time": 0.17014408111572266, "decode_time": 5.989149332046509, "llm_total_time": 6.1592934131622314}
{"instance_id": "django__django-12589", "step_id": 3, "llm_start": 1767710976.4560103, "llm_first_chunk": 1767710976.6191192, "llm_end": 1767710977.9147189, "prefill_time": 0.16310882568359375, "decode_time": 1.2955996990203857, "llm_total_time": 1.4587085247039795}
{"instance_id": "django__django-12589", "step_id": 4, "llm_start": 1767710977.919132, "llm_first_chunk": 1767710978.0522192, "llm_end": 1767710979.558971, "prefill_time": 0.133087158203125, "decode_time": 1.5067517757415771, "llm_total_time": 1.6398389339447021}
{"instance_id": "django__django-12589", "step_id": 1, "tool_start": 1767710979.56505, "tool_end": 1767710979.587203, "tool_time": 0.022153139114379883}
{"instance_id": "django__django-12589", "step_id": 5, "llm_start": 1767710979.594061, "llm_first_chunk": 1767710979.9667659, "llm_end": 1767710994.5860949, "prefill_time": 0.37270498275756836, "decode_time": 14.61932897567749, "llm_total_time": 14.992033958435059}
{"instance_id": "django__django-12589", "step_id": 6, "llm_start": 1767710994.5936687, "llm_first_chunk": 1767710994.7303083, "llm_end": 1767710996.480594, "prefill_time": 0.13663959503173828, "decode_time": 1.7502856254577637, "llm_total_time": 1.886925220489502}
{"instance_id": "django__django-12589", "step_id": 2, "tool_start": 1767710996.4830158, "tool_end": 1767710996.49524, "tool_time": 0.012224197387695312}
{"instance_id": "django__django-12589", "step_id": 7, "llm_start": 1767710996.4999132, "llm_first_chunk": 1767710996.7332075, "llm_end": 1767710998.229798, "prefill_time": 0.23329424858093262, "decode_time": 1.4965906143188477, "llm_total_time": 1.7298848628997803}
{"instance_id": "django__django-12589", "step_id": 3, "tool_start": 1767710998.2328002, "tool_end": 1767710998.2371569, "tool_time": 0.0043566226959228516}
{"instance_id": "django__django-12589", "step_id": 8, "llm_start": 1767710998.2447762, "llm_first_chunk": 1767710998.4179173, "llm_end": 1767710999.7570248, "prefill_time": 0.1731410026550293, "decode_time": 1.3391075134277344, "llm_total_time": 1.5122485160827637}
{"instance_id": "django__django-12589", "step_id": 4, "tool_start": 1767710999.7593234, "tool_end": 1767711000.3790288, "tool_time": 0.6197054386138916}
{"instance_id": "django__django-12589", "step_id": 9, "llm_start": 1767711000.387587, "llm_first_chunk": 1767711000.5356498, "llm_end": 1767711002.143245, "prefill_time": 0.14806270599365234, "decode_time": 1.6075952053070068, "llm_total_time": 1.7556579113006592}
{"instance_id": "django__django-12589", "step_id": 5, "tool_start": 1767711002.1490512, "tool_end": 1767711002.7671096, "tool_time": 0.618058443069458}
{"instance_id": "django__django-12589", "step_id": 10, "llm_start": 1767711002.77607, "llm_first_chunk": 1767711002.9265835, "llm_end": 1767711004.6665597, "prefill_time": 0.1505134105682373, "decode_time": 1.739976167678833, "llm_total_time": 1.8904895782470703}
{"instance_id": "django__django-12589", "step_id": 6, "tool_start": 1767711004.6695852, "tool_end": 1767711007.2992072, "tool_time": 2.629621982574463}
{"instance_id": "django__django-12589", "step_id": 11, "llm_start": 1767711007.306751, "llm_first_chunk": 1767711007.5948727, "llm_end": 1767711014.3116505, "prefill_time": 0.28812170028686523, "decode_time": 6.716777801513672, "llm_total_time": 7.004899501800537}
{"instance_id": "django__django-12589", "step_id": 12, "llm_start": 1767711014.325769, "llm_first_chunk": 1767711014.485151, "llm_end": 1767711016.6439235, "prefill_time": 0.15938210487365723, "decode_time": 2.1587724685668945, "llm_total_time": 2.3181545734405518}
{"instance_id": "django__django-12589", "step_id": 7, "tool_start": 1767711016.6654818, "tool_end": 1767711017.2858102, "tool_time": 0.620328426361084}
{"instance_id": "django__django-12589", "step_id": 13, "llm_start": 1767711017.3235466, "llm_first_chunk": 1767711017.4974442, "llm_end": 1767711019.1646018, "prefill_time": 0.17389750480651855, "decode_time": 1.6671576499938965, "llm_total_time": 1.841055154800415}
{"instance_id": "django__django-12589", "step_id": 8, "tool_start": 1767711019.1682615, "tool_end": 1767711019.7896807, "tool_time": 0.6214191913604736}
{"instance_id": "django__django-12589", "step_id": 14, "llm_start": 1767711019.798836, "llm_first_chunk": 1767711019.9820442, "llm_end": 1767711021.5251958, "prefill_time": 0.18320822715759277, "decode_time": 1.543151617050171, "llm_total_time": 1.7263598442077637}
{"instance_id": "django__django-12589", "step_id": 9, "tool_start": 1767711021.529247, "tool_end": 1767711022.149669, "tool_time": 0.6204218864440918}
{"instance_id": "django__django-12589", "step_id": 15, "llm_start": 1767711022.2264054, "llm_first_chunk": 1767711022.4074824, "llm_end": 1767711024.1537647, "prefill_time": 0.1810770034790039, "decode_time": 1.7462823390960693, "llm_total_time": 1.9273593425750732}
{"instance_id": "django__django-12589", "step_id": 10, "tool_start": 1767711024.1579425, "tool_end": 1767711024.7799833, "tool_time": 0.6220407485961914}
{"instance_id": "django__django-12589", "step_id": 16, "llm_start": 1767711024.7909439, "llm_first_chunk": 1767711024.9752889, "llm_end": 1767711026.468931, "prefill_time": 0.18434500694274902, "decode_time": 1.4936420917510986, "llm_total_time": 1.6779870986938477}
{"instance_id": "django__django-12589", "step_id": 11, "tool_start": 1767711026.4726765, "tool_end": 1767711026.4814675, "tool_time": 0.008790969848632812}
{"instance_id": "django__django-12589", "step_id": 17, "llm_start": 1767711026.4937077, "llm_first_chunk": 1767711026.7648647, "llm_end": 1767711028.0013583, "prefill_time": 0.27115702629089355, "decode_time": 1.2364935874938965, "llm_total_time": 1.50765061378479}
{"instance_id": "django__django-12589", "step_id": 12, "tool_start": 1767711028.0057817,