{"instance_id": "django__django-13658", "step_id": 0, "tool_start": 1767711437.4900043, "tool_end": 1767711438.1104794, "tool_time": 0.6204750537872314}
{"instance_id": "django__django-13658", "step_id": 0, "tool_start": 1767711438.1111696, "tool_end": 1767711438.730329, "tool_time": 0.619159460067749}
{"instance_id": "django__django-13658", "step_id": 0, "tool_start": 1767711438.731192, "tool_end": 1767711439.351037, "tool_time": 0.619844913482666}
{"instance_id": "django__django-13658", "step_id": 0, "tool_start": 1767711439.3589165, "tool_end": 1767711439.977094, "tool_time": 0.6181774139404297}
{"instance_id": "django__django-13658", "step_id": 0, "tool_start": 1767711439.9776602, "tool_end": 1767711440.5955768, "tool_time": 0.6179165840148926}
{"instance_id": "django__django-13658", "step_id": 0, "tool_start": 1767711440.5961683, "tool_end": 1767711443.2256424, "tool_time": 2.62947416305542}
{"instance_id": "django__django-13658", "step_id": 0, "tool_start": 1767711443.2299914, "tool_end": 1767711443.8510077, "tool_time": 0.621016263961792}
{"instance_id": "django__django-13658", "step_id": 0, "tool_start": 1767711443.853747, "tool_end": 1767711445.982943, "tool_time": 2.1291961669921875}
{"instance_id": "django__django-13658", "step_id": 0, "tool_start": 1767711445.9837167, "tool_end": 1767711446.6039653, "tool_time": 0.620248556137085}
{"instance_id": "django__django-13658", "step_id": 0, "tool_start": 1767711446.6053443, "tool_end": 1767711447.2211492, "tool_time": 0.61580491065979}
{"instance_id": "django__django-13658", "env_prepare_start": 1767710756.2056417, "env_prepare_end": 1767711447.2220056, "env_prepare_time": 691.0163638591766}
{"instance_id": "django__django-13658", "step_id": 1, "llm_start": 1767711447.249266, "llm_first_chunk": 1767711447.679401, "llm_end": 1767711451.629418, "prefill_time": 0.43013501167297363, "decode_time": 3.950016975402832, "llm_total_time": 4.380151987075806}
{"instance_id": "django__django-13658", "step_id": 2, "llm_start": 1767711451.6327229, "llm_first_chunk": 1767711451.8000035, "llm_end": 1767711455.764213, "prefill_time": 0.1672806739807129, "decode_time": 3.96420955657959, "llm_total_time": 4.131490230560303}
{"instance_id": "django__django-13658", "step_id": 1, "tool_start": 1767711455.7675667, "tool_end": 1767711455.7854571, "tool_time": 0.017890453338623047}
{"instance_id": "django__django-13658", "step_id": 3, "llm_start": 1767711455.7894769, "llm_first_chunk": 1767711456.2303264, "llm_end": 1767711475.0432584, "prefill_time": 0.44084954261779785, "decode_time": 18.812932014465332, "llm_total_time": 19.25378155708313}
{"instance_id": "django__django-13658", "step_id": 2, "tool_start": 1767711475.04758, "tool_end": 1767711475.6672106, "tool_time": 0.6196305751800537}
{"instance_id": "django__django-13658", "step_id": 4, "llm_start": 1767711475.672173, "llm_first_chunk": 1767711476.1373498, "llm_end": 1767711478.486167, "prefill_time": 0.4651768207550049, "decode_time": 2.3488171100616455, "llm_total_time": 2.8139939308166504}
{"instance_id": "django__django-13658", "step_id": 3, "tool_start": 1767711478.489037, "tool_end": 1767711478.5044148, "tool_time": 0.01537775993347168}
{"instance_id": "django__django-13658", "step_id": 5, "llm_start": 1767711478.509551, "llm_first_chunk": 1767711478.972685, "llm_end": 1767711482.9369085, "prefill_time": 0.4631340503692627, "decode_time": 3.9642233848571777, "llm_total_time": 4.42735743522644}
{"instance_id": "django__django-13658", "step_id": 4, "tool_start": 1767711482.9400532, "tool_end": 1767711483.561153, "tool_time": 0.6210997104644775}
{"instance_id": "django__django-13658", "step_id": 6, "llm_start": 1767711483.567282, "llm_first_chunk": 1767711483.8854487, "llm_end": 1767711486.9562027, "prefill_time": 0.31816673278808594, "decode_time": 3.070754051208496, "llm_total_time": 3.388920783996582}
{"instance_id": "django__django-13658", "step_id": 5, "tool_start": 1767711486.9595563, "tool_end": 1767711486.9638174, "tool_time": 0.004261016845703125}
{"instance_id": "django__django-13658", "step_id": 7, "llm_start": 1767711486.9690797, "llm_first_chunk": 1767711487.3277535, "llm_end": 1767711491.322152, "prefill_time": 0.3586738109588623, "decode_time": 3.994398355484009, "llm_total_time": 4.353072166442871}
{"instance_id": "django__django-13658", "step_id": 6, "tool_start": 1767711491.3247712, "tool_end": 1767711491.9464512, "tool_time": 0.6216800212860107}
{"instance_id": "django__django-13658", "step_id": 8, "llm_start": 1767711491.9531798, "llm_first_chunk": 1767711492.1550446, "llm_end": 1767711495.1839805, "prefill_time": 0.20186471939086914, "decode_time": 3.0289359092712402, "llm_total_time": 3.2308006286621094}
{"instance_id": "django__django-13658", "step_id": 7, "tool_start": 1767711495.1883013, "tool_end": 1767711495.1920953, "tool_time": 0.003793954849243164}
{"instance_id": "django__django-13658", "step_id": 9, "llm_start": 1767711495.198262, "llm_first_chunk": 1767711495.4205213, "llm_end": 1767711499.0668974, "prefill_time": 0.2222592830657959, "decode_time": 3.646376132965088, "llm_total_time": 3.868635416030884}
{"instance_id": "django__django-13658", "step_id": 8, "tool_start": 1767711499.0697708, "tool_end": 1767711499.0829117, "tool_time": 0.01314091682434082}
{"instance_id": "django__django-13658", "step_id": 10, "llm_start": 1767711499.0887482, "llm_first_chunk": 1767711499.4022994, "llm_end": 1767711502.0476363, "prefill_time": 0.3135511875152588, "decode_time": 2.645336866378784, "llm_total_time": 2.958888053894043}
{"instance_id": "django__django-13658", "step_id": 9, "tool_start": 1767711502.0654233, "tool_end": 1767711502.6849494, "tool_time": 0.6195261478424072}
{"instance_id": "django__django-13658", "step_id": 11, "llm_start": 1767711502.7016358, "llm_first_chunk": 1767711503.060672, "llm_end": 1767711507.891359, "prefill_time": 0.3590362071990967, "decode_time": 4.830687046051025, "llm_total_time": 5.189723253250122}
{"instance_id": "django__django-13658", "step_id": 10, "tool_start": 1767711507.898132, "tool_end": 1767711507.9103372, "tool_time": 0.012205123901367188}
{"instance_id": "django__django-13658", "step_id": 12, "llm_start": 1767711507.919764, "llm_first_chunk": 1767711508.210684, "llm_end": 1767711511.2863145, "prefill_time": 0.2909200191497803, "decode_time": 3.0756304264068604, "llm_total_time": 3.3665504455566406}
{"instance_id": "django__django-13658", "step_id": 11, "tool_start": 1767711511.2896597, "tool_end": 1767711511.293261, "tool_time": 0.0036013126373291016}
{"instance_id": "django__django-13658", "step_id": 13, "llm_start": 1767711511.2997866, "llm_first_chunk": 1767711511.5823965, "llm_end": 1767711514.9320147, "prefill_time": 0.2826099395751953, "decode_time": 3.3496181964874268, "llm_total_time": 3.632228136062622}
{"instance_id": "django__django-13658", "step_id": 12, "tool_start": 1767711514.9358509, "tool_end": 1767711515.5542223, "tool_time": 0.6183714866638184}
{"instance_id": "django__django-13658", "step_id": 14, "llm_start": 1767711515.598022, "llm_first_chunk": 1767711516.16141, "llm_end": 1767711520.2065222, "prefill_time": 0.5633881092071533, "decode_time": 4.045112133026123, "llm_total_time": 4.608500242233276}
{"instance_id": "django__django-13658", "step_id": 13, "tool_start": 1767711520.2100897, "tool_end": 1767711520.8296273, "tool_time": 0.6195375919342041}
{"instance_id": "django__django-13658", "step_id": 15, "llm_start": 1767711520.8439648, "llm_first_chunk": 1767711521.0651782, "llm_end": 1767711523.695039, "prefill_time": 0.22121334075927734, "decode_time": 2.6298608779907227, "llm_total_time": 2.85107421875}
{"instance_id": "django__django-13658", "step_id": 14, "tool_start": 1767711523.6985834, "tool_end": 1767711523.704388, "tool_time": 0.005804538726806641}
{"instance_id": "django__django-13658", "step_id": 16, "llm_start": 1767711523.7147408, "llm_first_chunk": 1767711523.988508, "llm_end": 1767711526.0931714, "prefill_time": 0.27376723289489746,