{"instance_id": "django__django-14787", "step_id": 0, "tool_start": 1767712357.5544767, "tool_end": 1767712358.1750793, "tool_time": 0.6206026077270508}
{"instance_id": "django__django-14787", "step_id": 0, "tool_start": 1767712358.17599, "tool_end": 1767712358.7953966, "tool_time": 0.6194064617156982}
{"instance_id": "django__django-14787", "step_id": 0, "tool_start": 1767712358.7960706, "tool_end": 1767712359.4141395, "tool_time": 0.6180689334869385}
{"instance_id": "django__django-14787", "step_id": 0, "tool_start": 1767712359.4212918, "tool_end": 1767712360.0393035, "tool_time": 0.6180117130279541}
{"instance_id": "django__django-14787", "step_id": 0, "tool_start": 1767712360.0405188, "tool_end": 1767712360.6580505, "tool_time": 0.6175317764282227}
{"instance_id": "django__django-14787", "step_id": 0, "tool_start": 1767712360.6591787, "tool_end": 1767712362.7846282, "tool_time": 2.1254494190216064}
{"instance_id": "django__django-14787", "step_id": 0, "tool_start": 1767712362.7856116, "tool_end": 1767712363.4024558, "tool_time": 0.6168441772460938}
{"instance_id": "django__django-14787", "step_id": 0, "tool_start": 1767712363.4059772, "tool_end": 1767712366.034966, "tool_time": 2.628988742828369}
{"instance_id": "django__django-14787", "step_id": 0, "tool_start": 1767712366.0358672, "tool_end": 1767712366.655416, "tool_time": 0.6195487976074219}
{"instance_id": "django__django-14787", "step_id": 0, "tool_start": 1767712366.6565719, "tool_end": 1767712367.2750912, "tool_time": 0.6185193061828613}
{"instance_id": "django__django-14787", "env_prepare_start": 1767711783.1797314, "env_prepare_end": 1767712367.2834308, "env_prepare_time": 584.1036994457245}
{"instance_id": "django__django-14787", "step_id": 1, "llm_start": 1767712367.3706427, "llm_first_chunk": 1767712367.6283882, "llm_end": 1767712370.329035, "prefill_time": 0.25774550437927246, "decode_time": 2.7006468772888184, "llm_total_time": 2.958392381668091}
{"instance_id": "django__django-14787", "step_id": 2, "llm_start": 1767712370.3330061, "llm_first_chunk": 1767712370.4858491, "llm_end": 1767712374.0988662, "prefill_time": 0.15284299850463867, "decode_time": 3.6130170822143555, "llm_total_time": 3.765860080718994}
{"instance_id": "django__django-14787", "step_id": 1, "tool_start": 1767712374.1023548, "tool_end": 1767712374.7285182, "tool_time": 0.6261634826660156}
{"instance_id": "django__django-14787", "step_id": 3, "llm_start": 1767712374.732084, "llm_first_chunk": 1767712374.929363, "llm_end": 1767712377.4159486, "prefill_time": 0.1972789764404297, "decode_time": 2.4865856170654297, "llm_total_time": 2.6838645935058594}
{"instance_id": "django__django-14787", "step_id": 2, "tool_start": 1767712377.4185495, "tool_end": 1767712378.040793, "tool_time": 0.6222434043884277}
{"instance_id": "django__django-14787", "step_id": 4, "llm_start": 1767712378.0449772, "llm_first_chunk": 1767712378.2279015, "llm_end": 1767712380.3717775, "prefill_time": 0.1829242706298828, "decode_time": 2.143876075744629, "llm_total_time": 2.3268003463745117}
{"instance_id": "django__django-14787", "step_id": 3, "tool_start": 1767712380.3750162, "tool_end": 1767712380.9983997, "tool_time": 0.6233835220336914}
{"instance_id": "django__django-14787", "step_id": 5, "llm_start": 1767712381.0043983, "llm_first_chunk": 1767712381.268208, "llm_end": 1767712382.9415212, "prefill_time": 0.2638096809387207, "decode_time": 1.6733131408691406, "llm_total_time": 1.9371228218078613}
{"instance_id": "django__django-14787", "step_id": 4, "tool_start": 1767712382.94552, "tool_end": 1767712382.9529052, "tool_time": 0.00738525390625}
{"instance_id": "django__django-14787", "step_id": 6, "llm_start": 1767712382.9607155, "llm_first_chunk": 1767712383.3502512, "llm_end": 1767712397.479261, "prefill_time": 0.38953566551208496, "decode_time": 14.12900972366333, "llm_total_time": 14.518545389175415}
{"instance_id": "django__django-14787", "step_id": 5, "tool_start": 1767712397.5586445, "tool_end": 1767712398.1771274, "tool_time": 0.6184828281402588}
{"instance_id": "django__django-14787", "step_id": 7, "llm_start": 1767712398.1825054, "llm_first_chunk": 1767712398.3528554, "llm_end": 1767712400.6834695, "prefill_time": 0.1703500747680664, "decode_time": 2.3306140899658203, "llm_total_time": 2.5009641647338867}
{"instance_id": "django__django-14787", "step_id": 6, "tool_start": 1767712400.6867158, "tool_end": 1767712401.3073587, "tool_time": 0.620642900466919}
{"instance_id": "django__django-14787", "step_id": 8, "llm_start": 1767712401.3164637, "llm_first_chunk": 1767712401.5243764, "llm_end": 1767712403.1970544, "prefill_time": 0.20791268348693848, "decode_time": 1.672677993774414, "llm_total_time": 1.8805906772613525}
{"instance_id": "django__django-14787", "step_id": 7, "tool_start": 1767712403.1997626, "tool_end": 1767712403.2073534, "tool_time": 0.007590770721435547}
{"instance_id": "django__django-14787", "step_id": 9, "llm_start": 1767712403.2138698, "llm_first_chunk": 1767712403.6831288, "llm_end": 1767712415.2547863, "prefill_time": 0.46925902366638184, "decode_time": 11.571657419204712, "llm_total_time": 12.040916442871094}
{"instance_id": "django__django-14787", "step_id": 8, "tool_start": 1767712415.2588534, "tool_end": 1767712415.263319, "tool_time": 0.004465579986572266}
{"instance_id": "django__django-14787", "step_id": 10, "llm_start": 1767712415.2709067, "llm_first_chunk": 1767712415.4669867, "llm_end": 1767712416.9213223, "prefill_time": 0.19607996940612793, "decode_time": 1.4543356895446777, "llm_total_time": 1.6504156589508057}
{"instance_id": "django__django-14787", "step_id": 9, "tool_start": 1767712416.9238484, "tool_end": 1767712417.542739, "tool_time": 0.6188905239105225}
{"instance_id": "django__django-14787", "step_id": 11, "llm_start": 1767712417.5502677, "llm_first_chunk": 1767712417.711906, "llm_end": 1767712430.1464503, "prefill_time": 0.1616382598876953, "decode_time": 12.434544324874878, "llm_total_time": 12.596182584762573}
{"instance_id": "django__django-14787", "step_id": 12, "llm_start": 1767712430.1603115, "llm_first_chunk": 1767712430.334168, "llm_end": 1767712453.732587, "prefill_time": 0.17385649681091309, "decode_time": 23.39841914176941, "llm_total_time": 23.572275638580322}
{"instance_id": "django__django-14787", "step_id": 10, "tool_start": 1767712453.7360578, "tool_end": 1767712453.7453556, "tool_time": 0.009297847747802734}
{"instance_id": "django__django-14787", "step_id": 13, "llm_start": 1767712453.75324, "llm_first_chunk": 1767712454.069591, "llm_end": 1767712456.3335576, "prefill_time": 0.31635093688964844, "decode_time": 2.2639665603637695, "llm_total_time": 2.580317497253418}
{"instance_id": "django__django-14787", "step_id": 11, "tool_start": 1767712456.339001, "tool_end": 1767712456.959072, "tool_time": 0.6200711727142334}
{"instance_id": "django__django-14787", "step_id": 14, "llm_start": 1767712456.9699779, "llm_first_chunk": 1767712457.1695962, "llm_end": 1767712485.0127053, "prefill_time": 0.19961833953857422, "decode_time": 27.843109130859375, "llm_total_time": 28.04272747039795}
{"instance_id": "django__django-14787", "step_id": 12, "tool_start": 1767712485.0169559, "tool_end": 1767712485.0217538, "tool_time": 0.004797935485839844}
{"instance_id": "django__django-14787", "step_id": 15, "llm_start": 1767712485.030745, "llm_first_chunk": 1767712485.2306259, "llm_end": 1767712487.1214066, "prefill_time": 0.19988083839416504, "decode_time": 1.8907806873321533, "llm_total_time": 2.0906615257263184}
{"instance_id": "django__django-14787", "step_id": 13, "tool_start": 1767712487.1258802, "tool_end": 1767712487.7486444, "tool_time": 0.6227641105651855}
{"instance_id": "django__django-14787", "step_id": 16, "llm_start": 1767712487.7621868, "llm_first_chunk": 1767712487.9970055, "llm_end": 1767712492.2180393, "prefill_time": 0.234818696975708, "decode_time": 4.221033811569214, "llm_total_time": 4.455852508544922}
{"instance_id": "django__django-14787", "step_id": 14,