{"instance_id": "astropy__astropy-14182", "step_id": 0, "tool_start": 1767710002.6245663, "tool_end": 1767710003.244325, "tool_time": 0.6197586059570312}
{"instance_id": "astropy__astropy-14182", "step_id": 0, "tool_start": 1767710003.244988, "tool_end": 1767710003.8624935, "tool_time": 0.6175055503845215}
{"instance_id": "astropy__astropy-14182", "step_id": 0, "tool_start": 1767710003.8657556, "tool_end": 1767710004.4850652, "tool_time": 0.619309663772583}
{"instance_id": "astropy__astropy-14182", "step_id": 0, "tool_start": 1767710004.5484333, "tool_end": 1767710005.1655722, "tool_time": 0.6171388626098633}
{"instance_id": "astropy__astropy-14182", "step_id": 0, "tool_start": 1767710005.1664448, "tool_end": 1767710005.7851257, "tool_time": 0.6186809539794922}
{"instance_id": "astropy__astropy-14182", "step_id": 0, "tool_start": 1767710005.830357, "tool_end": 1767710006.9520168, "tool_time": 1.121659755706787}
{"instance_id": "astropy__astropy-14182", "step_id": 0, "tool_start": 1767710006.9527912, "tool_end": 1767710007.5705507, "tool_time": 0.6177594661712646}
{"instance_id": "astropy__astropy-14182", "step_id": 0, "tool_start": 1767710007.5713477, "tool_end": 1767710008.1892693, "tool_time": 0.6179215908050537}
{"instance_id": "astropy__astropy-14182", "step_id": 0, "tool_start": 1767710008.1934583, "tool_end": 1767710008.8293118, "tool_time": 0.6358535289764404}
{"instance_id": "astropy__astropy-14182", "step_id": 0, "tool_start": 1767710008.8300803, "tool_end": 1767710009.4505455, "tool_time": 0.6204652786254883}
{"instance_id": "astropy__astropy-14182", "env_prepare_start": 1767709008.3159533, "env_prepare_end": 1767710009.4520097, "env_prepare_time": 1001.1360564231873}
{"instance_id": "astropy__astropy-14182", "step_id": 1, "llm_start": 1767710009.4991927, "llm_first_chunk": 1767710009.913426, "llm_end": 1767710013.548744, "prefill_time": 0.4142332077026367, "decode_time": 3.6353180408477783, "llm_total_time": 4.049551248550415}
{"instance_id": "astropy__astropy-14182", "step_id": 1, "tool_start": 1767710013.5523872, "tool_end": 1767710014.1761224, "tool_time": 0.6237351894378662}
{"instance_id": "astropy__astropy-14182", "step_id": 2, "llm_start": 1767710014.179611, "llm_first_chunk": 1767710014.4321911, "llm_end": 1767710036.0167317, "prefill_time": 0.2525801658630371, "decode_time": 21.584540605545044, "llm_total_time": 21.83712077140808}
{"instance_id": "astropy__astropy-14182", "step_id": 2, "tool_start": 1767710036.0194557, "tool_end": 1767710036.639033, "tool_time": 0.6195774078369141}
{"instance_id": "astropy__astropy-14182", "step_id": 3, "llm_start": 1767710036.6429112, "llm_first_chunk": 1767710037.2368398, "llm_end": 1767710040.8579855, "prefill_time": 0.5939285755157471, "decode_time": 3.621145725250244, "llm_total_time": 4.215074300765991}
{"instance_id": "astropy__astropy-14182", "step_id": 3, "tool_start": 1767710040.8602343, "tool_end": 1767710040.8750105, "tool_time": 0.014776229858398438}
{"instance_id": "astropy__astropy-14182", "step_id": 4, "llm_start": 1767710040.8794625, "llm_first_chunk": 1767710041.3527637, "llm_end": 1767710047.0540776, "prefill_time": 0.4733011722564697, "decode_time": 5.7013139724731445, "llm_total_time": 6.174615144729614}
{"instance_id": "astropy__astropy-14182", "step_id": 4, "tool_start": 1767710047.0563571, "tool_end": 1767710047.6749835, "tool_time": 0.6186263561248779}
{"instance_id": "astropy__astropy-14182", "step_id": 5, "llm_start": 1767710047.679265, "llm_first_chunk": 1767710047.9805655, "llm_end": 1767710054.1627643, "prefill_time": 0.3013005256652832, "decode_time": 6.182198762893677, "llm_total_time": 6.48349928855896}
{"instance_id": "astropy__astropy-14182", "step_id": 5, "tool_start": 1767710054.16688, "tool_end": 1767710054.78684, "tool_time": 0.6199600696563721}
{"instance_id": "astropy__astropy-14182", "step_id": 6, "llm_start": 1767710054.7941074, "llm_first_chunk": 1767710055.0117714, "llm_end": 1767710059.2322447, "prefill_time": 0.21766400337219238, "decode_time": 4.220473289489746, "llm_total_time": 4.4381372928619385}
{"instance_id": "astropy__astropy-14182", "step_id": 6, "tool_start": 1767710059.2353315, "tool_end": 1767710059.2403417, "tool_time": 0.005010128021240234}
{"instance_id": "astropy__astropy-14182", "step_id": 7, "llm_start": 1767710059.2470834, "llm_first_chunk": 1767710059.735964, "llm_end": 1767710064.032149, "prefill_time": 0.48888063430786133, "decode_time": 4.29618501663208, "llm_total_time": 4.785065650939941}
{"instance_id": "astropy__astropy-14182", "step_id": 7, "tool_start": 1767710064.0345464, "tool_end": 1767710064.0510926, "tool_time": 0.016546249389648438}
{"instance_id": "astropy__astropy-14182", "step_id": 8, "llm_start": 1767710064.056013, "llm_first_chunk": 1767710064.5572112, "llm_end": 1767710069.9278114, "prefill_time": 0.5011980533599854, "decode_time": 5.37060022354126, "llm_total_time": 5.871798276901245}
{"instance_id": "astropy__astropy-14182", "step_id": 8, "tool_start": 1767710069.9307165, "tool_end": 1767710070.5498853, "tool_time": 0.619168758392334}
{"instance_id": "astropy__astropy-14182", "step_id": 9, "llm_start": 1767710070.5576825, "llm_first_chunk": 1767710070.7701056, "llm_end": 1767710075.9452393, "prefill_time": 0.21242308616638184, "decode_time": 5.17513370513916, "llm_total_time": 5.387556791305542}
{"instance_id": "astropy__astropy-14182", "step_id": 9, "tool_start": 1767710075.9485848, "tool_end": 1767710076.5671957, "tool_time": 0.6186108589172363}
{"instance_id": "astropy__astropy-14182", "step_id": 10, "llm_start": 1767710076.5764294, "llm_first_chunk": 1767710076.894047, "llm_end": 1767710081.7359061, "prefill_time": 0.31761765480041504, "decode_time": 4.8418591022491455, "llm_total_time": 5.1594767570495605}
{"instance_id": "astropy__astropy-14182", "step_id": 10, "tool_start": 1767710081.738249, "tool_end": 1767710082.3568711, "tool_time": 0.6186220645904541}
{"instance_id": "astropy__astropy-14182", "step_id": 11, "llm_start": 1767710082.3643723, "llm_first_chunk": 1767710082.6813598, "llm_end": 1767710086.9348872, "prefill_time": 0.3169875144958496, "decode_time": 4.253527402877808, "llm_total_time": 4.570514917373657}
{"instance_id": "astropy__astropy-14182", "step_id": 11, "tool_start": 1767710086.93757, "tool_end": 1767710087.5557268, "tool_time": 0.6181566715240479}
{"instance_id": "astropy__astropy-14182", "step_id": 12, "llm_start": 1767710087.5625553, "llm_first_chunk": 1767710088.019023, "llm_end": 1767710093.073821, "prefill_time": 0.4564676284790039, "decode_time": 5.054798126220703, "llm_total_time": 5.511265754699707}
{"instance_id": "astropy__astropy-14182", "step_id": 12, "tool_start": 1767710093.0765994, "tool_end": 1767710093.6953897, "tool_time": 0.6187903881072998}
{"instance_id": "astropy__astropy-14182", "step_id": 13, "llm_start": 1767710093.702892, "llm_first_chunk": 1767710094.2028954, "llm_end": 1767710117.5695531, "prefill_time": 0.5000033378601074, "decode_time": 23.366657733917236, "llm_total_time": 23.866661071777344}
{"instance_id": "astropy__astropy-14182", "step_id": 13, "tool_start": 1767710117.5724313, "tool_end": 1767710117.5761683, "tool_time": 0.0037369728088378906}
{"instance_id": "astropy__astropy-14182", "step_id": 14, "llm_start": 1767710117.583557, "llm_first_chunk": 1767710117.810706, "llm_end": 1767710120.7706492, "prefill_time": 0.22714900970458984, "decode_time": 2.9599432945251465, "llm_total_time": 3.1870923042297363}
{"instance_id": "astropy__astropy-14182", "step_id": 14, "tool_start": 1767710120.773372, "tool_end": 1767710121.895441, "tool_time": 1.1220691204071045}
{"instance_id": "astropy__astropy-14182", "step_id": 15, "llm_start": 1767710121.904002, "llm_first_chunk": 1767710122.1186116, "llm_end": 1767710148.2514024, "prefill_time": 0.21460962295532227, "decode_time": 26.1327908039093, "llm_total_time": 26.347400426864624}
{"instance_id": "astropy__astropy-14182", "step_id": 15, "tool_start": 1767710148.2562692, "tool_end": 1767710148.2635095,