{"instance_id": "psf__requests-863", "step_id": 0, "tool_start": 1767715044.5830622, "tool_end": 1767715045.204237, "tool_time": 0.6211748123168945}
{"instance_id": "psf__requests-863", "step_id": 0, "tool_start": 1767715045.2378175, "tool_end": 1767715045.8574185, "tool_time": 0.6196010112762451}
{"instance_id": "psf__requests-863", "step_id": 0, "tool_start": 1767715045.8586807, "tool_end": 1767715046.4770021, "tool_time": 0.618321418762207}
{"instance_id": "psf__requests-863", "step_id": 0, "tool_start": 1767715046.485606, "tool_end": 1767715047.103199, "tool_time": 0.6175930500030518}
{"instance_id": "psf__requests-863", "step_id": 0, "tool_start": 1767715047.1083398, "tool_end": 1767715047.7264712, "tool_time": 0.6181313991546631}
{"instance_id": "psf__requests-863", "step_id": 0, "tool_start": 1767715047.7270472, "tool_end": 1767715048.345425, "tool_time": 0.618377685546875}
{"instance_id": "psf__requests-863", "step_id": 0, "tool_start": 1767715048.3463295, "tool_end": 1767715048.965806, "tool_time": 0.6194765567779541}
{"instance_id": "psf__requests-863", "step_id": 0, "tool_start": 1767715048.989958, "tool_end": 1767715049.6095474, "tool_time": 0.6195893287658691}
{"instance_id": "psf__requests-863", "step_id": 0, "tool_start": 1767715049.610328, "tool_end": 1767715050.230062, "tool_time": 0.6197340488433838}
{"instance_id": "psf__requests-863", "step_id": 0, "tool_start": 1767715050.2340577, "tool_end": 1767715050.8530412, "tool_time": 0.6189835071563721}
{"instance_id": "psf__requests-863", "env_prepare_start": 1767714583.196356, "env_prepare_end": 1767715050.854468, "env_prepare_time": 467.6581120491028}
{"instance_id": "psf__requests-863", "step_id": 1, "llm_start": 1767715050.8884726, "llm_first_chunk": 1767715051.377644, "llm_end": 1767715055.5232277, "prefill_time": 0.48917150497436523, "decode_time": 4.145583629608154, "llm_total_time": 4.6347551345825195}
{"instance_id": "psf__requests-863", "step_id": 2, "llm_start": 1767715055.5507889, "llm_first_chunk": 1767715055.7860827, "llm_end": 1767715059.6200962, "prefill_time": 0.23529386520385742, "decode_time": 3.8340134620666504, "llm_total_time": 4.069307327270508}
{"instance_id": "psf__requests-863", "step_id": 1, "tool_start": 1767715059.6228476, "tool_end": 1767715059.6384838, "tool_time": 0.015636205673217773}
{"instance_id": "psf__requests-863", "step_id": 3, "llm_start": 1767715059.6418228, "llm_first_chunk": 1767715059.993277, "llm_end": 1767715062.72686, "prefill_time": 0.3514542579650879, "decode_time": 2.7335829734802246, "llm_total_time": 3.0850372314453125}
{"instance_id": "psf__requests-863", "step_id": 2, "tool_start": 1767715062.7297075, "tool_end": 1767715062.7417607, "tool_time": 0.012053251266479492}
{"instance_id": "psf__requests-863", "step_id": 4, "llm_start": 1767715062.7463093, "llm_first_chunk": 1767715063.0309641, "llm_end": 1767715065.8232443, "prefill_time": 0.2846548557281494, "decode_time": 2.7922801971435547, "llm_total_time": 3.076935052871704}
{"instance_id": "psf__requests-863", "step_id": 3, "tool_start": 1767715065.8258936, "tool_end": 1767715065.8406336, "tool_time": 0.014739990234375}
{"instance_id": "psf__requests-863", "step_id": 5, "llm_start": 1767715065.846103, "llm_first_chunk": 1767715066.3326018, "llm_end": 1767715069.423379, "prefill_time": 0.4864988327026367, "decode_time": 3.0907771587371826, "llm_total_time": 3.5772759914398193}
{"instance_id": "psf__requests-863", "step_id": 4, "tool_start": 1767715069.4259734, "tool_end": 1767715070.0458004, "tool_time": 0.6198270320892334}
{"instance_id": "psf__requests-863", "step_id": 6, "llm_start": 1767715070.0515742, "llm_first_chunk": 1767715070.3840823, "llm_end": 1767715073.200171, "prefill_time": 0.3325080871582031, "decode_time": 2.8160886764526367, "llm_total_time": 3.14859676361084}
{"instance_id": "psf__requests-863", "step_id": 5, "tool_start": 1767715073.2030923, "tool_end": 1767715073.2098649, "tool_time": 0.006772518157958984}
{"instance_id": "psf__requests-863", "step_id": 7, "llm_start": 1767715073.2158077, "llm_first_chunk": 1767715073.5795789, "llm_end": 1767715076.843141, "prefill_time": 0.3637712001800537, "decode_time": 3.2635622024536133, "llm_total_time": 3.627333402633667}
{"instance_id": "psf__requests-863", "step_id": 6, "tool_start": 1767715076.8464186, "tool_end": 1767715076.8502648, "tool_time": 0.0038461685180664062}
{"instance_id": "psf__requests-863", "step_id": 8, "llm_start": 1767715076.8571856, "llm_first_chunk": 1767715077.267815, "llm_end": 1767715080.4028184, "prefill_time": 0.4106295108795166, "decode_time": 3.1350033283233643, "llm_total_time": 3.545632839202881}
{"instance_id": "psf__requests-863", "step_id": 7, "tool_start": 1767715080.4053917, "tool_end": 1767715080.409457, "tool_time": 0.004065275192260742}
{"instance_id": "psf__requests-863", "step_id": 9, "llm_start": 1767715080.415179, "llm_first_chunk": 1767715080.6851897, "llm_end": 1767715083.094423, "prefill_time": 0.27001070976257324, "decode_time": 2.409233331680298, "llm_total_time": 2.679244041442871}
{"instance_id": "psf__requests-863", "step_id": 8, "tool_start": 1767715083.1077294, "tool_end": 1767715083.1158965, "tool_time": 0.008167028427124023}
{"instance_id": "psf__requests-863", "step_id": 10, "llm_start": 1767715083.1223254, "llm_first_chunk": 1767715083.3319485, "llm_end": 1767715086.3164732, "prefill_time": 0.20962309837341309, "decode_time": 2.984524726867676, "llm_total_time": 3.194147825241089}
{"instance_id": "psf__requests-863", "step_id": 9, "tool_start": 1767715086.3211873, "tool_end": 1767715086.9449375, "tool_time": 0.6237502098083496}
{"instance_id": "psf__requests-863", "step_id": 11, "llm_start": 1767715086.9516544, "llm_first_chunk": 1767715087.1753032, "llm_end": 1767715107.1338625, "prefill_time": 0.2236487865447998, "decode_time": 19.958559274673462, "llm_total_time": 20.18220806121826}
{"instance_id": "psf__requests-863", "step_id": 10, "tool_start": 1767715107.1389666, "tool_end": 1767715107.7621634, "tool_time": 0.6231968402862549}
{"instance_id": "psf__requests-863", "step_id": 12, "llm_start": 1767715107.7728584, "llm_first_chunk": 1767715108.2143695, "llm_end": 1767715110.6073666, "prefill_time": 0.4415111541748047, "decode_time": 2.3929970264434814, "llm_total_time": 2.834508180618286}
{"instance_id": "psf__requests-863", "step_id": 11, "tool_start": 1767715110.6107023, "tool_end": 1767715111.7330387, "tool_time": 1.1223363876342773}
{"instance_id": "psf__requests-863", "step_id": 13, "llm_start": 1767715111.7443297, "llm_first_chunk": 1767715111.9673662, "llm_end": 1767715115.463396, "prefill_time": 0.223036527633667, "decode_time": 3.496029853820801, "llm_total_time": 3.7190663814544678}
{"instance_id": "psf__requests-863", "step_id": 12, "tool_start": 1767715115.4822834, "tool_end": 1767715115.4998868, "tool_time": 0.017603397369384766}
{"instance_id": "psf__requests-863", "step_id": 14, "llm_start": 1767715115.5291996, "llm_first_chunk": 1767715115.7897837, "llm_end": 1767715142.9528177, "prefill_time": 0.26058411598205566, "decode_time": 27.163033962249756, "llm_total_time": 27.42361807823181}
{"instance_id": "psf__requests-863", "step_id": 13, "tool_start": 1767715142.9573913, "tool_end": 1767715142.9625804, "tool_time": 0.005189180374145508}
{"instance_id": "psf__requests-863", "step_id": 15, "llm_start": 1767715142.9732008, "llm_first_chunk": 1767715143.3240638, "llm_end": 1767715144.9036207, "prefill_time": 0.350862979888916, "decode_time": 1.579556941986084, "llm_total_time": 1.930419921875}
{"instance_id": "psf__requests-863", "step_id": 14, "tool_start": 1767715144.9074054, "tool_end": 1767715145.527052, "tool_time": 0.6196465492248535}
{"instance_id": "psf__requests-863", "step_id": 16, "llm_start": 1767715145.5367122, "llm_first_chunk": 1767715145.8029282, "llm_end": 1767715164.924896, "prefill_time": 0.2662160396575928, "decode_time": 19.121967792510986, "llm_total_time": 19.38818383216858}
{"instance_id": "psf__requests-863", "step_id": 15,