{"instance_id": "mwaskom__seaborn-3010", "step_id": 0, "tool_start": 1767714605.0675883, "tool_end": 1767714605.6867948, "tool_time": 0.619206428527832}
{"instance_id": "mwaskom__seaborn-3010", "step_id": 0, "tool_start": 1767714605.6903355, "tool_end": 1767714606.308549, "tool_time": 0.618213415145874}
{"instance_id": "mwaskom__seaborn-3010", "step_id": 0, "tool_start": 1767714606.3275383, "tool_end": 1767714606.944438, "tool_time": 0.6168997287750244}
{"instance_id": "mwaskom__seaborn-3010", "step_id": 0, "tool_start": 1767714607.017105, "tool_end": 1767714607.6341498, "tool_time": 0.6170446872711182}
{"instance_id": "mwaskom__seaborn-3010", "step_id": 0, "tool_start": 1767714607.6349337, "tool_end": 1767714608.2517405, "tool_time": 0.6168067455291748}
{"instance_id": "mwaskom__seaborn-3010", "step_id": 0, "tool_start": 1767714608.2522967, "tool_end": 1767714608.8703647, "tool_time": 0.6180679798126221}
{"instance_id": "mwaskom__seaborn-3010", "step_id": 0, "tool_start": 1767714608.870936, "tool_end": 1767714609.488682, "tool_time": 0.617746114730835}
{"instance_id": "mwaskom__seaborn-3010", "step_id": 0, "tool_start": 1767714609.489261, "tool_end": 1767714610.112147, "tool_time": 0.6228861808776855}
{"instance_id": "mwaskom__seaborn-3010", "step_id": 0, "tool_start": 1767714610.1129522, "tool_end": 1767714610.7316544, "tool_time": 0.6187021732330322}
{"instance_id": "mwaskom__seaborn-3010", "step_id": 0, "tool_start": 1767714610.7322552, "tool_end": 1767714611.3498802, "tool_time": 0.6176249980926514}
{"instance_id": "mwaskom__seaborn-3010", "env_prepare_start": 1767714109.1416428, "env_prepare_end": 1767714611.3509235, "env_prepare_time": 502.2092807292938}
{"instance_id": "mwaskom__seaborn-3010", "step_id": 1, "llm_start": 1767714611.381248, "llm_first_chunk": 1767714611.7208598, "llm_end": 1767714615.9852974, "prefill_time": 0.3396117687225342, "decode_time": 4.264437675476074, "llm_total_time": 4.604049444198608}
{"instance_id": "mwaskom__seaborn-3010", "step_id": 2, "llm_start": 1767714615.990306, "llm_first_chunk": 1767714616.1694264, "llm_end": 1767714623.136281, "prefill_time": 0.17912054061889648, "decode_time": 6.966854572296143, "llm_total_time": 7.145975112915039}
{"instance_id": "mwaskom__seaborn-3010", "step_id": 3, "llm_start": 1767714623.143096, "llm_first_chunk": 1767714623.3232665, "llm_end": 1767714624.7951458, "prefill_time": 0.18017053604125977, "decode_time": 1.471879243850708, "llm_total_time": 1.6520497798919678}
{"instance_id": "mwaskom__seaborn-3010", "step_id": 1, "tool_start": 1767714624.8015568, "tool_end": 1767714624.8168156, "tool_time": 0.0152587890625}
{"instance_id": "mwaskom__seaborn-3010", "step_id": 4, "llm_start": 1767714624.8219082, "llm_first_chunk": 1767714625.0302222, "llm_end": 1767714626.9329405, "prefill_time": 0.2083139419555664, "decode_time": 1.9027183055877686, "llm_total_time": 2.111032247543335}
{"instance_id": "mwaskom__seaborn-3010", "step_id": 2, "tool_start": 1767714626.935367, "tool_end": 1767714626.9439645, "tool_time": 0.008597373962402344}
{"instance_id": "mwaskom__seaborn-3010", "step_id": 5, "llm_start": 1767714626.9502745, "llm_first_chunk": 1767714627.598282, "llm_end": 1767714629.9583864, "prefill_time": 0.6480076313018799, "decode_time": 2.3601043224334717, "llm_total_time": 3.0081119537353516}
{"instance_id": "mwaskom__seaborn-3010", "step_id": 3, "tool_start": 1767714629.9610274, "tool_end": 1767714629.97694, "tool_time": 0.015912532806396484}
{"instance_id": "mwaskom__seaborn-3010", "step_id": 6, "llm_start": 1767714629.9817538, "llm_first_chunk": 1767714630.319419, "llm_end": 1767714632.5204625, "prefill_time": 0.3376650810241699, "decode_time": 2.2010436058044434, "llm_total_time": 2.5387086868286133}
{"instance_id": "mwaskom__seaborn-3010", "step_id": 4, "tool_start": 1767714632.5235534, "tool_end": 1767714632.530362, "tool_time": 0.00680851936340332}
{"instance_id": "mwaskom__seaborn-3010", "step_id": 7, "llm_start": 1767714632.5360756, "llm_first_chunk": 1767714632.7515616, "llm_end": 1767714635.1562347, "prefill_time": 0.2154860496520996, "decode_time": 2.4046730995178223, "llm_total_time": 2.620159149169922}
{"instance_id": "mwaskom__seaborn-3010", "step_id": 5, "tool_start": 1767714635.1586316, "tool_end": 1767714635.1660085, "tool_time": 0.007376909255981445}
{"instance_id": "mwaskom__seaborn-3010", "step_id": 8, "llm_start": 1767714635.1736069, "llm_first_chunk": 1767714635.4465697, "llm_end": 1767714641.4046423, "prefill_time": 0.2729628086090088, "decode_time": 5.958072662353516, "llm_total_time": 6.231035470962524}
{"instance_id": "mwaskom__seaborn-3010", "step_id": 6, "tool_start": 1767714641.4084213, "tool_end": 1767714643.0379784, "tool_time": 1.6295571327209473}
{"instance_id": "mwaskom__seaborn-3010", "step_id": 9, "llm_start": 1767714643.0458362, "llm_first_chunk": 1767714643.2522507, "llm_end": 1767714645.425148, "prefill_time": 0.20641446113586426, "decode_time": 2.1728973388671875, "llm_total_time": 2.3793118000030518}
{"instance_id": "mwaskom__seaborn-3010", "step_id": 7, "tool_start": 1767714645.4285812, "tool_end": 1767714645.435963, "tool_time": 0.0073816776275634766}
{"instance_id": "mwaskom__seaborn-3010", "step_id": 10, "llm_start": 1767714645.444159, "llm_first_chunk": 1767714645.6419873, "llm_end": 1767714648.5788054, "prefill_time": 0.1978282928466797, "decode_time": 2.9368181228637695, "llm_total_time": 3.134646415710449}
{"instance_id": "mwaskom__seaborn-3010", "step_id": 8, "tool_start": 1767714648.5819905, "tool_end": 1767714648.5887392, "tool_time": 0.006748676300048828}
{"instance_id": "mwaskom__seaborn-3010", "step_id": 11, "llm_start": 1767714648.5972145, "llm_first_chunk": 1767714648.9152713, "llm_end": 1767714704.1294057, "prefill_time": 0.3180568218231201, "decode_time": 55.21413445472717, "llm_total_time": 55.53219127655029}
{"instance_id": "mwaskom__seaborn-3010", "step_id": 9, "tool_start": 1767714704.1421294, "tool_end": 1767714704.2363598, "tool_time": 0.09423041343688965}
{"instance_id": "mwaskom__seaborn-3010", "step_id": 12, "llm_start": 1767714704.2572677, "llm_first_chunk": 1767714704.7599804, "llm_end": 1767714706.909093, "prefill_time": 0.5027127265930176, "decode_time": 2.1491124629974365, "llm_total_time": 2.651825189590454}
{"instance_id": "mwaskom__seaborn-3010", "step_id": 10, "tool_start": 1767714706.912531, "tool_end": 1767714708.5389404, "tool_time": 1.6264095306396484}
{"instance_id": "mwaskom__seaborn-3010", "step_id": 13, "llm_start": 1767714708.5478835, "llm_first_chunk": 1767714708.7880971, "llm_end": 1767714720.2958024, "prefill_time": 0.24021363258361816, "decode_time": 11.507705211639404, "llm_total_time": 11.747918844223022}
{"instance_id": "mwaskom__seaborn-3010", "step_id": 11, "tool_start": 1767714720.2989643, "tool_end": 1767714721.9271412, "tool_time": 1.6281769275665283}
{"instance_id": "mwaskom__seaborn-3010", "step_id": 14, "llm_start": 1767714721.9566705, "llm_first_chunk": 1767714722.3868794, "llm_end": 1767714733.3896077, "prefill_time": 0.4302089214324951, "decode_time": 11.00272822380066, "llm_total_time": 11.432937145233154}
{"instance_id": "mwaskom__seaborn-3010", "step_id": 12, "tool_start": 1767714733.39335, "tool_end": 1767714734.022362, "tool_time": 0.6290121078491211}
{"instance_id": "mwaskom__seaborn-3010", "step_id": 15, "llm_start": 1767714734.0315602, "llm_first_chunk": 1767714734.2502205, "llm_end": 1767714741.4740684, "prefill_time": 0.2186603546142578, "decode_time": 7.22384786605835, "llm_total_time": 7.442508220672607}
{"instance_id": "mwaskom__seaborn-3010", "step_id": 16, "llm_start": 1767714741.4850464, "llm_first_chunk": 1767714741.6806166, "llm_end": 1767714753.88894, "prefill_time": 0.1955702304840088, "decode_time": 12.20832347869873, "llm_total_time": 12.40389370918274}
{"instance_id": "mwaskom__seaborn-3010", "step_id": 13, "tool_start": 1767714753.8929534, "tool_end": 1767714753.9010801, "tool_time": 0.00812673568725586}
{"instance_id": "mwaskom__seaborn-3010",