{"instance_id": "django__django-13265", "step_id": 0, "tool_start": 1767711343.7734737, "tool_end": 1767711344.3945029, "tool_time": 0.6210291385650635}
{"instance_id": "django__django-13265", "step_id": 0, "tool_start": 1767711344.3955188, "tool_end": 1767711345.013952, "tool_time": 0.6184332370758057}
{"instance_id": "django__django-13265", "step_id": 0, "tool_start": 1767711345.0159948, "tool_end": 1767711345.634549, "tool_time": 0.6185541152954102}
{"instance_id": "django__django-13265", "step_id": 0, "tool_start": 1767711345.6410222, "tool_end": 1767711346.2597435, "tool_time": 0.6187212467193604}
{"instance_id": "django__django-13265", "step_id": 0, "tool_start": 1767711346.2613578, "tool_end": 1767711346.8800223, "tool_time": 0.6186645030975342}
{"instance_id": "django__django-13265", "step_id": 0, "tool_start": 1767711346.8807368, "tool_end": 1767711349.0096328, "tool_time": 2.1288959980010986}
{"instance_id": "django__django-13265", "step_id": 0, "tool_start": 1767711349.0102065, "tool_end": 1767711349.6293275, "tool_time": 0.6191210746765137}
{"instance_id": "django__django-13265", "step_id": 0, "tool_start": 1767711349.6298885, "tool_end": 1767711351.2579608, "tool_time": 1.6280722618103027}
{"instance_id": "django__django-13265", "step_id": 0, "tool_start": 1767711351.2727067, "tool_end": 1767711351.8916419, "tool_time": 0.6189351081848145}
{"instance_id": "django__django-13265", "step_id": 0, "tool_start": 1767711351.892189, "tool_end": 1767711352.509898, "tool_time": 0.6177089214324951}
{"instance_id": "django__django-13265", "env_prepare_start": 1767710609.032448, "env_prepare_end": 1767711352.511255, "env_prepare_time": 743.4788069725037}
{"instance_id": "django__django-13265", "step_id": 1, "llm_start": 1767711352.5425951, "llm_first_chunk": 1767711353.0587475, "llm_end": 1767711356.4087913, "prefill_time": 0.5161523818969727, "decode_time": 3.350043773651123, "llm_total_time": 3.8661961555480957}
{"instance_id": "django__django-13265", "step_id": 2, "llm_start": 1767711356.4117985, "llm_first_chunk": 1767711356.5592067, "llm_end": 1767711360.7227733, "prefill_time": 0.14740824699401855, "decode_time": 4.163566589355469, "llm_total_time": 4.310974836349487}
{"instance_id": "django__django-13265", "step_id": 1, "tool_start": 1767711360.7253208, "tool_end": 1767711361.3529541, "tool_time": 0.6276333332061768}
{"instance_id": "django__django-13265", "step_id": 3, "llm_start": 1767711361.3567307, "llm_first_chunk": 1767711361.549625, "llm_end": 1767711362.920179, "prefill_time": 0.19289422035217285, "decode_time": 1.370553970336914, "llm_total_time": 1.563448190689087}
{"instance_id": "django__django-13265", "step_id": 2, "tool_start": 1767711362.9228747, "tool_end": 1767711363.5445309, "tool_time": 0.6216561794281006}
{"instance_id": "django__django-13265", "step_id": 4, "llm_start": 1767711363.5490656, "llm_first_chunk": 1767711363.8359683, "llm_end": 1767711366.3003511, "prefill_time": 0.28690266609191895, "decode_time": 2.4643828868865967, "llm_total_time": 2.7512855529785156}
{"instance_id": "django__django-13265", "step_id": 3, "tool_start": 1767711366.3030243, "tool_end": 1767711366.9261284, "tool_time": 0.6231040954589844}
{"instance_id": "django__django-13265", "step_id": 5, "llm_start": 1767711366.9301767, "llm_first_chunk": 1767711367.096036, "llm_end": 1767711369.6193435, "prefill_time": 0.16585922241210938, "decode_time": 2.5233075618743896, "llm_total_time": 2.689166784286499}
{"instance_id": "django__django-13265", "step_id": 4, "tool_start": 1767711369.6222978, "tool_end": 1767711370.252501, "tool_time": 0.6302032470703125}
{"instance_id": "django__django-13265", "step_id": 6, "llm_start": 1767711370.2824888, "llm_first_chunk": 1767711370.5207639, "llm_end": 1767711372.2751317, "prefill_time": 0.23827505111694336, "decode_time": 1.7543678283691406, "llm_total_time": 1.992642879486084}
{"instance_id": "django__django-13265", "step_id": 5, "tool_start": 1767711372.2772806, "tool_end": 1767711372.285732, "tool_time": 0.008451461791992188}
{"instance_id": "django__django-13265", "step_id": 7, "llm_start": 1767711372.2914424, "llm_first_chunk": 1767711372.8270814, "llm_end": 1767711375.287497, "prefill_time": 0.5356390476226807, "decode_time": 2.4604156017303467, "llm_total_time": 2.9960546493530273}
{"instance_id": "django__django-13265", "step_id": 6, "tool_start": 1767711375.290448, "tool_end": 1767711375.9118762, "tool_time": 0.6214282512664795}
{"instance_id": "django__django-13265", "step_id": 8, "llm_start": 1767711375.9197335, "llm_first_chunk": 1767711376.0911348, "llm_end": 1767711378.7702715, "prefill_time": 0.1714012622833252, "decode_time": 2.6791367530822754, "llm_total_time": 2.8505380153656006}
{"instance_id": "django__django-13265", "step_id": 7, "tool_start": 1767711378.7728982, "tool_end": 1767711378.7774644, "tool_time": 0.004566192626953125}
{"instance_id": "django__django-13265", "step_id": 9, "llm_start": 1767711378.782922, "llm_first_chunk": 1767711379.0735846, "llm_end": 1767711382.254491, "prefill_time": 0.2906625270843506, "decode_time": 3.1809065341949463, "llm_total_time": 3.471569061279297}
{"instance_id": "django__django-13265", "step_id": 8, "tool_start": 1767711382.2948577, "tool_end": 1767711382.29946, "tool_time": 0.004602193832397461}
{"instance_id": "django__django-13265", "step_id": 10, "llm_start": 1767711382.306302, "llm_first_chunk": 1767711382.5465221, "llm_end": 1767711384.6691198, "prefill_time": 0.2402200698852539, "decode_time": 2.1225976943969727, "llm_total_time": 2.3628177642822266}
{"instance_id": "django__django-13265", "step_id": 9, "tool_start": 1767711384.6726658, "tool_end": 1767711385.2980165, "tool_time": 0.6253507137298584}
{"instance_id": "django__django-13265", "step_id": 11, "llm_start": 1767711385.307133, "llm_first_chunk": 1767711385.5650268, "llm_end": 1767711387.7343788, "prefill_time": 0.25789380073547363, "decode_time": 2.1693520545959473, "llm_total_time": 2.427245855331421}
{"instance_id": "django__django-13265", "step_id": 10, "tool_start": 1767711387.739192, "tool_end": 1767711388.3619604, "tool_time": 0.6227684020996094}
{"instance_id": "django__django-13265", "step_id": 12, "llm_start": 1767711388.3694851, "llm_first_chunk": 1767711388.6252012, "llm_end": 1767711391.071838, "prefill_time": 0.25571608543395996, "decode_time": 2.44663667678833, "llm_total_time": 2.70235276222229}
{"instance_id": "django__django-13265", "step_id": 11, "tool_start": 1767711391.0797644, "tool_end": 1767711391.0845876, "tool_time": 0.004823207855224609}
{"instance_id": "django__django-13265", "step_id": 13, "llm_start": 1767711391.0938983, "llm_first_chunk": 1767711391.5639207, "llm_end": 1767711394.2006595, "prefill_time": 0.47002243995666504, "decode_time": 2.6367387771606445, "llm_total_time": 3.1067612171173096}
{"instance_id": "django__django-13265", "step_id": 12, "tool_start": 1767711394.2036724, "tool_end": 1767711394.2080266, "tool_time": 0.004354238510131836}
{"instance_id": "django__django-13265", "step_id": 14, "llm_start": 1767711394.2185276, "llm_first_chunk": 1767711394.4184868, "llm_end": 1767711397.5185163, "prefill_time": 0.19995927810668945, "decode_time": 3.100029468536377, "llm_total_time": 3.2999887466430664}
{"instance_id": "django__django-13265", "step_id": 13, "tool_start": 1767711397.5217702, "tool_end": 1767711397.532055, "tool_time": 0.010284662246704102}
{"instance_id": "django__django-13265", "step_id": 15, "llm_start": 1767711397.54457, "llm_first_chunk": 1767711397.8033667, "llm_end": 1767711400.0599148, "prefill_time": 0.25879669189453125, "decode_time": 2.2565481662750244, "llm_total_time": 2.5153448581695557}
{"instance_id": "django__django-13265", "step_id": 14, "tool_start": 1767711400.0630193, "tool_end": 1767711400.6846466, "tool_time": 0.6216273307800293}
{"instance_id": "django__django-13265", "step_id": 16, "llm_start": 1767711400.6968203, "llm_first_chunk": 1767711400.8983114, "llm_end": 1767711403.5754335,