{"instance_id": "django__django-11422", "step_id": 0, "tool_start": 1767710001.5357964, "tool_end": 1767710002.1583881, "tool_time": 0.6225917339324951}
{"instance_id": "django__django-11422", "step_id": 0, "tool_start": 1767710002.1609805, "tool_end": 1767710002.7972682, "tool_time": 0.6362876892089844}
{"instance_id": "django__django-11422", "step_id": 0, "tool_start": 1767710002.7980995, "tool_end": 1767710003.4209123, "tool_time": 0.6228127479553223}
{"instance_id": "django__django-11422", "step_id": 0, "tool_start": 1767710003.443911, "tool_end": 1767710004.064008, "tool_time": 0.6200969219207764}
{"instance_id": "django__django-11422", "step_id": 0, "tool_start": 1767710004.080982, "tool_end": 1767710004.698061, "tool_time": 0.6170790195465088}
{"instance_id": "django__django-11422", "step_id": 0, "tool_start": 1767710004.7446208, "tool_end": 1767710007.374958, "tool_time": 2.6303372383117676}
{"instance_id": "django__django-11422", "step_id": 0, "tool_start": 1767710007.375911, "tool_end": 1767710008.0018854, "tool_time": 0.6259744167327881}
{"instance_id": "django__django-11422", "step_id": 0, "tool_start": 1767710008.0024867, "tool_end": 1767710009.1263647, "tool_time": 1.123878002166748}
{"instance_id": "django__django-11422", "step_id": 0, "tool_start": 1767710009.1281843, "tool_end": 1767710009.75607, "tool_time": 0.6278855800628662}
{"instance_id": "django__django-11422", "step_id": 0, "tool_start": 1767710009.7566373, "tool_end": 1767710010.3739755, "tool_time": 0.6173381805419922}
{"instance_id": "django__django-11422", "env_prepare_start": 1767709008.3190382, "env_prepare_end": 1767710010.3748705, "env_prepare_time": 1002.0558323860168}
{"instance_id": "django__django-11422", "step_id": 1, "llm_start": 1767710010.4121716, "llm_first_chunk": 1767710010.8985956, "llm_end": 1767710014.2258084, "prefill_time": 0.48642396926879883, "decode_time": 3.3272128105163574, "llm_total_time": 3.8136367797851562}
{"instance_id": "django__django-11422", "step_id": 2, "llm_start": 1767710014.2299738, "llm_first_chunk": 1767710014.4640179, "llm_end": 1767710019.1252859, "prefill_time": 0.23404407501220703, "decode_time": 4.661267995834351, "llm_total_time": 4.895312070846558}
{"instance_id": "django__django-11422", "step_id": 1, "tool_start": 1767710019.1299088, "tool_end": 1767710019.1506104, "tool_time": 0.02070164680480957}
{"instance_id": "django__django-11422", "step_id": 3, "llm_start": 1767710019.153745, "llm_first_chunk": 1767710019.6234198, "llm_end": 1767710047.4927888, "prefill_time": 0.46967482566833496, "decode_time": 27.86936902999878, "llm_total_time": 28.339043855667114}
{"instance_id": "django__django-11422", "step_id": 2, "tool_start": 1767710047.4953697, "tool_end": 1767710047.5032334, "tool_time": 0.007863759994506836}
{"instance_id": "django__django-11422", "step_id": 4, "llm_start": 1767710047.5066195, "llm_first_chunk": 1767710047.903782, "llm_end": 1767710052.7327538, "prefill_time": 0.39716243743896484, "decode_time": 4.828971862792969, "llm_total_time": 5.226134300231934}
{"instance_id": "django__django-11422", "step_id": 3, "tool_start": 1767710052.7349944, "tool_end": 1767710052.7431557, "tool_time": 0.008161306381225586}
{"instance_id": "django__django-11422", "step_id": 5, "llm_start": 1767710052.7468934, "llm_first_chunk": 1767710053.2755723, "llm_end": 1767710058.25041, "prefill_time": 0.5286788940429688, "decode_time": 4.974837779998779, "llm_total_time": 5.503516674041748}
{"instance_id": "django__django-11422", "step_id": 4, "tool_start": 1767710058.2533944, "tool_end": 1767710058.8727326, "tool_time": 0.6193382740020752}
{"instance_id": "django__django-11422", "step_id": 6, "llm_start": 1767710058.8787718, "llm_first_chunk": 1767710059.1111515, "llm_end": 1767710064.4620385, "prefill_time": 0.23237967491149902, "decode_time": 5.350887060165405, "llm_total_time": 5.583266735076904}
{"instance_id": "django__django-11422", "step_id": 5, "tool_start": 1767710064.4644055, "tool_end": 1767710064.468807, "tool_time": 0.004401445388793945}
{"instance_id": "django__django-11422", "step_id": 7, "llm_start": 1767710064.4731646, "llm_first_chunk": 1767710064.8947463, "llm_end": 1767710070.2721093, "prefill_time": 0.4215817451477051, "decode_time": 5.377362966537476, "llm_total_time": 5.798944711685181}
{"instance_id": "django__django-11422", "step_id": 8, "llm_start": 1767710070.2772741, "llm_first_chunk": 1767710070.5073118, "llm_end": 1767710074.7394953, "prefill_time": 0.23003768920898438, "decode_time": 4.232183456420898, "llm_total_time": 4.462221145629883}
{"instance_id": "django__django-11422", "step_id": 6, "tool_start": 1767710074.7418647, "tool_end": 1767710074.7465885, "tool_time": 0.004723787307739258}
{"instance_id": "django__django-11422", "step_id": 9, "llm_start": 1767710074.7524533, "llm_first_chunk": 1767710075.0070517, "llm_end": 1767710080.6413393, "prefill_time": 0.25459837913513184, "decode_time": 5.634287595748901, "llm_total_time": 5.888885974884033}
{"instance_id": "django__django-11422", "step_id": 7, "tool_start": 1767710080.6446078, "tool_end": 1767710080.6490574, "tool_time": 0.004449605941772461}
{"instance_id": "django__django-11422", "step_id": 10, "llm_start": 1767710080.6546657, "llm_first_chunk": 1767710080.8630538, "llm_end": 1767710096.215314, "prefill_time": 0.208388090133667, "decode_time": 15.352260112762451, "llm_total_time": 15.560648202896118}
{"instance_id": "django__django-11422", "step_id": 8, "tool_start": 1767710096.2180538, "tool_end": 1767710096.2280383, "tool_time": 0.009984493255615234}
{"instance_id": "django__django-11422", "step_id": 11, "llm_start": 1767710096.233846, "llm_first_chunk": 1767710096.626057, "llm_end": 1767710099.945787, "prefill_time": 0.3922109603881836, "decode_time": 3.319730043411255, "llm_total_time": 3.7119410037994385}
{"instance_id": "django__django-11422", "step_id": 9, "tool_start": 1767710099.9493415, "tool_end": 1767710099.953405, "tool_time": 0.00406336784362793}
{"instance_id": "django__django-11422", "step_id": 12, "llm_start": 1767710099.9613967, "llm_first_chunk": 1767710100.1679683, "llm_end": 1767710104.5392287, "prefill_time": 0.2065715789794922, "decode_time": 4.371260404586792, "llm_total_time": 4.577831983566284}
{"instance_id": "django__django-11422", "step_id": 10, "tool_start": 1767710104.5427074, "tool_end": 1767710105.161267, "tool_time": 0.6185595989227295}
{"instance_id": "django__django-11422", "step_id": 13, "llm_start": 1767710105.1705468, "llm_first_chunk": 1767710105.3848493, "llm_end": 1767710109.011935, "prefill_time": 0.21430253982543945, "decode_time": 3.6270856857299805, "llm_total_time": 3.84138822555542}
{"instance_id": "django__django-11422", "step_id": 11, "tool_start": 1767710109.014633, "tool_end": 1767710109.021278, "tool_time": 0.0066449642181396484}
{"instance_id": "django__django-11422", "step_id": 14, "llm_start": 1767710109.028654, "llm_first_chunk": 1767710109.6084263, "llm_end": 1767710113.881669, "prefill_time": 0.5797722339630127, "decode_time": 4.273242712020874, "llm_total_time": 4.853014945983887}
{"instance_id": "django__django-11422", "step_id": 12, "tool_start": 1767710113.886183, "tool_end": 1767710114.5078697, "tool_time": 0.6216866970062256}
{"instance_id": "django__django-11422", "step_id": 15, "llm_start": 1767710114.5183845, "llm_first_chunk": 1767710114.765937, "llm_end": 1767710119.2004678, "prefill_time": 0.24755263328552246, "decode_time": 4.434530735015869, "llm_total_time": 4.682083368301392}
{"instance_id": "django__django-11422", "step_id": 13, "tool_start": 1767710119.2033691, "tool_end": 1767710119.2074263, "tool_time": 0.004057168960571289}
{"instance_id": "django__django-11422", "step_id": 16, "llm_start": 1767710119.2149105, "llm_first_chunk": 1767710119.5145447, "llm_end": 1767710124.3086119, "prefill_time": 0.2996342182159424, "decode_time": 4.794067144393921, "llm_total_time": 5.093701362609863}
{"instance_id": "django__django-11422", "step_id": 14,