{"instance_id": "django__django-13551", "step_id": 0, "tool_start": 1767711420.2459495, "tool_end": 1767711420.8676565, "tool_time": 0.6217069625854492}
{"instance_id": "django__django-13551", "step_id": 0, "tool_start": 1767711420.8685398, "tool_end": 1767711421.4884756, "tool_time": 0.6199357509613037}
{"instance_id": "django__django-13551", "step_id": 0, "tool_start": 1767711421.489244, "tool_end": 1767711422.1089888, "tool_time": 0.6197447776794434}
{"instance_id": "django__django-13551", "step_id": 0, "tool_start": 1767711422.1159477, "tool_end": 1767711422.7366767, "tool_time": 0.6207289695739746}
{"instance_id": "django__django-13551", "step_id": 0, "tool_start": 1767711422.7383833, "tool_end": 1767711423.3609092, "tool_time": 0.6225259304046631}
{"instance_id": "django__django-13551", "step_id": 0, "tool_start": 1767711423.3620923, "tool_end": 1767711425.4937882, "tool_time": 2.1316959857940674}
{"instance_id": "django__django-13551", "step_id": 0, "tool_start": 1767711425.4947293, "tool_end": 1767711426.1150584, "tool_time": 0.6203291416168213}
{"instance_id": "django__django-13551", "step_id": 0, "tool_start": 1767711426.1158748, "tool_end": 1767711428.2464204, "tool_time": 2.1305456161499023}
{"instance_id": "django__django-13551", "step_id": 0, "tool_start": 1767711428.247481, "tool_end": 1767711428.8690388, "tool_time": 0.6215577125549316}
{"instance_id": "django__django-13551", "step_id": 0, "tool_start": 1767711428.8696554, "tool_end": 1767711429.4883895, "tool_time": 0.6187341213226318}
{"instance_id": "django__django-13551", "env_prepare_start": 1767710722.5422032, "env_prepare_end": 1767711429.5035152, "env_prepare_time": 706.9613120555878}
{"instance_id": "django__django-13551", "step_id": 1, "llm_start": 1767711429.5385008, "llm_first_chunk": 1767711429.8031843, "llm_end": 1767711433.2029407, "prefill_time": 0.26468348503112793, "decode_time": 3.39975643157959, "llm_total_time": 3.6644399166107178}
{"instance_id": "django__django-13551", "step_id": 2, "llm_start": 1767711433.2059193, "llm_first_chunk": 1767711433.39676, "llm_end": 1767711437.9896462, "prefill_time": 0.1908407211303711, "decode_time": 4.592886209487915, "llm_total_time": 4.783726930618286}
{"instance_id": "django__django-13551", "step_id": 1, "tool_start": 1767711437.9928265, "tool_end": 1767711438.622481, "tool_time": 0.6296546459197998}
{"instance_id": "django__django-13551", "step_id": 3, "llm_start": 1767711438.6279132, "llm_first_chunk": 1767711438.8987238, "llm_end": 1767711441.8275845, "prefill_time": 0.270810604095459, "decode_time": 2.928860664367676, "llm_total_time": 3.1996712684631348}
{"instance_id": "django__django-13551", "step_id": 2, "tool_start": 1767711441.8314123, "tool_end": 1767711442.4580169, "tool_time": 0.6266045570373535}
{"instance_id": "django__django-13551", "step_id": 4, "llm_start": 1767711442.4639487, "llm_first_chunk": 1767711442.6354914, "llm_end": 1767711444.815742, "prefill_time": 0.17154264450073242, "decode_time": 2.180250644683838, "llm_total_time": 2.3517932891845703}
{"instance_id": "django__django-13551", "step_id": 3, "tool_start": 1767711444.8239977, "tool_end": 1767711444.8425038, "tool_time": 0.01850605010986328}
{"instance_id": "django__django-13551", "step_id": 5, "llm_start": 1767711444.8479013, "llm_first_chunk": 1767711445.2052643, "llm_end": 1767711462.9979334, "prefill_time": 0.3573629856109619, "decode_time": 17.79266905784607, "llm_total_time": 18.15003204345703}
{"instance_id": "django__django-13551", "step_id": 4, "tool_start": 1767711463.0010133, "tool_end": 1767711463.6214404, "tool_time": 0.620427131652832}
{"instance_id": "django__django-13551", "step_id": 6, "llm_start": 1767711463.6272614, "llm_first_chunk": 1767711463.8269835, "llm_end": 1767711465.8779397, "prefill_time": 0.1997220516204834, "decode_time": 2.0509562492370605, "llm_total_time": 2.250678300857544}
{"instance_id": "django__django-13551", "step_id": 5, "tool_start": 1767711465.8806577, "tool_end": 1767711465.8883445, "tool_time": 0.0076868534088134766}
{"instance_id": "django__django-13551", "step_id": 7, "llm_start": 1767711465.8937876, "llm_first_chunk": 1767711466.2975898, "llm_end": 1767711468.9898164, "prefill_time": 0.40380215644836426, "decode_time": 2.6922266483306885, "llm_total_time": 3.0960288047790527}
{"instance_id": "django__django-13551", "step_id": 6, "tool_start": 1767711468.9930997, "tool_end": 1767711469.0113566, "tool_time": 0.01825690269470215}
{"instance_id": "django__django-13551", "step_id": 8, "llm_start": 1767711469.017949, "llm_first_chunk": 1767711469.3336542, "llm_end": 1767711472.3228188, "prefill_time": 0.3157050609588623, "decode_time": 2.9891645908355713, "llm_total_time": 3.3048696517944336}
{"instance_id": "django__django-13551", "step_id": 7, "tool_start": 1767711472.3257763, "tool_end": 1767711472.3304722, "tool_time": 0.004695892333984375}
{"instance_id": "django__django-13551", "step_id": 9, "llm_start": 1767711472.3387313, "llm_first_chunk": 1767711472.6569397, "llm_end": 1767711475.8263748, "prefill_time": 0.3182084560394287, "decode_time": 3.1694350242614746, "llm_total_time": 3.4876434803009033}
{"instance_id": "django__django-13551", "step_id": 8, "tool_start": 1767711475.8295193, "tool_end": 1767711476.4566185, "tool_time": 0.6270992755889893}
{"instance_id": "django__django-13551", "step_id": 10, "llm_start": 1767711476.4644597, "llm_first_chunk": 1767711476.7449062, "llm_end": 1767711479.2612326, "prefill_time": 0.28044652938842773, "decode_time": 2.516326427459717, "llm_total_time": 2.7967729568481445}
{"instance_id": "django__django-13551", "step_id": 9, "tool_start": 1767711479.2645311, "tool_end": 1767711479.2745068, "tool_time": 0.009975671768188477}
{"instance_id": "django__django-13551", "step_id": 11, "llm_start": 1767711479.283726, "llm_first_chunk": 1767711479.656617, "llm_end": 1767711482.6291285, "prefill_time": 0.3728909492492676, "decode_time": 2.9725115299224854, "llm_total_time": 3.345402479171753}
{"instance_id": "django__django-13551", "step_id": 10, "tool_start": 1767711482.6331859, "tool_end": 1767711483.2522666, "tool_time": 0.6190807819366455}
{"instance_id": "django__django-13551", "step_id": 12, "llm_start": 1767711483.2614717, "llm_first_chunk": 1767711483.8216836, "llm_end": 1767711485.6170769, "prefill_time": 0.5602118968963623, "decode_time": 1.7953932285308838, "llm_total_time": 2.355605125427246}
{"instance_id": "django__django-13551", "step_id": 11, "tool_start": 1767711485.6206315, "tool_end": 1767711486.2409315, "tool_time": 0.6203000545501709}
{"instance_id": "django__django-13551", "step_id": 13, "llm_start": 1767711486.2509105, "llm_first_chunk": 1767711486.5319638, "llm_end": 1767711489.485024, "prefill_time": 0.2810533046722412, "decode_time": 2.9530601501464844, "llm_total_time": 3.2341134548187256}
{"instance_id": "django__django-13551", "step_id": 12, "tool_start": 1767711489.5006998, "tool_end": 1767711490.120409, "tool_time": 0.6197092533111572}
{"instance_id": "django__django-13551", "step_id": 14, "llm_start": 1767711490.1282012, "llm_first_chunk": 1767711490.3454494, "llm_end": 1767711492.489047, "prefill_time": 0.21724820137023926, "decode_time": 2.1435976028442383, "llm_total_time": 2.3608458042144775}
{"instance_id": "django__django-13551", "step_id": 13, "tool_start": 1767711492.492349, "tool_end": 1767711493.6158245, "tool_time": 1.1234755516052246}
{"instance_id": "django__django-13551", "step_id": 15, "llm_start": 1767711493.626756, "llm_first_chunk": 1767711493.9288487, "llm_end": 1767711496.2219765, "prefill_time": 0.3020927906036377, "decode_time": 2.2931277751922607, "llm_total_time": 2.5952205657958984}
{"instance_id": "django__django-13551", "step_id": 14, "tool_start": 1767711496.225473, "tool_end": 1767711497.8513072, "tool_time": 1.6258342266082764}
{"instance_id": "django__django-13551", "step_id": 16, "llm_start": 1767711497.8648663, "llm_first_chunk": 1767711498.1135492, "llm_end": 1767711541.9378924,