{"instance_id": "pylint-dev__pylint-5859", "step_id": 0, "tool_start": 1767715422.0902252, "tool_end": 1767715422.7133417, "tool_time": 0.6231164932250977}
{"instance_id": "pylint-dev__pylint-5859", "step_id": 0, "tool_start": 1767715422.7160041, "tool_end": 1767715423.3350503, "tool_time": 0.6190462112426758}
{"instance_id": "pylint-dev__pylint-5859", "step_id": 0, "tool_start": 1767715423.3357747, "tool_end": 1767715423.9523642, "tool_time": 0.6165895462036133}
{"instance_id": "pylint-dev__pylint-5859", "step_id": 0, "tool_start": 1767715423.9594266, "tool_end": 1767715424.577049, "tool_time": 0.6176223754882812}
{"instance_id": "pylint-dev__pylint-5859", "step_id": 0, "tool_start": 1767715424.5781653, "tool_end": 1767715425.1984782, "tool_time": 0.6203129291534424}
{"instance_id": "pylint-dev__pylint-5859", "step_id": 0, "tool_start": 1767715425.1993048, "tool_end": 1767715426.3210394, "tool_time": 1.121734619140625}
{"instance_id": "pylint-dev__pylint-5859", "step_id": 0, "tool_start": 1767715426.32179, "tool_end": 1767715426.9398847, "tool_time": 0.6180946826934814}
{"instance_id": "pylint-dev__pylint-5859", "step_id": 0, "tool_start": 1767715426.940682, "tool_end": 1767715427.558103, "tool_time": 0.6174211502075195}
{"instance_id": "pylint-dev__pylint-5859", "step_id": 0, "tool_start": 1767715427.5723968, "tool_end": 1767715428.1921353, "tool_time": 0.6197385787963867}
{"instance_id": "pylint-dev__pylint-5859", "step_id": 0, "tool_start": 1767715428.1929698, "tool_end": 1767715428.8104372, "tool_time": 0.6174674034118652}
{"instance_id": "pylint-dev__pylint-5859", "env_prepare_start": 1767714757.3487773, "env_prepare_end": 1767715428.8115954, "env_prepare_time": 671.462818145752}
{"instance_id": "pylint-dev__pylint-5859", "step_id": 1, "llm_start": 1767715429.0476296, "llm_first_chunk": 1767715429.346224, "llm_end": 1767715432.4670749, "prefill_time": 0.29859447479248047, "decode_time": 3.1208508014678955, "llm_total_time": 3.419445276260376}
{"instance_id": "pylint-dev__pylint-5859", "step_id": 2, "llm_start": 1767715432.470412, "llm_first_chunk": 1767715432.6137238, "llm_end": 1767715436.2223947, "prefill_time": 0.1433117389678955, "decode_time": 3.608670949935913, "llm_total_time": 3.7519826889038086}
{"instance_id": "pylint-dev__pylint-5859", "step_id": 1, "tool_start": 1767715436.225267, "tool_end": 1767715436.8582206, "tool_time": 0.6329536437988281}
{"instance_id": "pylint-dev__pylint-5859", "step_id": 3, "llm_start": 1767715436.8623776, "llm_first_chunk": 1767715437.0428317, "llm_end": 1767715438.420358, "prefill_time": 0.18045401573181152, "decode_time": 1.3775262832641602, "llm_total_time": 1.5579802989959717}
{"instance_id": "pylint-dev__pylint-5859", "step_id": 2, "tool_start": 1767715438.4227564, "tool_end": 1767715439.0428667, "tool_time": 0.620110273361206}
{"instance_id": "pylint-dev__pylint-5859", "step_id": 4, "llm_start": 1767715439.04723, "llm_first_chunk": 1767715439.3369272, "llm_end": 1767715444.7392929, "prefill_time": 0.28969717025756836, "decode_time": 5.402365684509277, "llm_total_time": 5.692062854766846}
{"instance_id": "pylint-dev__pylint-5859", "step_id": 3, "tool_start": 1767715444.742505, "tool_end": 1767715445.374266, "tool_time": 0.631760835647583}
{"instance_id": "pylint-dev__pylint-5859", "step_id": 5, "llm_start": 1767715445.3784466, "llm_first_chunk": 1767715445.5119812, "llm_end": 1767715447.8380873, "prefill_time": 0.13353466987609863, "decode_time": 2.326106071472168, "llm_total_time": 2.4596407413482666}
{"instance_id": "pylint-dev__pylint-5859", "step_id": 4, "tool_start": 1767715447.8433669, "tool_end": 1767715448.4630764, "tool_time": 0.6197094917297363}
{"instance_id": "pylint-dev__pylint-5859", "step_id": 6, "llm_start": 1767715448.4698186, "llm_first_chunk": 1767715448.6372411, "llm_end": 1767715450.8465645, "prefill_time": 0.16742253303527832, "decode_time": 2.2093234062194824, "llm_total_time": 2.3767459392547607}
{"instance_id": "pylint-dev__pylint-5859", "step_id": 5, "tool_start": 1767715450.8492944, "tool_end": 1767715451.468315, "tool_time": 0.6190204620361328}
{"instance_id": "pylint-dev__pylint-5859", "step_id": 7, "llm_start": 1767715451.4769323, "llm_first_chunk": 1767715451.6239867, "llm_end": 1767715453.5040588, "prefill_time": 0.14705443382263184, "decode_time": 1.8800721168518066, "llm_total_time": 2.0271265506744385}
{"instance_id": "pylint-dev__pylint-5859", "step_id": 6, "tool_start": 1767715453.506877, "tool_end": 1767715453.5370457, "tool_time": 0.030168771743774414}
{"instance_id": "pylint-dev__pylint-5859", "step_id": 8, "llm_start": 1767715453.544045, "llm_first_chunk": 1767715453.8649242, "llm_end": 1767715456.6076646, "prefill_time": 0.3208792209625244, "decode_time": 2.7427403926849365, "llm_total_time": 3.063619613647461}
{"instance_id": "pylint-dev__pylint-5859", "step_id": 7, "tool_start": 1767715456.6185665, "tool_end": 1767715456.633708, "tool_time": 0.015141487121582031}
{"instance_id": "pylint-dev__pylint-5859", "step_id": 9, "llm_start": 1767715456.6402435, "llm_first_chunk": 1767715456.8071783, "llm_end": 1767715464.2230968, "prefill_time": 0.16693472862243652, "decode_time": 7.415918588638306, "llm_total_time": 7.582853317260742}
{"instance_id": "pylint-dev__pylint-5859", "step_id": 8, "tool_start": 1767715464.226736, "tool_end": 1767715464.2311234, "tool_time": 0.004387378692626953}
{"instance_id": "pylint-dev__pylint-5859", "step_id": 10, "llm_start": 1767715464.2400393, "llm_first_chunk": 1767715464.4317448, "llm_end": 1767715466.7313292, "prefill_time": 0.19170546531677246, "decode_time": 2.29958438873291, "llm_total_time": 2.4912898540496826}
{"instance_id": "pylint-dev__pylint-5859", "step_id": 9, "tool_start": 1767715466.893559, "tool_end": 1767715468.0166245, "tool_time": 1.12306547164917}
{"instance_id": "pylint-dev__pylint-5859", "step_id": 11, "llm_start": 1767715468.024187, "llm_first_chunk": 1767715468.4870126, "llm_end": 1767715470.5671756, "prefill_time": 0.4628255367279053, "decode_time": 2.08016300201416, "llm_total_time": 2.5429885387420654}
{"instance_id": "pylint-dev__pylint-5859", "step_id": 10, "tool_start": 1767715470.5712285, "tool_end": 1767715473.2015395, "tool_time": 2.6303110122680664}
{"instance_id": "pylint-dev__pylint-5859", "step_id": 12, "llm_start": 1767715473.2105963, "llm_first_chunk": 1767715473.4876523, "llm_end": 1767715475.739325, "prefill_time": 0.2770559787750244, "decode_time": 2.2516727447509766, "llm_total_time": 2.528728723526001}
{"instance_id": "pylint-dev__pylint-5859", "step_id": 11, "tool_start": 1767715475.741907, "tool_end": 1767715476.8717787, "tool_time": 1.1298718452453613}
{"instance_id": "pylint-dev__pylint-5859", "step_id": 13, "llm_start": 1767715476.879972, "llm_first_chunk": 1767715477.0557666, "llm_end": 1767715493.4554007, "prefill_time": 0.1757946014404297, "decode_time": 16.39963412284851, "llm_total_time": 16.57542872428894}
{"instance_id": "pylint-dev__pylint-5859", "step_id": 12, "tool_start": 1767715493.4761002, "tool_end": 1767715493.5659359, "tool_time": 0.08983564376831055}
{"instance_id": "pylint-dev__pylint-5859", "step_id": 14, "llm_start": 1767715493.5775752, "llm_first_chunk": 1767715493.762657, "llm_end": 1767715495.9834378, "prefill_time": 0.18508172035217285, "decode_time": 2.220780849456787, "llm_total_time": 2.40586256980896}
{"instance_id": "pylint-dev__pylint-5859", "step_id": 13, "tool_start": 1767715495.9870532, "tool_end": 1767715497.1109734, "tool_time": 1.123920202255249}
{"instance_id": "pylint-dev__pylint-5859", "step_id": 15, "llm_start": 1767715497.1233714, "llm_first_chunk": 1767715497.3343096, "llm_end": 1767715502.2218187, "prefill_time": 0.2109382152557373, "decode_time": 4.887509107589722, "llm_total_time": 5.098447322845459}
{"instance_id": "pylint-dev__pylint-5859", "step_id": 14, "tool_start": 1767715502.224533, "tool_end": 1767715502.2288496, "tool_time": 0.004316568374633789}
{"instance_id": "pylint-dev__pylint-5859", "step_id": 16,