{"instance_id": "django__django-16041", "step_id": 0, "tool_start": 1767712849.3567257, "tool_end": 1767712849.9762526, "tool_time": 0.6195268630981445}
{"instance_id": "django__django-16041", "step_id": 0, "tool_start": 1767712849.9802287, "tool_end": 1767712850.5983136, "tool_time": 0.6180849075317383}
{"instance_id": "django__django-16041", "step_id": 0, "tool_start": 1767712850.5991385, "tool_end": 1767712851.2178721, "tool_time": 0.6187336444854736}
{"instance_id": "django__django-16041", "step_id": 0, "tool_start": 1767712851.22693, "tool_end": 1767712851.8451571, "tool_time": 0.6182272434234619}
{"instance_id": "django__django-16041", "step_id": 0, "tool_start": 1767712851.8457608, "tool_end": 1767712852.464435, "tool_time": 0.6186742782592773}
{"instance_id": "django__django-16041", "step_id": 0, "tool_start": 1767712852.4651475, "tool_end": 1767712855.59626, "tool_time": 3.131112575531006}
{"instance_id": "django__django-16041", "step_id": 0, "tool_start": 1767712855.5970457, "tool_end": 1767712856.2156234, "tool_time": 0.6185777187347412}
{"instance_id": "django__django-16041", "step_id": 0, "tool_start": 1767712856.216269, "tool_end": 1767712857.335819, "tool_time": 1.1195499897003174}
{"instance_id": "django__django-16041", "step_id": 0, "tool_start": 1767712857.3365881, "tool_end": 1767712857.955092, "tool_time": 0.6185038089752197}
{"instance_id": "django__django-16041", "step_id": 0, "tool_start": 1767712857.9557016, "tool_end": 1767712858.573513, "tool_time": 0.6178114414215088}
{"instance_id": "django__django-16041", "env_prepare_start": 1767712473.9365754, "env_prepare_end": 1767712858.5743313, "env_prepare_time": 384.6377558708191}
{"instance_id": "django__django-16041", "step_id": 1, "llm_start": 1767712858.6096451, "llm_first_chunk": 1767712858.9590502, "llm_end": 1767712863.5438433, "prefill_time": 0.34940505027770996, "decode_time": 4.5847930908203125, "llm_total_time": 4.9341981410980225}
{"instance_id": "django__django-16041", "step_id": 2, "llm_start": 1767712863.5858266, "llm_first_chunk": 1767712863.757152, "llm_end": 1767712868.994637, "prefill_time": 0.1713254451751709, "decode_time": 5.237484931945801, "llm_total_time": 5.408810377120972}
{"instance_id": "django__django-16041", "step_id": 1, "tool_start": 1767712868.9972544, "tool_end": 1767712869.703806, "tool_time": 0.7065515518188477}
{"instance_id": "django__django-16041", "step_id": 3, "llm_start": 1767712869.7076504, "llm_first_chunk": 1767712870.017941, "llm_end": 1767712872.2221768, "prefill_time": 0.3102905750274658, "decode_time": 2.204235792160034, "llm_total_time": 2.5145263671875}
{"instance_id": "django__django-16041", "step_id": 2, "tool_start": 1767712872.2249014, "tool_end": 1767712872.844366, "tool_time": 0.619464635848999}
{"instance_id": "django__django-16041", "step_id": 4, "llm_start": 1767712872.849453, "llm_first_chunk": 1767712873.145939, "llm_end": 1767712876.3751674, "prefill_time": 0.29648613929748535, "decode_time": 3.2292282581329346, "llm_total_time": 3.52571439743042}
{"instance_id": "django__django-16041", "step_id": 3, "tool_start": 1767712876.3778346, "tool_end": 1767712876.9988306, "tool_time": 0.6209959983825684}
{"instance_id": "django__django-16041", "step_id": 5, "llm_start": 1767712877.0036306, "llm_first_chunk": 1767712877.2137656, "llm_end": 1767712886.0166607, "prefill_time": 0.21013498306274414, "decode_time": 8.802895069122314, "llm_total_time": 9.013030052185059}
{"instance_id": "django__django-16041", "step_id": 4, "tool_start": 1767712886.0197077, "tool_end": 1767712886.0287118, "tool_time": 0.00900411605834961}
{"instance_id": "django__django-16041", "step_id": 6, "llm_start": 1767712886.0346618, "llm_first_chunk": 1767712886.524672, "llm_end": 1767712890.4002612, "prefill_time": 0.49001026153564453, "decode_time": 3.87558913230896, "llm_total_time": 4.3655993938446045}
{"instance_id": "django__django-16041", "step_id": 5, "tool_start": 1767712890.402994, "tool_end": 1767712891.0234776, "tool_time": 0.6204836368560791}
{"instance_id": "django__django-16041", "step_id": 7, "llm_start": 1767712891.0287447, "llm_first_chunk": 1767712891.2513776, "llm_end": 1767712894.5063589, "prefill_time": 0.22263288497924805, "decode_time": 3.254981279373169, "llm_total_time": 3.477614164352417}
{"instance_id": "django__django-16041", "step_id": 6, "tool_start": 1767712894.5094543, "tool_end": 1767712894.5137272, "tool_time": 0.004272937774658203}
{"instance_id": "django__django-16041", "step_id": 8, "llm_start": 1767712894.5204864, "llm_first_chunk": 1767712894.7348468, "llm_end": 1767712899.403546, "prefill_time": 0.21436047554016113, "decode_time": 4.668699264526367, "llm_total_time": 4.883059740066528}
{"instance_id": "django__django-16041", "step_id": 7, "tool_start": 1767712899.406499, "tool_end": 1767712899.4100416, "tool_time": 0.003542661666870117}
{"instance_id": "django__django-16041", "step_id": 9, "llm_start": 1767712899.416888, "llm_first_chunk": 1767712899.6770458, "llm_end": 1767712922.500737, "prefill_time": 0.26015782356262207, "decode_time": 22.82369112968445, "llm_total_time": 23.08384895324707}
{"instance_id": "django__django-16041", "step_id": 8, "tool_start": 1767712922.508853, "tool_end": 1767712923.128005, "tool_time": 0.6191520690917969}
{"instance_id": "django__django-16041", "step_id": 10, "llm_start": 1767712923.1345315, "llm_first_chunk": 1767712923.3954704, "llm_end": 1767712928.0920916, "prefill_time": 0.2609388828277588, "decode_time": 4.6966211795806885, "llm_total_time": 4.957560062408447}
{"instance_id": "django__django-16041", "step_id": 9, "tool_start": 1767712928.0949428, "tool_end": 1767712930.7238803, "tool_time": 2.6289374828338623}
{"instance_id": "django__django-16041", "step_id": 11, "llm_start": 1767712930.7352796, "llm_first_chunk": 1767712931.012808, "llm_end": 1767712934.8195434, "prefill_time": 0.2775285243988037, "decode_time": 3.8067352771759033, "llm_total_time": 4.084263801574707}
{"instance_id": "django__django-16041", "step_id": 10, "tool_start": 1767712934.8252995, "tool_end": 1767712934.83422, "tool_time": 0.008920431137084961}
{"instance_id": "django__django-16041", "step_id": 12, "llm_start": 1767712934.8459463, "llm_first_chunk": 1767712935.286008, "llm_end": 1767712938.25122, "prefill_time": 0.4400615692138672, "decode_time": 2.965212106704712, "llm_total_time": 3.405273675918579}
{"instance_id": "django__django-16041", "step_id": 11, "tool_start": 1767712938.2544425, "tool_end": 1767712938.8743722, "tool_time": 0.6199297904968262}
{"instance_id": "django__django-16041", "step_id": 13, "llm_start": 1767712938.883975, "llm_first_chunk": 1767712939.1331031, "llm_end": 1767712942.5167499, "prefill_time": 0.24912810325622559, "decode_time": 3.3836467266082764, "llm_total_time": 3.632774829864502}
{"instance_id": "django__django-16041", "step_id": 12, "tool_start": 1767712942.5202463, "tool_end": 1767712942.5239997, "tool_time": 0.0037534236907958984}
{"instance_id": "django__django-16041", "step_id": 14, "llm_start": 1767712942.5327024, "llm_first_chunk": 1767712942.7700248, "llm_end": 1767712946.327811, "prefill_time": 0.23732233047485352, "decode_time": 3.557786226272583, "llm_total_time": 3.7951085567474365}
{"instance_id": "django__django-16041", "step_id": 13, "tool_start": 1767712946.331354, "tool_end": 1767712946.335562, "tool_time": 0.004208087921142578}
{"instance_id": "django__django-16041", "step_id": 15, "llm_start": 1767712946.345588, "llm_first_chunk": 1767712946.5924668, "llm_end": 1767712950.1087883, "prefill_time": 0.24687886238098145, "decode_time": 3.5163214206695557, "llm_total_time": 3.763200283050537}
{"instance_id": "django__django-16041", "step_id": 14, "tool_start": 1767712950.1114554, "tool_end": 1767712950.7310038, "tool_time": 0.6195483207702637}
{"instance_id": "django__django-16041", "step_id": 16, "llm_start": 1767712950.742631, "llm_first_chunk": 1767712950.9946864, "llm_end": 1767712954.2927935, "prefill_time": 0.25205540657043457,