{"instance_id": "django__django-16046", "step_id": 0, "tool_start": 1767712910.971839, "tool_end": 1767712911.5897427, "tool_time": 0.6179037094116211}
{"instance_id": "django__django-16046", "step_id": 0, "tool_start": 1767712911.5904505, "tool_end": 1767712912.2076237, "tool_time": 0.6171731948852539}
{"instance_id": "django__django-16046", "step_id": 0, "tool_start": 1767712912.2083535, "tool_end": 1767712912.8260922, "tool_time": 0.6177387237548828}
{"instance_id": "django__django-16046", "step_id": 0, "tool_start": 1767712912.8335268, "tool_end": 1767712913.450821, "tool_time": 0.6172940731048584}
{"instance_id": "django__django-16046", "step_id": 0, "tool_start": 1767712913.4518378, "tool_end": 1767712914.0696216, "tool_time": 0.617783784866333}
{"instance_id": "django__django-16046", "step_id": 0, "tool_start": 1767712914.0701797, "tool_end": 1767712917.200607, "tool_time": 3.130427360534668}
{"instance_id": "django__django-16046", "step_id": 0, "tool_start": 1767712917.2012248, "tool_end": 1767712917.8194613, "tool_time": 0.6182365417480469}
{"instance_id": "django__django-16046", "step_id": 0, "tool_start": 1767712917.8202198, "tool_end": 1767712918.94215, "tool_time": 1.1219303607940674}
{"instance_id": "django__django-16046", "step_id": 0, "tool_start": 1767712918.9427617, "tool_end": 1767712919.5600836, "tool_time": 0.6173219680786133}
{"instance_id": "django__django-16046", "step_id": 0, "tool_start": 1767712919.5608878, "tool_end": 1767712920.1766639, "tool_time": 0.6157760620117188}
{"instance_id": "django__django-16046", "env_prepare_start": 1767712644.6239884, "env_prepare_end": 1767712920.1791372, "env_prepare_time": 275.55514883995056}
{"instance_id": "django__django-16046", "step_id": 1, "llm_start": 1767712920.206171, "llm_first_chunk": 1767712920.5064178, "llm_end": 1767712925.1291397, "prefill_time": 0.3002467155456543, "decode_time": 4.622721910476685, "llm_total_time": 4.922968626022339}
{"instance_id": "django__django-16046", "step_id": 2, "llm_start": 1767712925.1317554, "llm_first_chunk": 1767712925.3176866, "llm_end": 1767712931.3404949, "prefill_time": 0.18593120574951172, "decode_time": 6.022808313369751, "llm_total_time": 6.208739519119263}
{"instance_id": "django__django-16046", "step_id": 1, "tool_start": 1767712931.3442473, "tool_end": 1767712931.364816, "tool_time": 0.0205686092376709}
{"instance_id": "django__django-16046", "step_id": 3, "llm_start": 1767712931.3688078, "llm_first_chunk": 1767712932.097673, "llm_end": 1767712935.540045, "prefill_time": 0.7288651466369629, "decode_time": 3.4423720836639404, "llm_total_time": 4.171237230300903}
{"instance_id": "django__django-16046", "step_id": 2, "tool_start": 1767712935.543152, "tool_end": 1767712936.1618986, "tool_time": 0.6187465190887451}
{"instance_id": "django__django-16046", "step_id": 4, "llm_start": 1767712936.185191, "llm_first_chunk": 1767712936.430412, "llm_end": 1767712939.9658804, "prefill_time": 0.24522113800048828, "decode_time": 3.535468339920044, "llm_total_time": 3.7806894779205322}
{"instance_id": "django__django-16046", "step_id": 3, "tool_start": 1767712939.9689744, "tool_end": 1767712939.976227, "tool_time": 0.007252693176269531}
{"instance_id": "django__django-16046", "step_id": 5, "llm_start": 1767712939.981267, "llm_first_chunk": 1767712940.3697374, "llm_end": 1767712949.5873272, "prefill_time": 0.3884704113006592, "decode_time": 9.217589855194092, "llm_total_time": 9.606060266494751}
{"instance_id": "django__django-16046", "step_id": 4, "tool_start": 1767712949.5896423, "tool_end": 1767712949.5986185, "tool_time": 0.008976221084594727}
{"instance_id": "django__django-16046", "step_id": 6, "llm_start": 1767712949.6028278, "llm_first_chunk": 1767712949.894913, "llm_end": 1767712952.849352, "prefill_time": 0.2920851707458496, "decode_time": 2.9544389247894287, "llm_total_time": 3.2465240955352783}
{"instance_id": "django__django-16046", "step_id": 5, "tool_start": 1767712952.8519042, "tool_end": 1767712952.855747, "tool_time": 0.0038428306579589844}
{"instance_id": "django__django-16046", "step_id": 7, "llm_start": 1767712952.8608844, "llm_first_chunk": 1767712953.129831, "llm_end": 1767712956.9401853, "prefill_time": 0.26894664764404297, "decode_time": 3.810354232788086, "llm_total_time": 4.079300880432129}
{"instance_id": "django__django-16046", "step_id": 6, "tool_start": 1767712956.9425998, "tool_end": 1767712957.5604267, "tool_time": 0.6178269386291504}
{"instance_id": "django__django-16046", "step_id": 8, "llm_start": 1767712957.5676188, "llm_first_chunk": 1767712957.783928, "llm_end": 1767712962.2165325, "prefill_time": 0.2163090705871582, "decode_time": 4.432604551315308, "llm_total_time": 4.648913621902466}
{"instance_id": "django__django-16046", "step_id": 7, "tool_start": 1767712962.2193732, "tool_end": 1767712962.8380325, "tool_time": 0.618659257888794}
{"instance_id": "django__django-16046", "step_id": 9, "llm_start": 1767712962.8442676, "llm_first_chunk": 1767712963.133668, "llm_end": 1767712966.1361883, "prefill_time": 0.2894003391265869, "decode_time": 3.0025203227996826, "llm_total_time": 3.2919206619262695}
{"instance_id": "django__django-16046", "step_id": 8, "tool_start": 1767712966.1393704, "tool_end": 1767712966.1524718, "tool_time": 0.013101339340209961}
{"instance_id": "django__django-16046", "step_id": 10, "llm_start": 1767712966.1607788, "llm_first_chunk": 1767712966.6413438, "llm_end": 1767712969.916733, "prefill_time": 0.48056507110595703, "decode_time": 3.2753891944885254, "llm_total_time": 3.7559542655944824}
{"instance_id": "django__django-16046", "step_id": 9, "tool_start": 1767712969.919494, "tool_end": 1767712969.9304366, "tool_time": 0.010942697525024414}
{"instance_id": "django__django-16046", "step_id": 11, "llm_start": 1767712969.9368901, "llm_first_chunk": 1767712970.3265326, "llm_end": 1767713006.6433947, "prefill_time": 0.38964247703552246, "decode_time": 36.31686210632324, "llm_total_time": 36.706504583358765}
{"instance_id": "django__django-16046", "step_id": 10, "tool_start": 1767713006.6470573, "tool_end": 1767713006.6513486, "tool_time": 0.0042912960052490234}
{"instance_id": "django__django-16046", "step_id": 12, "llm_start": 1767713006.657909, "llm_first_chunk": 1767713006.9399862, "llm_end": 1767713009.6982906, "prefill_time": 0.2820773124694824, "decode_time": 2.7583043575286865, "llm_total_time": 3.040381669998169}
{"instance_id": "django__django-16046", "step_id": 11, "tool_start": 1767713009.7020931, "tool_end": 1767713010.323077, "tool_time": 0.6209838390350342}
{"instance_id": "django__django-16046", "step_id": 13, "llm_start": 1767713010.3335137, "llm_first_chunk": 1767713010.7019348, "llm_end": 1767713021.8427944, "prefill_time": 0.3684210777282715, "decode_time": 11.140859603881836, "llm_total_time": 11.509280681610107}
{"instance_id": "django__django-16046", "step_id": 14, "llm_start": 1767713021.8572352, "llm_first_chunk": 1767713022.077606, "llm_end": 1767713026.0697503, "prefill_time": 0.22037076950073242, "decode_time": 3.9921443462371826, "llm_total_time": 4.212515115737915}
{"instance_id": "django__django-16046", "step_id": 12, "tool_start": 1767713026.0736487, "tool_end": 1767713026.0775692, "tool_time": 0.003920555114746094}
{"instance_id": "django__django-16046", "step_id": 15, "llm_start": 1767713026.088237, "llm_first_chunk": 1767713026.46961, "llm_end": 1767713031.0778003, "prefill_time": 0.38137292861938477, "decode_time": 4.608190298080444, "llm_total_time": 4.989563226699829}
{"instance_id": "django__django-16046", "step_id": 13, "tool_start": 1767713031.0818045, "tool_end": 1767713031.0856295, "tool_time": 0.003824949264526367}
{"instance_id": "django__django-16046", "step_id": 16, "llm_start": 1767713031.0967715, "llm_first_chunk": 1767713031.354447, "llm_end": 1767713054.2712984, "prefill_time": 0.2576754093170166, "decode_time": 22.91685152053833, "llm_total_time": 23.174526929855347}
{"instance_id": "django__django-16046", "step_id": 14,