{"instance_id": "django__django-15851", "step_id": 0, "tool_start": 1767712803.472673, "tool_end": 1767712804.093367, "tool_time": 0.6206941604614258}
{"instance_id": "django__django-15851", "step_id": 0, "tool_start": 1767712804.0942397, "tool_end": 1767712804.7137694, "tool_time": 0.6195297241210938}
{"instance_id": "django__django-15851", "step_id": 0, "tool_start": 1767712804.7146113, "tool_end": 1767712805.3330963, "tool_time": 0.6184849739074707}
{"instance_id": "django__django-15851", "step_id": 0, "tool_start": 1767712805.3410466, "tool_end": 1767712805.959543, "tool_time": 0.6184964179992676}
{"instance_id": "django__django-15851", "step_id": 0, "tool_start": 1767712805.9605389, "tool_end": 1767712806.580037, "tool_time": 0.6194982528686523}
{"instance_id": "django__django-15851", "step_id": 0, "tool_start": 1767712806.5806618, "tool_end": 1767712809.7125454, "tool_time": 3.1318836212158203}
{"instance_id": "django__django-15851", "step_id": 0, "tool_start": 1767712809.7133098, "tool_end": 1767712810.3322203, "tool_time": 0.618910551071167}
{"instance_id": "django__django-15851", "step_id": 0, "tool_start": 1767712810.333142, "tool_end": 1767712811.4540362, "tool_time": 1.120894193649292}
{"instance_id": "django__django-15851", "step_id": 0, "tool_start": 1767712811.4546878, "tool_end": 1767712812.0727909, "tool_time": 0.61810302734375}
{"instance_id": "django__django-15851", "step_id": 0, "tool_start": 1767712812.073657, "tool_end": 1767712812.692618, "tool_time": 0.6189608573913574}
{"instance_id": "django__django-15851", "env_prepare_start": 1767712343.7540262, "env_prepare_end": 1767712812.694126, "env_prepare_time": 468.9400997161865}
{"instance_id": "django__django-15851", "step_id": 1, "llm_start": 1767712812.7237797, "llm_first_chunk": 1767712813.0287356, "llm_end": 1767712816.6150923, "prefill_time": 0.30495595932006836, "decode_time": 3.5863566398620605, "llm_total_time": 3.891312599182129}
{"instance_id": "django__django-15851", "step_id": 2, "llm_start": 1767712816.6174865, "llm_first_chunk": 1767712816.8103018, "llm_end": 1767712821.401595, "prefill_time": 0.19281530380249023, "decode_time": 4.5912933349609375, "llm_total_time": 4.784108638763428}
{"instance_id": "django__django-15851", "step_id": 1, "tool_start": 1767712821.4058287, "tool_end": 1767712821.4242554, "tool_time": 0.01842665672302246}
{"instance_id": "django__django-15851", "step_id": 3, "llm_start": 1767712821.427595, "llm_first_chunk": 1767712821.8611157, "llm_end": 1767712830.5621195, "prefill_time": 0.4335207939147949, "decode_time": 8.701003789901733, "llm_total_time": 9.134524583816528}
{"instance_id": "django__django-15851", "step_id": 2, "tool_start": 1767712830.5652652, "tool_end": 1767712830.5767658, "tool_time": 0.01150059700012207}
{"instance_id": "django__django-15851", "step_id": 4, "llm_start": 1767712830.5813363, "llm_first_chunk": 1767712830.862391, "llm_end": 1767712834.0433154, "prefill_time": 0.2810547351837158, "decode_time": 3.180924415588379, "llm_total_time": 3.4619791507720947}
{"instance_id": "django__django-15851", "step_id": 3, "tool_start": 1767712834.0455158, "tool_end": 1767712834.0537384, "tool_time": 0.008222579956054688}
{"instance_id": "django__django-15851", "step_id": 5, "llm_start": 1767712834.0620036, "llm_first_chunk": 1767712834.2574825, "llm_end": 1767712837.8964567, "prefill_time": 0.1954789161682129, "decode_time": 3.638974189758301, "llm_total_time": 3.8344531059265137}
{"instance_id": "django__django-15851", "step_id": 4, "tool_start": 1767712837.8994417, "tool_end": 1767712837.9102423, "tool_time": 0.010800600051879883}
{"instance_id": "django__django-15851", "step_id": 6, "llm_start": 1767712837.9147897, "llm_first_chunk": 1767712838.1824136, "llm_end": 1767712847.502887, "prefill_time": 0.2676239013671875, "decode_time": 9.320473432540894, "llm_total_time": 9.588097333908081}
{"instance_id": "django__django-15851", "step_id": 5, "tool_start": 1767712847.5053332, "tool_end": 1767712847.5118256, "tool_time": 0.0064923763275146484}
{"instance_id": "django__django-15851", "step_id": 7, "llm_start": 1767712847.5165775, "llm_first_chunk": 1767712847.7440612, "llm_end": 1767712851.1506498, "prefill_time": 0.22748374938964844, "decode_time": 3.406588554382324, "llm_total_time": 3.6340723037719727}
{"instance_id": "django__django-15851", "step_id": 6, "tool_start": 1767712851.1537042, "tool_end": 1767712851.1610184, "tool_time": 0.007314205169677734}
{"instance_id": "django__django-15851", "step_id": 8, "llm_start": 1767712851.1701586, "llm_first_chunk": 1767712851.6570342, "llm_end": 1767712854.3637245, "prefill_time": 0.4868755340576172, "decode_time": 2.7066903114318848, "llm_total_time": 3.193565845489502}
{"instance_id": "django__django-15851", "step_id": 7, "tool_start": 1767712854.3698123, "tool_end": 1767712854.3820782, "tool_time": 0.012265920639038086}
{"instance_id": "django__django-15851", "step_id": 9, "llm_start": 1767712854.3895323, "llm_first_chunk": 1767712854.7610745, "llm_end": 1767712877.6233854, "prefill_time": 0.37154221534729004, "decode_time": 22.862310886383057, "llm_total_time": 23.233853101730347}
{"instance_id": "django__django-15851", "step_id": 8, "tool_start": 1767712877.6262538, "tool_end": 1767712878.248386, "tool_time": 0.6221320629119873}
{"instance_id": "django__django-15851", "step_id": 10, "llm_start": 1767712878.2549403, "llm_first_chunk": 1767712878.4801104, "llm_end": 1767712882.7419739, "prefill_time": 0.22517013549804688, "decode_time": 4.261863470077515, "llm_total_time": 4.4870336055755615}
{"instance_id": "django__django-15851", "step_id": 9, "tool_start": 1767712882.7849026, "tool_end": 1767712883.914676, "tool_time": 1.1297733783721924}
{"instance_id": "django__django-15851", "step_id": 11, "llm_start": 1767712883.9213746, "llm_first_chunk": 1767712884.188566, "llm_end": 1767712888.8887858, "prefill_time": 0.26719141006469727, "decode_time": 4.7002198696136475, "llm_total_time": 4.967411279678345}
{"instance_id": "django__django-15851", "step_id": 10, "tool_start": 1767712888.8924203, "tool_end": 1767712889.5125542, "tool_time": 0.6201338768005371}
{"instance_id": "django__django-15851", "step_id": 12, "llm_start": 1767712889.5227818, "llm_first_chunk": 1767712889.7855957, "llm_end": 1767712894.795015, "prefill_time": 0.2628138065338135, "decode_time": 5.0094194412231445, "llm_total_time": 5.272233247756958}
{"instance_id": "django__django-15851", "step_id": 11, "tool_start": 1767712894.7980983, "tool_end": 1767712895.426618, "tool_time": 0.6285197734832764}
{"instance_id": "django__django-15851", "step_id": 13, "llm_start": 1767712895.434331, "llm_first_chunk": 1767712895.6522174, "llm_end": 1767712898.8808892, "prefill_time": 0.21788644790649414, "decode_time": 3.2286717891693115, "llm_total_time": 3.4465582370758057}
{"instance_id": "django__django-15851", "step_id": 12, "tool_start": 1767712898.883897, "tool_end": 1767712899.5048776, "tool_time": 0.6209805011749268}
{"instance_id": "django__django-15851", "step_id": 14, "llm_start": 1767712899.512973, "llm_first_chunk": 1767712899.7613885, "llm_end": 1767712902.4984608, "prefill_time": 0.24841547012329102, "decode_time": 2.737072229385376, "llm_total_time": 2.985487699508667}
{"instance_id": "django__django-15851", "step_id": 13, "tool_start": 1767712902.5018497, "tool_end": 1767712902.5140462, "tool_time": 0.012196540832519531}
{"instance_id": "django__django-15851", "step_id": 15, "llm_start": 1767712902.524325, "llm_first_chunk": 1767712902.8071573, "llm_end": 1767712905.7826731, "prefill_time": 0.28283238410949707, "decode_time": 2.975515842437744, "llm_total_time": 3.258348226547241}
{"instance_id": "django__django-15851", "step_id": 14, "tool_start": 1767712905.785473, "tool_end": 1767712905.7892346, "tool_time": 0.0037615299224853516}
{"instance_id": "django__django-15851", "step_id": 16, "llm_start": 1767712905.7979536, "llm_first_chunk": 1767712906.0806577, "llm_end": 1767712908.682038,