{"instance_id": "pytest-dev__pytest-5692", "step_id": 0, "tool_start": 1767715961.272775, "tool_end": 1767715961.8918507, "tool_time": 0.6190757751464844}
{"instance_id": "pytest-dev__pytest-5692", "step_id": 0, "tool_start": 1767715961.8926327, "tool_end": 1767715962.511001, "tool_time": 0.61836838722229}
{"instance_id": "pytest-dev__pytest-5692", "step_id": 0, "tool_start": 1767715962.511811, "tool_end": 1767715963.1296146, "tool_time": 0.6178035736083984}
{"instance_id": "pytest-dev__pytest-5692", "step_id": 0, "tool_start": 1767715963.1366131, "tool_end": 1767715963.756324, "tool_time": 0.6197109222412109}
{"instance_id": "pytest-dev__pytest-5692", "step_id": 0, "tool_start": 1767715963.7579155, "tool_end": 1767715964.3771243, "tool_time": 0.619208812713623}
{"instance_id": "pytest-dev__pytest-5692", "step_id": 0, "tool_start": 1767715964.3782802, "tool_end": 1767715965.500023, "tool_time": 1.1217427253723145}
{"instance_id": "pytest-dev__pytest-5692", "step_id": 0, "tool_start": 1767715965.5476656, "tool_end": 1767715966.165799, "tool_time": 0.6181333065032959}
{"instance_id": "pytest-dev__pytest-5692", "step_id": 0, "tool_start": 1767715966.1669397, "tool_end": 1767715966.7854578, "tool_time": 0.6185181140899658}
{"instance_id": "pytest-dev__pytest-5692", "step_id": 0, "tool_start": 1767715966.786282, "tool_end": 1767715967.404803, "tool_time": 0.618520975112915}
{"instance_id": "pytest-dev__pytest-5692", "step_id": 0, "tool_start": 1767715967.4056242, "tool_end": 1767715968.0224364, "tool_time": 0.6168122291564941}
{"instance_id": "pytest-dev__pytest-5692", "env_prepare_start": 1767715159.3144772, "env_prepare_end": 1767715968.023214, "env_prepare_time": 808.7087368965149}
{"instance_id": "pytest-dev__pytest-5692", "step_id": 1, "llm_start": 1767715968.0498178, "llm_first_chunk": 1767715968.3393407, "llm_end": 1767715971.66749, "prefill_time": 0.2895228862762451, "decode_time": 3.3281493186950684, "llm_total_time": 3.6176722049713135}
{"instance_id": "pytest-dev__pytest-5692", "step_id": 2, "llm_start": 1767715971.6703444, "llm_first_chunk": 1767715971.8290563, "llm_end": 1767715975.2816532, "prefill_time": 0.15871191024780273, "decode_time": 3.45259690284729, "llm_total_time": 3.6113088130950928}
{"instance_id": "pytest-dev__pytest-5692", "step_id": 1, "tool_start": 1767715975.284521, "tool_end": 1767715975.2991986, "tool_time": 0.01467752456665039}
{"instance_id": "pytest-dev__pytest-5692", "step_id": 3, "llm_start": 1767715975.3031023, "llm_first_chunk": 1767715975.635798, "llm_end": 1767715989.6354876, "prefill_time": 0.33269572257995605, "decode_time": 13.99968957901001, "llm_total_time": 14.332385301589966}
{"instance_id": "pytest-dev__pytest-5692", "step_id": 2, "tool_start": 1767715989.638748, "tool_end": 1767715989.6585753, "tool_time": 0.01982736587524414}
{"instance_id": "pytest-dev__pytest-5692", "step_id": 4, "llm_start": 1767715989.6634169, "llm_first_chunk": 1767715990.0774019, "llm_end": 1767715992.7908306, "prefill_time": 0.413985013961792, "decode_time": 2.7134287357330322, "llm_total_time": 3.127413749694824}
{"instance_id": "pytest-dev__pytest-5692", "step_id": 3, "tool_start": 1767715992.7930832, "tool_end": 1767715992.8065424, "tool_time": 0.013459205627441406}
{"instance_id": "pytest-dev__pytest-5692", "step_id": 5, "llm_start": 1767715992.8100703, "llm_first_chunk": 1767715993.0984979, "llm_end": 1767715996.1688967, "prefill_time": 0.28842759132385254, "decode_time": 3.0703988075256348, "llm_total_time": 3.3588263988494873}
{"instance_id": "pytest-dev__pytest-5692", "step_id": 4, "tool_start": 1767715996.1713269, "tool_end": 1767715996.1843042, "tool_time": 0.012977361679077148}
{"instance_id": "pytest-dev__pytest-5692", "step_id": 6, "llm_start": 1767715996.1882057, "llm_first_chunk": 1767715996.6868808, "llm_end": 1767716000.136919, "prefill_time": 0.4986751079559326, "decode_time": 3.450038194656372, "llm_total_time": 3.9487133026123047}
{"instance_id": "pytest-dev__pytest-5692", "step_id": 5, "tool_start": 1767716000.139377, "tool_end": 1767716000.1490924, "tool_time": 0.00971531867980957}
{"instance_id": "pytest-dev__pytest-5692", "step_id": 7, "llm_start": 1767716000.15579, "llm_first_chunk": 1767716000.9849763, "llm_end": 1767716003.542399, "prefill_time": 0.829186201095581, "decode_time": 2.557422637939453, "llm_total_time": 3.386608839035034}
{"instance_id": "pytest-dev__pytest-5692", "step_id": 6, "tool_start": 1767716003.549317, "tool_end": 1767716004.1683385, "tool_time": 0.6190216541290283}
{"instance_id": "pytest-dev__pytest-5692", "step_id": 8, "llm_start": 1767716004.1758451, "llm_first_chunk": 1767716004.3851151, "llm_end": 1767716007.6289732, "prefill_time": 0.20927000045776367, "decode_time": 3.2438580989837646, "llm_total_time": 3.4531280994415283}
{"instance_id": "pytest-dev__pytest-5692", "step_id": 7, "tool_start": 1767716007.6314857, "tool_end": 1767716007.6355445, "tool_time": 0.004058837890625}
{"instance_id": "pytest-dev__pytest-5692", "step_id": 9, "llm_start": 1767716007.6408923, "llm_first_chunk": 1767716007.8660183, "llm_end": 1767716010.7241466, "prefill_time": 0.22512602806091309, "decode_time": 2.858128309249878, "llm_total_time": 3.083254337310791}
{"instance_id": "pytest-dev__pytest-5692", "step_id": 8, "tool_start": 1767716010.726847, "tool_end": 1767716010.730289, "tool_time": 0.003442049026489258}
{"instance_id": "pytest-dev__pytest-5692", "step_id": 10, "llm_start": 1767716010.735728, "llm_first_chunk": 1767716011.024073, "llm_end": 1767716014.4958136, "prefill_time": 0.2883448600769043, "decode_time": 3.47174072265625, "llm_total_time": 3.7600855827331543}
{"instance_id": "pytest-dev__pytest-5692", "step_id": 9, "tool_start": 1767716014.4996252, "tool_end": 1767716014.5039797, "tool_time": 0.0043544769287109375}
{"instance_id": "pytest-dev__pytest-5692", "step_id": 11, "llm_start": 1767716014.5116746, "llm_first_chunk": 1767716014.7338865, "llm_end": 1767716019.4712489, "prefill_time": 0.2222118377685547, "decode_time": 4.737362384796143, "llm_total_time": 4.959574222564697}
{"instance_id": "pytest-dev__pytest-5692", "step_id": 10, "tool_start": 1767716019.4751587, "tool_end": 1767716020.0947378, "tool_time": 0.6195790767669678}
{"instance_id": "pytest-dev__pytest-5692", "step_id": 12, "llm_start": 1767716020.1021724, "llm_first_chunk": 1767716020.3508356, "llm_end": 1767716049.203438, "prefill_time": 0.24866318702697754, "decode_time": 28.85260248184204, "llm_total_time": 29.10126566886902}
{"instance_id": "pytest-dev__pytest-5692", "step_id": 11, "tool_start": 1767716049.220624, "tool_end": 1767716049.23326, "tool_time": 0.012635946273803711}
{"instance_id": "pytest-dev__pytest-5692", "step_id": 13, "llm_start": 1767716049.2488, "llm_first_chunk": 1767716049.4851031, "llm_end": 1767716051.5606775, "prefill_time": 0.23630309104919434, "decode_time": 2.0755743980407715, "llm_total_time": 2.311877489089966}
{"instance_id": "pytest-dev__pytest-5692", "step_id": 12, "tool_start": 1767716051.5938697, "tool_end": 1767716052.2123704, "tool_time": 0.6185007095336914}
{"instance_id": "pytest-dev__pytest-5692", "step_id": 14, "llm_start": 1767716052.2217586, "llm_first_chunk": 1767716052.538106, "llm_end": 1767716064.741791, "prefill_time": 0.3163473606109619, "decode_time": 12.20368504524231, "llm_total_time": 12.520032405853271}
{"instance_id": "pytest-dev__pytest-5692", "step_id": 15, "llm_start": 1767716064.7769403, "llm_first_chunk": 1767716065.0164545, "llm_end": 1767716070.5853622, "prefill_time": 0.23951411247253418, "decode_time": 5.568907737731934, "llm_total_time": 5.808421850204468}
{"instance_id": "pytest-dev__pytest-5692", "step_id": 13, "tool_start": 1767716070.5945556, "tool_end": 1767716070.607217, "tool_time": 0.012661457061767578}
{"instance_id": "pytest-dev__pytest-5692", "step_id": 16, "llm_start": 1767716070.6216717, "llm_first_chunk": 1767716070.8459451, "llm_end": 1767716084.4055371, "prefill_time": 0.2242734432220459, "decode_time": 13.559592008590698,