{"instance_id": "pytest-dev__pytest-5227", "step_id": 0, "tool_start": 1767715868.8264859, "tool_end": 1767715869.4451914, "tool_time": 0.6187055110931396}
{"instance_id": "pytest-dev__pytest-5227", "step_id": 0, "tool_start": 1767715869.445896, "tool_end": 1767715870.0646532, "tool_time": 0.6187572479248047}
{"instance_id": "pytest-dev__pytest-5227", "step_id": 0, "tool_start": 1767715870.066256, "tool_end": 1767715870.6839054, "tool_time": 0.6176493167877197}
{"instance_id": "pytest-dev__pytest-5227", "step_id": 0, "tool_start": 1767715870.7141182, "tool_end": 1767715871.3315792, "tool_time": 0.6174609661102295}
{"instance_id": "pytest-dev__pytest-5227", "step_id": 0, "tool_start": 1767715871.3324957, "tool_end": 1767715871.949946, "tool_time": 0.6174502372741699}
{"instance_id": "pytest-dev__pytest-5227", "step_id": 0, "tool_start": 1767715871.972852, "tool_end": 1767715873.0948715, "tool_time": 1.1220195293426514}
{"instance_id": "pytest-dev__pytest-5227", "step_id": 0, "tool_start": 1767715873.09582, "tool_end": 1767715873.713578, "tool_time": 0.61775803565979}
{"instance_id": "pytest-dev__pytest-5227", "step_id": 0, "tool_start": 1767715873.7143786, "tool_end": 1767715874.333129, "tool_time": 0.6187503337860107}
{"instance_id": "pytest-dev__pytest-5227", "step_id": 0, "tool_start": 1767715874.334608, "tool_end": 1767715874.9533007, "tool_time": 0.6186926364898682}
{"instance_id": "pytest-dev__pytest-5227", "step_id": 0, "tool_start": 1767715874.954484, "tool_end": 1767715875.5731938, "tool_time": 0.6187098026275635}
{"instance_id": "pytest-dev__pytest-5227", "env_prepare_start": 1767715113.993664, "env_prepare_end": 1767715875.57431, "env_prepare_time": 761.5806460380554}
{"instance_id": "pytest-dev__pytest-5227", "step_id": 1, "llm_start": 1767715875.6104975, "llm_first_chunk": 1767715875.9758315, "llm_end": 1767715879.2725718, "prefill_time": 0.36533403396606445, "decode_time": 3.2967402935028076, "llm_total_time": 3.662074327468872}
{"instance_id": "pytest-dev__pytest-5227", "step_id": 2, "llm_start": 1767715879.3184772, "llm_first_chunk": 1767715879.4623637, "llm_end": 1767715882.7095802, "prefill_time": 0.14388656616210938, "decode_time": 3.2472164630889893, "llm_total_time": 3.3911030292510986}
{"instance_id": "pytest-dev__pytest-5227", "step_id": 1, "tool_start": 1767715882.7123191, "tool_end": 1767715882.7298746, "tool_time": 0.01755547523498535}
{"instance_id": "pytest-dev__pytest-5227", "step_id": 3, "llm_start": 1767715882.7336664, "llm_first_chunk": 1767715882.9914541, "llm_end": 1767715884.7038724, "prefill_time": 0.25778770446777344, "decode_time": 1.7124183177947998, "llm_total_time": 1.9702060222625732}
{"instance_id": "pytest-dev__pytest-5227", "step_id": 2, "tool_start": 1767715884.7063417, "tool_end": 1767715884.7141364, "tool_time": 0.007794618606567383}
{"instance_id": "pytest-dev__pytest-5227", "step_id": 4, "llm_start": 1767715884.718253, "llm_first_chunk": 1767715885.077779, "llm_end": 1767715895.074752, "prefill_time": 0.3595261573791504, "decode_time": 9.996973037719727, "llm_total_time": 10.356499195098877}
{"instance_id": "pytest-dev__pytest-5227", "step_id": 3, "tool_start": 1767715895.0771217, "tool_end": 1767715895.0846288, "tool_time": 0.0075070858001708984}
{"instance_id": "pytest-dev__pytest-5227", "step_id": 5, "llm_start": 1767715895.0885825, "llm_first_chunk": 1767715895.4444494, "llm_end": 1767715898.8531725, "prefill_time": 0.3558669090270996, "decode_time": 3.4087231159210205, "llm_total_time": 3.76459002494812}
{"instance_id": "pytest-dev__pytest-5227", "step_id": 4, "tool_start": 1767715898.8558884, "tool_end": 1767715898.86314, "tool_time": 0.007251739501953125}
{"instance_id": "pytest-dev__pytest-5227", "step_id": 6, "llm_start": 1767715898.8683555, "llm_first_chunk": 1767715899.3415804, "llm_end": 1767715905.0122688, "prefill_time": 0.4732248783111572, "decode_time": 5.6706883907318115, "llm_total_time": 6.143913269042969}
{"instance_id": "pytest-dev__pytest-5227", "step_id": 5, "tool_start": 1767715905.0153856, "tool_end": 1767715905.6354136, "tool_time": 0.620028018951416}
{"instance_id": "pytest-dev__pytest-5227", "step_id": 7, "llm_start": 1767715905.6414137, "llm_first_chunk": 1767715905.8162582, "llm_end": 1767715908.1396396, "prefill_time": 0.17484450340270996, "decode_time": 2.3233814239501953, "llm_total_time": 2.4982259273529053}
{"instance_id": "pytest-dev__pytest-5227", "step_id": 6, "tool_start": 1767715908.1477566, "tool_end": 1767715908.155761, "tool_time": 0.008004426956176758}
{"instance_id": "pytest-dev__pytest-5227", "step_id": 8, "llm_start": 1767715908.1618273, "llm_first_chunk": 1767715908.3687549, "llm_end": 1767715910.2929516, "prefill_time": 0.20692753791809082, "decode_time": 1.924196720123291, "llm_total_time": 2.131124258041382}
{"instance_id": "pytest-dev__pytest-5227", "step_id": 7, "tool_start": 1767715910.2954018, "tool_end": 1767715910.301937, "tool_time": 0.00653529167175293}
{"instance_id": "pytest-dev__pytest-5227", "step_id": 9, "llm_start": 1767715910.3083608, "llm_first_chunk": 1767715910.532044, "llm_end": 1767715912.7288551, "prefill_time": 0.22368311882019043, "decode_time": 2.1968111991882324, "llm_total_time": 2.420494318008423}
{"instance_id": "pytest-dev__pytest-5227", "step_id": 8, "tool_start": 1767715912.7359374, "tool_end": 1767715912.75555, "tool_time": 0.019612550735473633}
{"instance_id": "pytest-dev__pytest-5227", "step_id": 10, "llm_start": 1767715912.765895, "llm_first_chunk": 1767715913.107053, "llm_end": 1767715915.1515346, "prefill_time": 0.3411581516265869, "decode_time": 2.0444815158843994, "llm_total_time": 2.3856396675109863}
{"instance_id": "pytest-dev__pytest-5227", "step_id": 9, "tool_start": 1767715915.1542861, "tool_end": 1767715915.7735527, "tool_time": 0.6192665100097656}
{"instance_id": "pytest-dev__pytest-5227", "step_id": 11, "llm_start": 1767715915.7806127, "llm_first_chunk": 1767715915.9867296, "llm_end": 1767715918.6385448, "prefill_time": 0.2061169147491455, "decode_time": 2.651815176010132, "llm_total_time": 2.8579320907592773}
{"instance_id": "pytest-dev__pytest-5227", "step_id": 10, "tool_start": 1767715918.7129464, "tool_end": 1767715919.3312373, "tool_time": 0.618290901184082}
{"instance_id": "pytest-dev__pytest-5227", "step_id": 12, "llm_start": 1767715919.3410845, "llm_first_chunk": 1767715919.581343, "llm_end": 1767715921.773248, "prefill_time": 0.24025845527648926, "decode_time": 2.1919050216674805, "llm_total_time": 2.4321634769439697}
{"instance_id": "pytest-dev__pytest-5227", "step_id": 11, "tool_start": 1767715921.7758167, "tool_end": 1767715923.4032924, "tool_time": 1.6274757385253906}
{"instance_id": "pytest-dev__pytest-5227", "step_id": 13, "llm_start": 1767715923.4155395, "llm_first_chunk": 1767715923.7350008, "llm_end": 1767715956.2430696, "prefill_time": 0.3194613456726074, "decode_time": 32.508068799972534, "llm_total_time": 32.82753014564514}
{"instance_id": "pytest-dev__pytest-5227", "step_id": 12, "tool_start": 1767715956.2626503, "tool_end": 1767715956.2765896, "tool_time": 0.013939380645751953}
{"instance_id": "pytest-dev__pytest-5227", "step_id": 14, "llm_start": 1767715956.2866735, "llm_first_chunk": 1767715956.49382, "llm_end": 1767715958.304654, "prefill_time": 0.20714640617370605, "decode_time": 1.8108339309692383, "llm_total_time": 2.0179803371429443}
{"instance_id": "pytest-dev__pytest-5227", "step_id": 13, "tool_start": 1767715958.30924, "tool_end": 1767715958.9288568, "tool_time": 0.6196167469024658}
{"instance_id": "pytest-dev__pytest-5227", "step_id": 15, "llm_start": 1767715958.9394946, "llm_first_chunk": 1767715959.186344, "llm_end": 1767715973.2041264, "prefill_time": 0.24684929847717285, "decode_time": 14.01778244972229, "llm_total_time": 14.264631748199463}
{"instance_id": "pytest-dev__pytest-5227", "step_id": 14, "tool_start": 1767715973.2351496, "tool_end": 1767715973.2492523, "tool_time": 0.014102697372436523}
{"instance_id": "pytest-dev__pytest-5227", "step_id": 16,