{"instance_id": "psf__requests-1963", "step_id": 0, "tool_start": 1767714799.232734, "tool_end": 1767714799.8530107, "tool_time": 0.620276689529419}
{"instance_id": "psf__requests-1963", "step_id": 0, "tool_start": 1767714799.8548427, "tool_end": 1767714800.47308, "tool_time": 0.6182372570037842}
{"instance_id": "psf__requests-1963", "step_id": 0, "tool_start": 1767714800.4737985, "tool_end": 1767714801.091834, "tool_time": 0.6180355548858643}
{"instance_id": "psf__requests-1963", "step_id": 0, "tool_start": 1767714801.1404862, "tool_end": 1767714801.758035, "tool_time": 0.6175487041473389}
{"instance_id": "psf__requests-1963", "step_id": 0, "tool_start": 1767714801.7588673, "tool_end": 1767714802.383741, "tool_time": 0.6248736381530762}
{"instance_id": "psf__requests-1963", "step_id": 0, "tool_start": 1767714802.3847654, "tool_end": 1767714803.0037527, "tool_time": 0.6189873218536377}
{"instance_id": "psf__requests-1963", "step_id": 0, "tool_start": 1767714803.005297, "tool_end": 1767714803.6232462, "tool_time": 0.6179492473602295}
{"instance_id": "psf__requests-1963", "step_id": 0, "tool_start": 1767714803.6319697, "tool_end": 1767714804.2563026, "tool_time": 0.6243329048156738}
{"instance_id": "psf__requests-1963", "step_id": 0, "tool_start": 1767714804.2580833, "tool_end": 1767714804.8857422, "tool_time": 0.6276588439941406}
{"instance_id": "psf__requests-1963", "step_id": 0, "tool_start": 1767714804.8864503, "tool_end": 1767714805.5045707, "tool_time": 0.6181204319000244}
{"instance_id": "psf__requests-1963", "env_prepare_start": 1767714314.7267063, "env_prepare_end": 1767714805.5055864, "env_prepare_time": 490.77888011932373}
{"instance_id": "psf__requests-1963", "step_id": 1, "llm_start": 1767714805.5359871, "llm_first_chunk": 1767714805.8005643, "llm_end": 1767714809.648036, "prefill_time": 0.26457715034484863, "decode_time": 3.8474717140197754, "llm_total_time": 4.112048864364624}
{"instance_id": "psf__requests-1963", "step_id": 2, "llm_start": 1767714809.7152472, "llm_first_chunk": 1767714809.921489, "llm_end": 1767714813.6192684, "prefill_time": 0.20624184608459473, "decode_time": 3.697779417037964, "llm_total_time": 3.9040212631225586}
{"instance_id": "psf__requests-1963", "step_id": 1, "tool_start": 1767714813.640796, "tool_end": 1767714813.6548784, "tool_time": 0.01408243179321289}
{"instance_id": "psf__requests-1963", "step_id": 3, "llm_start": 1767714813.6579115, "llm_first_chunk": 1767714813.905174, "llm_end": 1767714828.0078874, "prefill_time": 0.24726247787475586, "decode_time": 14.102713346481323, "llm_total_time": 14.349975824356079}
{"instance_id": "psf__requests-1963", "step_id": 2, "tool_start": 1767714828.010903, "tool_end": 1767714828.0646293, "tool_time": 0.0537264347076416}
{"instance_id": "psf__requests-1963", "step_id": 4, "llm_start": 1767714828.0699506, "llm_first_chunk": 1767714828.376449, "llm_end": 1767714831.4450326, "prefill_time": 0.30649852752685547, "decode_time": 3.0685834884643555, "llm_total_time": 3.375082015991211}
{"instance_id": "psf__requests-1963", "step_id": 3, "tool_start": 1767714831.4476864, "tool_end": 1767714832.0670946, "tool_time": 0.619408130645752}
{"instance_id": "psf__requests-1963", "step_id": 5, "llm_start": 1767714832.0724897, "llm_first_chunk": 1767714832.2521672, "llm_end": 1767714834.0775054, "prefill_time": 0.17967748641967773, "decode_time": 1.8253381252288818, "llm_total_time": 2.0050156116485596}
{"instance_id": "psf__requests-1963", "step_id": 4, "tool_start": 1767714834.0799148, "tool_end": 1767714834.7007504, "tool_time": 0.620835542678833}
{"instance_id": "psf__requests-1963", "step_id": 6, "llm_start": 1767714834.7065911, "llm_first_chunk": 1767714834.901437, "llm_end": 1767714836.6771863, "prefill_time": 0.19484591484069824, "decode_time": 1.7757492065429688, "llm_total_time": 1.970595121383667}
{"instance_id": "psf__requests-1963", "step_id": 5, "tool_start": 1767714836.6798134, "tool_end": 1767714838.8072689, "tool_time": 2.127455472946167}
{"instance_id": "psf__requests-1963", "step_id": 7, "llm_start": 1767714838.812182, "llm_first_chunk": 1767714839.1197581, "llm_end": 1767714842.6543224, "prefill_time": 0.30757617950439453, "decode_time": 3.534564256668091, "llm_total_time": 3.8421404361724854}
{"instance_id": "psf__requests-1963", "step_id": 6, "tool_start": 1767714842.6587753, "tool_end": 1767714843.2811255, "tool_time": 0.6223502159118652}
{"instance_id": "psf__requests-1963", "step_id": 8, "llm_start": 1767714843.2905211, "llm_first_chunk": 1767714843.5101266, "llm_end": 1767714845.5570538, "prefill_time": 0.2196054458618164, "decode_time": 2.0469272136688232, "llm_total_time": 2.2665326595306396}
{"instance_id": "psf__requests-1963", "step_id": 7, "tool_start": 1767714845.560241, "tool_end": 1767714845.582992, "tool_time": 0.0227510929107666}
{"instance_id": "psf__requests-1963", "step_id": 9, "llm_start": 1767714845.59068, "llm_first_chunk": 1767714846.089408, "llm_end": 1767714849.035006, "prefill_time": 0.49872803688049316, "decode_time": 2.9455981254577637, "llm_total_time": 3.444326162338257}
{"instance_id": "psf__requests-1963", "step_id": 8, "tool_start": 1767714849.0377011, "tool_end": 1767714849.657255, "tool_time": 0.619553804397583}
{"instance_id": "psf__requests-1963", "step_id": 10, "llm_start": 1767714849.6655161, "llm_first_chunk": 1767714849.8929267, "llm_end": 1767714853.1232247, "prefill_time": 0.22741055488586426, "decode_time": 3.2302980422973633, "llm_total_time": 3.4577085971832275}
{"instance_id": "psf__requests-1963", "step_id": 9, "tool_start": 1767714853.1749558, "tool_end": 1767714853.7950463, "tool_time": 0.6200904846191406}
{"instance_id": "psf__requests-1963", "step_id": 11, "llm_start": 1767714853.8072312, "llm_first_chunk": 1767714854.02648, "llm_end": 1767714856.7103393, "prefill_time": 0.21924877166748047, "decode_time": 2.683859348297119, "llm_total_time": 2.9031081199645996}
{"instance_id": "psf__requests-1963", "step_id": 10, "tool_start": 1767714856.7443411, "tool_end": 1767714857.369895, "tool_time": 0.6255538463592529}
{"instance_id": "psf__requests-1963", "step_id": 12, "llm_start": 1767714857.3814359, "llm_first_chunk": 1767714857.6071696, "llm_end": 1767714861.8322947, "prefill_time": 0.22573375701904297, "decode_time": 4.225125074386597, "llm_total_time": 4.45085883140564}
{"instance_id": "psf__requests-1963", "step_id": 11, "tool_start": 1767714861.8406026, "tool_end": 1767714862.4626298, "tool_time": 0.6220271587371826}
{"instance_id": "psf__requests-1963", "step_id": 13, "llm_start": 1767714862.4724054, "llm_first_chunk": 1767714862.7115805, "llm_end": 1767714865.6112266, "prefill_time": 0.23917508125305176, "decode_time": 2.899646043777466, "llm_total_time": 3.1388211250305176}
{"instance_id": "psf__requests-1963", "step_id": 12, "tool_start": 1767714865.614764, "tool_end": 1767714866.2371721, "tool_time": 0.6224081516265869}
{"instance_id": "psf__requests-1963", "step_id": 14, "llm_start": 1767714866.2485366, "llm_first_chunk": 1767714866.6091595, "llm_end": 1767714870.1882663, "prefill_time": 0.3606228828430176, "decode_time": 3.5791068077087402, "llm_total_time": 3.939729690551758}
{"instance_id": "psf__requests-1963", "step_id": 13, "tool_start": 1767714870.192034, "tool_end": 1767714870.8157582, "tool_time": 0.6237242221832275}
{"instance_id": "psf__requests-1963", "step_id": 15, "llm_start": 1767714870.8270981, "llm_first_chunk": 1767714871.0524056, "llm_end": 1767714914.4003298, "prefill_time": 0.22530746459960938, "decode_time": 43.34792423248291, "llm_total_time": 43.57323169708252}
{"instance_id": "psf__requests-1963", "step_id": 14, "tool_start": 1767714914.4204187, "tool_end": 1767714914.425439, "tool_time": 0.0050201416015625}
{"instance_id": "psf__requests-1963", "step_id": 16, "llm_start": 1767714914.4360669, "llm_first_chunk": 1767714914.6086528, "llm_end": 1767714916.3309193, "prefill_time": 0.17258596420288086, "decode_time": 1.722266435623169,