{"instance_id": "pydata__xarray-5131", "step_id": 0, "tool_start": 1767715266.395489, "tool_end": 1767715267.0147831, "tool_time": 0.6192941665649414}
{"instance_id": "pydata__xarray-5131", "step_id": 0, "tool_start": 1767715267.0333798, "tool_end": 1767715267.6522346, "tool_time": 0.6188547611236572}
{"instance_id": "pydata__xarray-5131", "step_id": 0, "tool_start": 1767715267.653516, "tool_end": 1767715268.2740397, "tool_time": 0.6205236911773682}
{"instance_id": "pydata__xarray-5131", "step_id": 0, "tool_start": 1767715268.2877684, "tool_end": 1767715268.907955, "tool_time": 0.6201865673065186}
{"instance_id": "pydata__xarray-5131", "step_id": 0, "tool_start": 1767715268.908642, "tool_end": 1767715269.5256112, "tool_time": 0.616969108581543}
{"instance_id": "pydata__xarray-5131", "step_id": 0, "tool_start": 1767715269.5261638, "tool_end": 1767715270.1433787, "tool_time": 0.6172149181365967}
{"instance_id": "pydata__xarray-5131", "step_id": 0, "tool_start": 1767715270.143968, "tool_end": 1767715270.7643309, "tool_time": 0.6203627586364746}
{"instance_id": "pydata__xarray-5131", "step_id": 0, "tool_start": 1767715270.7654414, "tool_end": 1767715271.3885303, "tool_time": 0.6230888366699219}
{"instance_id": "pydata__xarray-5131", "step_id": 0, "tool_start": 1767715271.3892748, "tool_end": 1767715272.0088897, "tool_time": 0.619614839553833}
{"instance_id": "pydata__xarray-5131", "step_id": 0, "tool_start": 1767715272.0095093, "tool_end": 1767715272.6286623, "tool_time": 0.6191530227661133}
{"instance_id": "pydata__xarray-5131", "env_prepare_start": 1767714707.788355, "env_prepare_end": 1767715272.6302626, "env_prepare_time": 564.8419075012207}
{"instance_id": "pydata__xarray-5131", "step_id": 1, "llm_start": 1767715272.6581767, "llm_first_chunk": 1767715272.9349382, "llm_end": 1767715276.085506, "prefill_time": 0.276761531829834, "decode_time": 3.1505677700042725, "llm_total_time": 3.4273293018341064}
{"instance_id": "pydata__xarray-5131", "step_id": 2, "llm_start": 1767715276.1072526, "llm_first_chunk": 1767715276.2431602, "llm_end": 1767715280.442797, "prefill_time": 0.13590764999389648, "decode_time": 4.199636697769165, "llm_total_time": 4.3355443477630615}
{"instance_id": "pydata__xarray-5131", "step_id": 1, "tool_start": 1767715280.4460042, "tool_end": 1767715280.4633017, "tool_time": 0.01729750633239746}
{"instance_id": "pydata__xarray-5131", "step_id": 3, "llm_start": 1767715280.4666343, "llm_first_chunk": 1767715280.7764485, "llm_end": 1767715286.8904307, "prefill_time": 0.3098142147064209, "decode_time": 6.113982200622559, "llm_total_time": 6.4237964153289795}
{"instance_id": "pydata__xarray-5131", "step_id": 2, "tool_start": 1767715286.8934162, "tool_end": 1767715286.9024594, "tool_time": 0.009043216705322266}
{"instance_id": "pydata__xarray-5131", "step_id": 4, "llm_start": 1767715286.9066768, "llm_first_chunk": 1767715287.2051544, "llm_end": 1767715290.2761114, "prefill_time": 0.2984776496887207, "decode_time": 3.0709569454193115, "llm_total_time": 3.3694345951080322}
{"instance_id": "pydata__xarray-5131", "step_id": 3, "tool_start": 1767715290.278933, "tool_end": 1767715290.2863624, "tool_time": 0.007429361343383789}
{"instance_id": "pydata__xarray-5131", "step_id": 5, "llm_start": 1767715290.3859913, "llm_first_chunk": 1767715290.9825132, "llm_end": 1767715293.9132488, "prefill_time": 0.5965218544006348, "decode_time": 2.9307355880737305, "llm_total_time": 3.5272574424743652}
{"instance_id": "pydata__xarray-5131", "step_id": 4, "tool_start": 1767715293.916336, "tool_end": 1767715294.5355701, "tool_time": 0.6192340850830078}
{"instance_id": "pydata__xarray-5131", "step_id": 6, "llm_start": 1767715294.5411794, "llm_first_chunk": 1767715294.7554126, "llm_end": 1767715297.7582984, "prefill_time": 0.2142331600189209, "decode_time": 3.0028858184814453, "llm_total_time": 3.217118978500366}
{"instance_id": "pydata__xarray-5131", "step_id": 5, "tool_start": 1767715297.7629135, "tool_end": 1767715297.7680326, "tool_time": 0.0051190853118896484}
{"instance_id": "pydata__xarray-5131", "step_id": 7, "llm_start": 1767715297.773936, "llm_first_chunk": 1767715298.0684187, "llm_end": 1767715302.2136128, "prefill_time": 0.2944827079772949, "decode_time": 4.145194053649902, "llm_total_time": 4.439676761627197}
{"instance_id": "pydata__xarray-5131", "step_id": 6, "tool_start": 1767715302.217305, "tool_end": 1767715302.2314494, "tool_time": 0.014144420623779297}
{"instance_id": "pydata__xarray-5131", "step_id": 8, "llm_start": 1767715302.2379453, "llm_first_chunk": 1767715302.6435502, "llm_end": 1767715304.9790263, "prefill_time": 0.40560483932495117, "decode_time": 2.3354761600494385, "llm_total_time": 2.7410809993743896}
{"instance_id": "pydata__xarray-5131", "step_id": 7, "tool_start": 1767715304.9878035, "tool_end": 1767715304.9942539, "tool_time": 0.0064504146575927734}
{"instance_id": "pydata__xarray-5131", "step_id": 9, "llm_start": 1767715305.0036776, "llm_first_chunk": 1767715305.169496, "llm_end": 1767715307.9435432, "prefill_time": 0.165818452835083, "decode_time": 2.7740471363067627, "llm_total_time": 2.9398655891418457}
{"instance_id": "pydata__xarray-5131", "step_id": 8, "tool_start": 1767715307.9468563, "tool_end": 1767715308.5683372, "tool_time": 0.6214809417724609}
{"instance_id": "pydata__xarray-5131", "step_id": 10, "llm_start": 1767715308.577448, "llm_first_chunk": 1767715308.78482, "llm_end": 1767715312.187821, "prefill_time": 0.20737218856811523, "decode_time": 3.403000831604004, "llm_total_time": 3.610373020172119}
{"instance_id": "pydata__xarray-5131", "step_id": 9, "tool_start": 1767715312.1906273, "tool_end": 1767715312.8151915, "tool_time": 0.6245641708374023}
{"instance_id": "pydata__xarray-5131", "step_id": 11, "llm_start": 1767715312.8258216, "llm_first_chunk": 1767715313.0256648, "llm_end": 1767715315.545456, "prefill_time": 0.199843168258667, "decode_time": 2.5197911262512207, "llm_total_time": 2.7196342945098877}
{"instance_id": "pydata__xarray-5131", "step_id": 10, "tool_start": 1767715315.549761, "tool_end": 1767715316.1696582, "tool_time": 0.6198971271514893}
{"instance_id": "pydata__xarray-5131", "step_id": 12, "llm_start": 1767715316.1804948, "llm_first_chunk": 1767715316.501058, "llm_end": 1767715319.3069541, "prefill_time": 0.32056331634521484, "decode_time": 2.805896043777466, "llm_total_time": 3.1264593601226807}
{"instance_id": "pydata__xarray-5131", "step_id": 11, "tool_start": 1767715319.3146737, "tool_end": 1767715319.3212836, "tool_time": 0.006609916687011719}
{"instance_id": "pydata__xarray-5131", "step_id": 13, "llm_start": 1767715319.3324864, "llm_first_chunk": 1767715319.6028655, "llm_end": 1767715322.1358206, "prefill_time": 0.27037906646728516, "decode_time": 2.5329551696777344, "llm_total_time": 2.8033342361450195}
{"instance_id": "pydata__xarray-5131", "step_id": 12, "tool_start": 1767715322.1400864, "tool_end": 1767715322.7630339, "tool_time": 0.6229474544525146}
{"instance_id": "pydata__xarray-5131", "step_id": 14, "llm_start": 1767715322.7756474, "llm_first_chunk": 1767715322.9607253, "llm_end": 1767715325.8296797, "prefill_time": 0.18507790565490723, "decode_time": 2.8689544200897217, "llm_total_time": 3.054032325744629}
{"instance_id": "pydata__xarray-5131", "step_id": 13, "tool_start": 1767715325.8332036, "tool_end": 1767715325.8371558, "tool_time": 0.0039522647857666016}
{"instance_id": "pydata__xarray-5131", "step_id": 15, "llm_start": 1767715325.8493445, "llm_first_chunk": 1767715326.1343703, "llm_end": 1767715344.2920105, "prefill_time": 0.28502583503723145, "decode_time": 18.15764021873474, "llm_total_time": 18.442666053771973}
{"instance_id": "pydata__xarray-5131", "step_id": 14, "tool_start": 1767715344.3214996, "tool_end": 1767715344.3255582, "tool_time": 0.0040585994720458984}
{"instance_id": "pydata__xarray-5131", "step_id": 16, "llm_start": 1767715344.3346016, "llm_first_chunk": 1767715344.5162165, "llm_end": 1767715346.6017516, "prefill_time": 0.18161487579345703,