{"instance_id": "scikit-learn__scikit-learn-10949", "step_id": 0, "tool_start": 1767716187.9479809, "tool_end": 1767716188.5672626, "tool_time": 0.6192817687988281}
{"instance_id": "scikit-learn__scikit-learn-10949", "step_id": 0, "tool_start": 1767716188.5681577, "tool_end": 1767716189.1862156, "tool_time": 0.6180579662322998}
{"instance_id": "scikit-learn__scikit-learn-10949", "step_id": 0, "tool_start": 1767716189.1869233, "tool_end": 1767716189.805798, "tool_time": 0.6188747882843018}
{"instance_id": "scikit-learn__scikit-learn-10949", "step_id": 0, "tool_start": 1767716189.8120446, "tool_end": 1767716190.4310434, "tool_time": 0.6189987659454346}
{"instance_id": "scikit-learn__scikit-learn-10949", "step_id": 0, "tool_start": 1767716190.4323578, "tool_end": 1767716191.0491595, "tool_time": 0.6168017387390137}
{"instance_id": "scikit-learn__scikit-learn-10949", "step_id": 0, "tool_start": 1767716191.0500262, "tool_end": 1767716192.6723197, "tool_time": 1.622293472290039}
{"instance_id": "scikit-learn__scikit-learn-10949", "step_id": 0, "tool_start": 1767716192.7307036, "tool_end": 1767716193.3565328, "tool_time": 0.6258292198181152}
{"instance_id": "scikit-learn__scikit-learn-10949", "step_id": 0, "tool_start": 1767716193.3573244, "tool_end": 1767716193.9773579, "tool_time": 0.6200335025787354}
{"instance_id": "scikit-learn__scikit-learn-10949", "step_id": 0, "tool_start": 1767716193.9784195, "tool_end": 1767716194.5973692, "tool_time": 0.6189496517181396}
{"instance_id": "scikit-learn__scikit-learn-10949", "step_id": 0, "tool_start": 1767716194.5983644, "tool_end": 1767716195.2164652, "tool_time": 0.6181008815765381}
{"instance_id": "scikit-learn__scikit-learn-10949", "env_prepare_start": 1767715526.0176656, "env_prepare_end": 1767716195.217274, "env_prepare_time": 669.1996083259583}
{"instance_id": "scikit-learn__scikit-learn-10949", "step_id": 1, "llm_start": 1767716195.2584124, "llm_first_chunk": 1767716195.648704, "llm_end": 1767716199.9521182, "prefill_time": 0.390291690826416, "decode_time": 4.3034141063690186, "llm_total_time": 4.693705797195435}
{"instance_id": "scikit-learn__scikit-learn-10949", "step_id": 2, "llm_start": 1767716199.955157, "llm_first_chunk": 1767716200.1704574, "llm_end": 1767716204.5841157, "prefill_time": 0.2153003215789795, "decode_time": 4.413658380508423, "llm_total_time": 4.628958702087402}
{"instance_id": "scikit-learn__scikit-learn-10949", "step_id": 1, "tool_start": 1767716204.5866086, "tool_end": 1767716205.2136333, "tool_time": 0.6270246505737305}
{"instance_id": "scikit-learn__scikit-learn-10949", "step_id": 3, "llm_start": 1767716205.2172966, "llm_first_chunk": 1767716205.6407778, "llm_end": 1767716212.8289988, "prefill_time": 0.4234812259674072, "decode_time": 7.188220977783203, "llm_total_time": 7.61170220375061}
{"instance_id": "scikit-learn__scikit-learn-10949", "step_id": 2, "tool_start": 1767716212.831725, "tool_end": 1767716213.464016, "tool_time": 0.6322910785675049}
{"instance_id": "scikit-learn__scikit-learn-10949", "step_id": 4, "llm_start": 1767716213.469264, "llm_first_chunk": 1767716213.6689837, "llm_end": 1767716216.9188392, "prefill_time": 0.19971966743469238, "decode_time": 3.2498555183410645, "llm_total_time": 3.449575185775757}
{"instance_id": "scikit-learn__scikit-learn-10949", "step_id": 3, "tool_start": 1767716216.922461, "tool_end": 1767716216.933259, "tool_time": 0.010797977447509766}
{"instance_id": "scikit-learn__scikit-learn-10949", "step_id": 5, "llm_start": 1767716216.938458, "llm_first_chunk": 1767716217.8636808, "llm_end": 1767716221.774264, "prefill_time": 0.9252228736877441, "decode_time": 3.910583257675171, "llm_total_time": 4.835806131362915}
{"instance_id": "scikit-learn__scikit-learn-10949", "step_id": 4, "tool_start": 1767716221.7773736, "tool_end": 1767716222.3970337, "tool_time": 0.6196601390838623}
{"instance_id": "scikit-learn__scikit-learn-10949", "step_id": 6, "llm_start": 1767716222.4018104, "llm_first_chunk": 1767716222.605529, "llm_end": 1767716226.6074543, "prefill_time": 0.2037186622619629, "decode_time": 4.001925230026245, "llm_total_time": 4.205643892288208}
{"instance_id": "scikit-learn__scikit-learn-10949", "step_id": 5, "tool_start": 1767716226.6118917, "tool_end": 1767716226.6165154, "tool_time": 0.0046236515045166016}
{"instance_id": "scikit-learn__scikit-learn-10949", "step_id": 7, "llm_start": 1767716226.6227512, "llm_first_chunk": 1767716227.4898887, "llm_end": 1767716231.5497713, "prefill_time": 0.8671374320983887, "decode_time": 4.059882640838623, "llm_total_time": 4.927020072937012}
{"instance_id": "scikit-learn__scikit-learn-10949", "step_id": 6, "tool_start": 1767716231.5527122, "tool_end": 1767716231.5567293, "tool_time": 0.0040171146392822266}
{"instance_id": "scikit-learn__scikit-learn-10949", "step_id": 8, "llm_start": 1767716231.563563, "llm_first_chunk": 1767716231.9623325, "llm_end": 1767716235.752174, "prefill_time": 0.3987693786621094, "decode_time": 3.789841413497925, "llm_total_time": 4.188610792160034}
{"instance_id": "scikit-learn__scikit-learn-10949", "step_id": 7, "tool_start": 1767716235.7586532, "tool_end": 1767716235.7636771, "tool_time": 0.005023956298828125}
{"instance_id": "scikit-learn__scikit-learn-10949", "step_id": 9, "llm_start": 1767716235.776718, "llm_first_chunk": 1767716236.0871024, "llm_end": 1767716240.6021671, "prefill_time": 0.31038451194763184, "decode_time": 4.515064716339111, "llm_total_time": 4.825449228286743}
{"instance_id": "scikit-learn__scikit-learn-10949", "step_id": 8, "tool_start": 1767716240.7068129, "tool_end": 1767716240.711119, "tool_time": 0.00430607795715332}
{"instance_id": "scikit-learn__scikit-learn-10949", "step_id": 10, "llm_start": 1767716240.7186062, "llm_first_chunk": 1767716241.0312817, "llm_end": 1767716271.8964102, "prefill_time": 0.31267547607421875, "decode_time": 30.86512851715088, "llm_total_time": 31.177803993225098}
{"instance_id": "scikit-learn__scikit-learn-10949", "step_id": 9, "tool_start": 1767716271.8989537, "tool_end": 1767716271.9030097, "tool_time": 0.004055976867675781}
{"instance_id": "scikit-learn__scikit-learn-10949", "step_id": 11, "llm_start": 1767716271.9097419, "llm_first_chunk": 1767716272.3093853, "llm_end": 1767716274.6161802, "prefill_time": 0.3996434211730957, "decode_time": 2.3067948818206787, "llm_total_time": 2.7064383029937744}
{"instance_id": "scikit-learn__scikit-learn-10949", "step_id": 10, "tool_start": 1767716274.620773, "tool_end": 1767716275.7486172, "tool_time": 1.1278440952301025}
{"instance_id": "scikit-learn__scikit-learn-10949", "step_id": 12, "llm_start": 1767716275.7591033, "llm_first_chunk": 1767716275.9635139, "llm_end": 1767716291.246542, "prefill_time": 0.20441055297851562, "decode_time": 15.28302812576294, "llm_total_time": 15.487438678741455}
{"instance_id": "scikit-learn__scikit-learn-10949", "step_id": 11, "tool_start": 1767716291.251806, "tool_end": 1767716291.8758001, "tool_time": 0.6239941120147705}
