{"instance_id": "django__django-13933", "step_id": 0, "tool_start": 1767711517.467367, "tool_end": 1767711518.0859501, "tool_time": 0.6185832023620605}
{"instance_id": "django__django-13933", "step_id": 0, "tool_start": 1767711518.0867956, "tool_end": 1767711518.704749, "tool_time": 0.6179535388946533}
{"instance_id": "django__django-13933", "step_id": 0, "tool_start": 1767711518.7055368, "tool_end": 1767711519.322052, "tool_time": 0.6165151596069336}
{"instance_id": "django__django-13933", "step_id": 0, "tool_start": 1767711519.3306413, "tool_end": 1767711519.9532611, "tool_time": 0.6226198673248291}
{"instance_id": "django__django-13933", "step_id": 0, "tool_start": 1767711519.9538887, "tool_end": 1767711520.5698726, "tool_time": 0.6159839630126953}
{"instance_id": "django__django-13933", "step_id": 0, "tool_start": 1767711520.5705125, "tool_end": 1767711523.1982481, "tool_time": 2.6277356147766113}
{"instance_id": "django__django-13933", "step_id": 0, "tool_start": 1767711523.1988876, "tool_end": 1767711523.8157196, "tool_time": 0.6168320178985596}
{"instance_id": "django__django-13933", "step_id": 0, "tool_start": 1767711523.816362, "tool_end": 1767711525.4410672, "tool_time": 1.6247053146362305}
{"instance_id": "django__django-13933", "step_id": 0, "tool_start": 1767711525.4416292, "tool_end": 1767711526.0608745, "tool_time": 0.6192452907562256}
{"instance_id": "django__django-13933", "step_id": 0, "tool_start": 1767711526.0615108, "tool_end": 1767711526.678782, "tool_time": 0.6172711849212646}
{"instance_id": "django__django-13933", "env_prepare_start": 1767711012.4668822, "env_prepare_end": 1767711526.679595, "env_prepare_time": 514.21271276474}
{"instance_id": "django__django-13933", "step_id": 1, "llm_start": 1767711526.7055612, "llm_first_chunk": 1767711527.091527, "llm_end": 1767711531.127976, "prefill_time": 0.38596582412719727, "decode_time": 4.036448955535889, "llm_total_time": 4.422414779663086}
{"instance_id": "django__django-13933", "step_id": 2, "llm_start": 1767711531.1302617, "llm_first_chunk": 1767711531.3121095, "llm_end": 1767711536.046834, "prefill_time": 0.18184781074523926, "decode_time": 4.734724521636963, "llm_total_time": 4.916572332382202}
{"instance_id": "django__django-13933", "step_id": 1, "tool_start": 1767711536.0494933, "tool_end": 1767711536.6755617, "tool_time": 0.6260683536529541}
{"instance_id": "django__django-13933", "step_id": 3, "llm_start": 1767711536.6789713, "llm_first_chunk": 1767711537.1076765, "llm_end": 1767711539.6960099, "prefill_time": 0.42870521545410156, "decode_time": 2.5883333683013916, "llm_total_time": 3.017038583755493}
{"instance_id": "django__django-13933", "step_id": 2, "tool_start": 1767711539.6990476, "tool_end": 1767711540.3194356, "tool_time": 0.6203880310058594}
{"instance_id": "django__django-13933", "step_id": 4, "llm_start": 1767711540.3243477, "llm_first_chunk": 1767711540.6152174, "llm_end": 1767711543.1690278, "prefill_time": 0.29086971282958984, "decode_time": 2.5538103580474854, "llm_total_time": 2.844680070877075}
{"instance_id": "django__django-13933", "step_id": 3, "tool_start": 1767711543.1726148, "tool_end": 1767711543.1876822, "tool_time": 0.015067338943481445}
{"instance_id": "django__django-13933", "step_id": 5, "llm_start": 1767711543.1933227, "llm_first_chunk": 1767711543.6420555, "llm_end": 1767711545.998574, "prefill_time": 0.448732852935791, "decode_time": 2.356518507003784, "llm_total_time": 2.805251359939575}
{"instance_id": "django__django-13933", "step_id": 4, "tool_start": 1767711546.003382, "tool_end": 1767711546.623828, "tool_time": 0.620445966720581}
{"instance_id": "django__django-13933", "step_id": 6, "llm_start": 1767711546.6631436, "llm_first_chunk": 1767711546.8793347, "llm_end": 1767711549.9079819, "prefill_time": 0.21619105339050293, "decode_time": 3.0286471843719482, "llm_total_time": 3.244838237762451}
{"instance_id": "django__django-13933", "step_id": 5, "tool_start": 1767711549.9102905, "tool_end": 1767711549.9147494, "tool_time": 0.004458904266357422}
{"instance_id": "django__django-13933", "step_id": 7, "llm_start": 1767711549.9189746, "llm_first_chunk": 1767711550.2538452, "llm_end": 1767711553.6187985, "prefill_time": 0.3348705768585205, "decode_time": 3.3649532794952393, "llm_total_time": 3.6998238563537598}
{"instance_id": "django__django-13933", "step_id": 6, "tool_start": 1767711553.6216855, "tool_end": 1767711553.6270158, "tool_time": 0.005330324172973633}
{"instance_id": "django__django-13933", "step_id": 8, "llm_start": 1767711553.6375978, "llm_first_chunk": 1767711554.001845, "llm_end": 1767711557.546004, "prefill_time": 0.36424708366394043, "decode_time": 3.544159173965454, "llm_total_time": 3.9084062576293945}
{"instance_id": "django__django-13933", "step_id": 7, "tool_start": 1767711557.5539036, "tool_end": 1767711557.5589578, "tool_time": 0.0050542354583740234}
{"instance_id": "django__django-13933", "step_id": 9, "llm_start": 1767711557.5691695, "llm_first_chunk": 1767711557.9159572, "llm_end": 1767711560.948549, "prefill_time": 0.346787691116333, "decode_time": 3.0325918197631836, "llm_total_time": 3.3793795108795166}
{"instance_id": "django__django-13933", "step_id": 8, "tool_start": 1767711560.9516783, "tool_end": 1767711561.5718381, "tool_time": 0.6201598644256592}
{"instance_id": "django__django-13933", "step_id": 10, "llm_start": 1767711561.581471, "llm_first_chunk": 1767711561.850703, "llm_end": 1767711564.5219634, "prefill_time": 0.26923203468322754, "decode_time": 2.671260356903076, "llm_total_time": 2.9404923915863037}
{"instance_id": "django__django-13933", "step_id": 11, "llm_start": 1767711564.5300384, "llm_first_chunk": 1767711564.8598998, "llm_end": 1767711567.654987, "prefill_time": 0.3298614025115967, "decode_time": 2.7950873374938965, "llm_total_time": 3.124948740005493}
{"instance_id": "django__django-13933", "step_id": 9, "tool_start": 1767711567.6584866, "tool_end": 1767711567.668605, "tool_time": 0.010118484497070312}
{"instance_id": "django__django-13933", "step_id": 12, "llm_start": 1767711567.6801488, "llm_first_chunk": 1767711568.0067902, "llm_end": 1767711590.0658624, "prefill_time": 0.326641321182251, "decode_time": 22.059072256088257, "llm_total_time": 22.385713577270508}
{"instance_id": "django__django-13933", "step_id": 10, "tool_start": 1767711590.0697305, "tool_end": 1767711592.198724, "tool_time": 2.128993511199951}
{"instance_id": "django__django-13933", "step_id": 13, "llm_start": 1767711592.209362, "llm_first_chunk": 1767711592.4259303, "llm_end": 1767711595.2174184, "prefill_time": 0.2165682315826416, "decode_time": 2.7914881706237793, "llm_total_time": 3.008056402206421}
{"instance_id": "django__django-13933", "step_id": 11, "tool_start": 1767711595.2208326, "tool_end": 1767711595.2284153, "tool_time": 0.007582664489746094}
{"instance_id": "django__django-13933", "step_id": 14, "llm_start": 1767711595.2378166, "llm_first_chunk": 1767711595.5382092, "llm_end": 1767711598.3077416, "prefill_time": 0.30039262771606445, "decode_time": 2.7695324420928955, "llm_total_time": 3.06992506980896}
{"instance_id": "django__django-13933", "step_id": 15, "llm_start": 1767711598.3179095, "llm_first_chunk": 1767711598.5292742, "llm_end": 1767711601.17593, "prefill_time": 0.21136474609375, "decode_time": 2.646655797958374, "llm_total_time": 2.858020544052124}
{"instance_id": "django__django-13933", "step_id": 12, "tool_start": 1767711601.1796272, "tool_end": 1767711601.1845925, "tool_time": 0.004965305328369141}
{"instance_id": "django__django-13933", "step_id": 16, "llm_start": 1767711601.1939626, "llm_first_chunk": 1767711601.546627, "llm_end": 1767711604.5462856, "prefill_time": 0.3526644706726074, "decode_time": 2.9996585845947266, "llm_total_time": 3.352323055267334}
{"instance_id": "django__django-13933", "step_id": 13, "tool_start": 1767711604.5497928, "tool_end": 1767711604.5536017, "tool_time": 0.0038089752197265625}
{"instance_id": "django__django-13933", "step_id": 17,