{"instance_id": "django__django-14608", "step_id": 0, "tool_start": 1767712027.4667816, "tool_end": 1767712028.0865562, "tool_time": 0.619774580001831}
{"instance_id": "django__django-14608", "step_id": 0, "tool_start": 1767712028.0876386, "tool_end": 1767712028.706051, "tool_time": 0.6184124946594238}
{"instance_id": "django__django-14608", "step_id": 0, "tool_start": 1767712028.7070546, "tool_end": 1767712029.3275533, "tool_time": 0.6204986572265625}
{"instance_id": "django__django-14608", "step_id": 0, "tool_start": 1767712029.3439531, "tool_end": 1767712029.962882, "tool_time": 0.6189289093017578}
{"instance_id": "django__django-14608", "step_id": 0, "tool_start": 1767712029.96354, "tool_end": 1767712030.5813498, "tool_time": 0.6178097724914551}
{"instance_id": "django__django-14608", "step_id": 0, "tool_start": 1767712030.5821366, "tool_end": 1767712032.7080894, "tool_time": 2.12595272064209}
{"instance_id": "django__django-14608", "step_id": 0, "tool_start": 1767712032.7090223, "tool_end": 1767712033.3267665, "tool_time": 0.6177442073822021}
{"instance_id": "django__django-14608", "step_id": 0, "tool_start": 1767712033.3300097, "tool_end": 1767712035.4560256, "tool_time": 2.1260159015655518}
{"instance_id": "django__django-14608", "step_id": 0, "tool_start": 1767712035.4566517, "tool_end": 1767712036.0768044, "tool_time": 0.6201527118682861}
{"instance_id": "django__django-14608", "step_id": 0, "tool_start": 1767712036.0774922, "tool_end": 1767712036.6951141, "tool_time": 0.617621898651123}
{"instance_id": "django__django-14608", "env_prepare_start": 1767711625.3215988, "env_prepare_end": 1767712036.6963587, "env_prepare_time": 411.37475991249084}
{"instance_id": "django__django-14608", "step_id": 1, "llm_start": 1767712036.7261105, "llm_first_chunk": 1767712037.0676742, "llm_end": 1767712040.4893765, "prefill_time": 0.34156370162963867, "decode_time": 3.4217023849487305, "llm_total_time": 3.763266086578369}
{"instance_id": "django__django-14608", "step_id": 2, "llm_start": 1767712040.4929998, "llm_first_chunk": 1767712040.649736, "llm_end": 1767712044.2646227, "prefill_time": 0.15673613548278809, "decode_time": 3.61488676071167, "llm_total_time": 3.771622896194458}
{"instance_id": "django__django-14608", "step_id": 1, "tool_start": 1767712044.2676778, "tool_end": 1767712044.386623, "tool_time": 0.11894512176513672}
{"instance_id": "django__django-14608", "step_id": 3, "llm_start": 1767712044.3907356, "llm_first_chunk": 1767712044.804982, "llm_end": 1767712051.0900276, "prefill_time": 0.4142463207244873, "decode_time": 6.285045623779297, "llm_total_time": 6.699291944503784}
{"instance_id": "django__django-14608", "step_id": 2, "tool_start": 1767712051.0926125, "tool_end": 1767712051.100677, "tool_time": 0.008064508438110352}
{"instance_id": "django__django-14608", "step_id": 4, "llm_start": 1767712051.1041672, "llm_first_chunk": 1767712051.2980568, "llm_end": 1767712054.8220987, "prefill_time": 0.19388961791992188, "decode_time": 3.5240418910980225, "llm_total_time": 3.7179315090179443}
{"instance_id": "django__django-14608", "step_id": 3, "tool_start": 1767712054.8263757, "tool_end": 1767712054.847303, "tool_time": 0.02092719078063965}
{"instance_id": "django__django-14608", "step_id": 5, "llm_start": 1767712054.852734, "llm_first_chunk": 1767712055.3343241, "llm_end": 1767712057.8420434, "prefill_time": 0.48159003257751465, "decode_time": 2.5077192783355713, "llm_total_time": 2.989309310913086}
{"instance_id": "django__django-14608", "step_id": 4, "tool_start": 1767712057.8445995, "tool_end": 1767712058.4641147, "tool_time": 0.6195151805877686}
{"instance_id": "django__django-14608", "step_id": 6, "llm_start": 1767712058.4694164, "llm_first_chunk": 1767712058.6340902, "llm_end": 1767712060.9117782, "prefill_time": 0.1646738052368164, "decode_time": 2.2776880264282227, "llm_total_time": 2.442361831665039}
{"instance_id": "django__django-14608", "step_id": 5, "tool_start": 1767712060.9144063, "tool_end": 1767712060.9304802, "tool_time": 0.016073942184448242}
{"instance_id": "django__django-14608", "step_id": 7, "llm_start": 1767712060.9372125, "llm_first_chunk": 1767712061.3987973, "llm_end": 1767712064.0516453, "prefill_time": 0.46158480644226074, "decode_time": 2.6528480052948, "llm_total_time": 3.1144328117370605}
{"instance_id": "django__django-14608", "step_id": 6, "tool_start": 1767712064.0566173, "tool_end": 1767712064.6763177, "tool_time": 0.6197004318237305}
{"instance_id": "django__django-14608", "step_id": 8, "llm_start": 1767712064.684443, "llm_first_chunk": 1767712064.8704724, "llm_end": 1767712067.1897907, "prefill_time": 0.18602943420410156, "decode_time": 2.3193182945251465, "llm_total_time": 2.505347728729248}
{"instance_id": "django__django-14608", "step_id": 7, "tool_start": 1767712067.19302, "tool_end": 1767712067.210155, "tool_time": 0.017134904861450195}
{"instance_id": "django__django-14608", "step_id": 9, "llm_start": 1767712067.215894, "llm_first_chunk": 1767712067.5788114, "llm_end": 1767712077.5255284, "prefill_time": 0.362917423248291, "decode_time": 9.946717023849487, "llm_total_time": 10.309634447097778}
{"instance_id": "django__django-14608", "step_id": 8, "tool_start": 1767712077.5283387, "tool_end": 1767712077.5369048, "tool_time": 0.008566141128540039}
{"instance_id": "django__django-14608", "step_id": 10, "llm_start": 1767712077.5430312, "llm_first_chunk": 1767712077.9310396, "llm_end": 1767712080.688913, "prefill_time": 0.38800835609436035, "decode_time": 2.75787353515625, "llm_total_time": 3.1458818912506104}
{"instance_id": "django__django-14608", "step_id": 9, "tool_start": 1767712080.6922827, "tool_end": 1767712080.699155, "tool_time": 0.006872415542602539}
{"instance_id": "django__django-14608", "step_id": 11, "llm_start": 1767712080.706002, "llm_first_chunk": 1767712081.0443733, "llm_end": 1767712083.6369364, "prefill_time": 0.33837127685546875, "decode_time": 2.5925631523132324, "llm_total_time": 2.930934429168701}
{"instance_id": "django__django-14608", "step_id": 10, "tool_start": 1767712083.6414764, "tool_end": 1767712084.2791524, "tool_time": 0.6376760005950928}
{"instance_id": "django__django-14608", "step_id": 12, "llm_start": 1767712084.3062024, "llm_first_chunk": 1767712085.2483115, "llm_end": 1767712088.234984, "prefill_time": 0.9421091079711914, "decode_time": 2.9866724014282227, "llm_total_time": 3.928781509399414}
{"instance_id": "django__django-14608", "step_id": 11, "tool_start": 1767712088.2392604, "tool_end": 1767712088.2464616, "tool_time": 0.007201194763183594}
{"instance_id": "django__django-14608", "step_id": 13, "llm_start": 1767712088.2574072, "llm_first_chunk": 1767712088.5274243, "llm_end": 1767712091.5245621, "prefill_time": 0.270017147064209, "decode_time": 2.9971377849578857, "llm_total_time": 3.2671549320220947}
{"instance_id": "django__django-14608", "step_id": 12, "tool_start": 1767712091.530048, "tool_end": 1767712091.5351121, "tool_time": 0.005064249038696289}
{"instance_id": "django__django-14608", "step_id": 14, "llm_start": 1767712091.544819, "llm_first_chunk": 1767712091.7860203, "llm_end": 1767712101.6279464, "prefill_time": 0.24120116233825684, "decode_time": 9.841926097869873, "llm_total_time": 10.08312726020813}
{"instance_id": "django__django-14608", "step_id": 13, "tool_start": 1767712101.6310024, "tool_end": 1767712102.7580485, "tool_time": 1.1270461082458496}
{"instance_id": "django__django-14608", "step_id": 15, "llm_start": 1767712102.770859, "llm_first_chunk": 1767712103.0298147, "llm_end": 1767712107.871638, "prefill_time": 0.258955717086792, "decode_time": 4.84182333946228, "llm_total_time": 5.100779056549072}
{"instance_id": "django__django-14608", "step_id": 14, "tool_start": 1767712107.8800678, "tool_end": 1767712108.5014653, "tool_time": 0.6213974952697754}
{"instance_id": "django__django-14608", "step_id": 16, "llm_start": 1767712108.5115716, "llm_first_chunk": 1767712108.7563474, "llm_end": 1767712111.8569248, "prefill_time": 0.24477577209472656,