{"instance_id": "django__django-10914", "step_id": 0, "tool_start": 1767710008.1936398, "tool_end": 1767710008.8341053, "tool_time": 0.640465497970581}
{"instance_id": "django__django-10914", "step_id": 0, "tool_start": 1767710008.8350854, "tool_end": 1767710009.4623463, "tool_time": 0.6272609233856201}
{"instance_id": "django__django-10914", "step_id": 0, "tool_start": 1767710009.4628916, "tool_end": 1767710010.080324, "tool_time": 0.6174323558807373}
{"instance_id": "django__django-10914", "step_id": 0, "tool_start": 1767710010.0897062, "tool_end": 1767710010.7061963, "tool_time": 0.6164901256561279}
{"instance_id": "django__django-10914", "step_id": 0, "tool_start": 1767710010.748251, "tool_end": 1767710011.365991, "tool_time": 0.6177401542663574}
{"instance_id": "django__django-10914", "step_id": 0, "tool_start": 1767710011.366746, "tool_end": 1767710013.4932833, "tool_time": 2.126537322998047}
{"instance_id": "django__django-10914", "step_id": 0, "tool_start": 1767710013.4940357, "tool_end": 1767710014.1099808, "tool_time": 0.6159451007843018}
{"instance_id": "django__django-10914", "step_id": 0, "tool_start": 1767710014.110735, "tool_end": 1767710014.727033, "tool_time": 0.6162979602813721}
{"instance_id": "django__django-10914", "step_id": 0, "tool_start": 1767710014.727836, "tool_end": 1767710015.3450608, "tool_time": 0.617224931716919}
{"instance_id": "django__django-10914", "step_id": 0, "tool_start": 1767710015.3458915, "tool_end": 1767710015.9617548, "tool_time": 0.6158633232116699}
{"instance_id": "django__django-10914", "env_prepare_start": 1767709008.316472, "env_prepare_end": 1767710015.9628625, "env_prepare_time": 1007.6463904380798}
{"instance_id": "django__django-10914", "step_id": 1, "llm_start": 1767710015.9983487, "llm_first_chunk": 1767710016.4066763, "llm_end": 1767710029.5468843, "prefill_time": 0.408327579498291, "decode_time": 13.140208005905151, "llm_total_time": 13.548535585403442}
{"instance_id": "django__django-10914", "step_id": 2, "llm_start": 1767710029.5543559, "llm_first_chunk": 1767710029.7413013, "llm_end": 1767710032.3459194, "prefill_time": 0.18694543838500977, "decode_time": 2.6046180725097656, "llm_total_time": 2.7915635108947754}
{"instance_id": "django__django-10914", "step_id": 3, "llm_start": 1767710032.349181, "llm_first_chunk": 1767710032.5550356, "llm_end": 1767710037.2918537, "prefill_time": 0.2058546543121338, "decode_time": 4.736818075180054, "llm_total_time": 4.9426727294921875}
{"instance_id": "django__django-10914", "step_id": 1, "tool_start": 1767710037.2949522, "tool_end": 1767710037.3123038, "tool_time": 0.017351627349853516}
{"instance_id": "django__django-10914", "step_id": 4, "llm_start": 1767710037.3169723, "llm_first_chunk": 1767710037.6953619, "llm_end": 1767710042.8216457, "prefill_time": 0.3783895969390869, "decode_time": 5.126283884048462, "llm_total_time": 5.504673480987549}
{"instance_id": "django__django-10914", "step_id": 2, "tool_start": 1767710042.8239367, "tool_end": 1767710042.8335311, "tool_time": 0.009594440460205078}
{"instance_id": "django__django-10914", "step_id": 5, "llm_start": 1767710042.837059, "llm_first_chunk": 1767710043.352123, "llm_end": 1767710046.8434525, "prefill_time": 0.515064001083374, "decode_time": 3.4913294315338135, "llm_total_time": 4.0063934326171875}
{"instance_id": "django__django-10914", "step_id": 3, "tool_start": 1767710046.84675, "tool_end": 1767710046.86082, "tool_time": 0.01407003402709961}
{"instance_id": "django__django-10914", "step_id": 6, "llm_start": 1767710046.8659334, "llm_first_chunk": 1767710047.5160089, "llm_end": 1767710072.470662, "prefill_time": 0.6500754356384277, "decode_time": 24.95465326309204, "llm_total_time": 25.60472869873047}
{"instance_id": "django__django-10914", "step_id": 7, "llm_start": 1767710072.477979, "llm_first_chunk": 1767710072.758634, "llm_end": 1767710085.8337145, "prefill_time": 0.2806551456451416, "decode_time": 13.075080394744873, "llm_total_time": 13.355735540390015}
{"instance_id": "django__django-10914", "step_id": 8, "llm_start": 1767710085.8415787, "llm_first_chunk": 1767710086.2535455, "llm_end": 1767710090.4348996, "prefill_time": 0.41196680068969727, "decode_time": 4.18135404586792, "llm_total_time": 4.593320846557617}
{"instance_id": "django__django-10914", "step_id": 4, "tool_start": 1767710090.4387183, "tool_end": 1767710091.0574374, "tool_time": 0.6187191009521484}
{"instance_id": "django__django-10914", "step_id": 9, "llm_start": 1767710091.0660279, "llm_first_chunk": 1767710091.3111055, "llm_end": 1767710093.7386448, "prefill_time": 0.24507761001586914, "decode_time": 2.427539348602295, "llm_total_time": 2.672616958618164}
{"instance_id": "django__django-10914", "step_id": 5, "tool_start": 1767710093.7420275, "tool_end": 1767710094.360835, "tool_time": 0.6188075542449951}
{"instance_id": "django__django-10914", "step_id": 10, "llm_start": 1767710094.369459, "llm_first_chunk": 1767710094.9548407, "llm_end": 1767710098.8523858, "prefill_time": 0.5853817462921143, "decode_time": 3.897545099258423, "llm_total_time": 4.482926845550537}
{"instance_id": "django__django-10914", "step_id": 6, "tool_start": 1767710098.8558707, "tool_end": 1767710099.4755142, "tool_time": 0.6196434497833252}
{"instance_id": "django__django-10914", "step_id": 11, "llm_start": 1767710099.4819658, "llm_first_chunk": 1767710099.7939456, "llm_end": 1767710104.467954, "prefill_time": 0.3119797706604004, "decode_time": 4.674008369445801, "llm_total_time": 4.985988140106201}
{"instance_id": "django__django-10914", "step_id": 7, "tool_start": 1767710104.4715338, "tool_end": 1767710105.5927212, "tool_time": 1.121187448501587}
{"instance_id": "django__django-10914", "step_id": 12, "llm_start": 1767710105.6000683, "llm_first_chunk": 1767710105.8705509, "llm_end": 1767710119.535022, "prefill_time": 0.27048254013061523, "decode_time": 13.66447114944458, "llm_total_time": 13.934953689575195}
{"instance_id": "django__django-10914", "step_id": 13, "llm_start": 1767710119.5447912, "llm_first_chunk": 1767710120.1203709, "llm_end": 1767710124.1365588, "prefill_time": 0.5755796432495117, "decode_time": 4.016187906265259, "llm_total_time": 4.5917675495147705}
{"instance_id": "django__django-10914", "step_id": 8, "tool_start": 1767710124.1394446, "tool_end": 1767710126.76921, "tool_time": 2.629765510559082}
{"instance_id": "django__django-10914", "step_id": 14, "llm_start": 1767710126.7771242, "llm_first_chunk": 1767710127.0047479, "llm_end": 1767710130.4593127, "prefill_time": 0.22762370109558105, "decode_time": 3.4545648097991943, "llm_total_time": 3.6821885108947754}
{"instance_id": "django__django-10914", "step_id": 9, "tool_start": 1767710130.4623666, "tool_end": 1767710133.0914867, "tool_time": 2.629120111465454}
{"instance_id": "django__django-10914", "step_id": 15, "llm_start": 1767710133.1003017, "llm_first_chunk": 1767710133.3437572, "llm_end": 1767710136.1963384, "prefill_time": 0.2434554100036621, "decode_time": 2.852581262588501, "llm_total_time": 3.096036672592163}
{"instance_id": "django__django-10914", "step_id": 10, "tool_start": 1767710136.1996655, "tool_end": 1767710136.2114122, "tool_time": 0.011746644973754883}
{"instance_id": "django__django-10914", "step_id": 16, "llm_start": 1767710136.2197642, "llm_first_chunk": 1767710136.8602107, "llm_end": 1767710139.642784, "prefill_time": 0.6404464244842529, "decode_time": 2.7825734615325928, "llm_total_time": 3.4230198860168457}
{"instance_id": "django__django-10914", "step_id": 11, "tool_start": 1767710139.6458585, "tool_end": 1767710140.263958, "tool_time": 0.6180994510650635}
{"instance_id": "django__django-10914", "step_id": 17, "llm_start": 1767710140.2729, "llm_first_chunk": 1767710140.5286484, "llm_end": 1767710143.1781716, "prefill_time": 0.25574827194213867, "decode_time": 2.6495232582092285, "llm_total_time": 2.905271530151367}
{"instance_id": "django__django-10914", "step_id": 12, "tool_start": 1767710143.1822035, "tool_end": 1767710143.1886592,