{"instance_id": "pytest-dev__pytest-7168", "step_id": 0, "tool_start": 1767716012.4541073, "tool_end": 1767716013.0714498, "tool_time": 0.617342472076416}
{"instance_id": "pytest-dev__pytest-7168", "step_id": 0, "tool_start": 1767716013.0720718, "tool_end": 1767716013.6893322, "tool_time": 0.6172604560852051}
{"instance_id": "pytest-dev__pytest-7168", "step_id": 0, "tool_start": 1767716013.6898763, "tool_end": 1767716014.3059137, "tool_time": 0.6160373687744141}
{"instance_id": "pytest-dev__pytest-7168", "step_id": 0, "tool_start": 1767716014.3123114, "tool_end": 1767716014.9292643, "tool_time": 0.6169528961181641}
{"instance_id": "pytest-dev__pytest-7168", "step_id": 0, "tool_start": 1767716014.9304283, "tool_end": 1767716015.546998, "tool_time": 0.6165697574615479}
{"instance_id": "pytest-dev__pytest-7168", "step_id": 0, "tool_start": 1767716015.54754, "tool_end": 1767716016.1641269, "tool_time": 0.6165869235992432}
{"instance_id": "pytest-dev__pytest-7168", "step_id": 0, "tool_start": 1767716016.17596, "tool_end": 1767716016.7941494, "tool_time": 0.6181893348693848}
{"instance_id": "pytest-dev__pytest-7168", "step_id": 0, "tool_start": 1767716016.7947676, "tool_end": 1767716017.411809, "tool_time": 0.6170413494110107}
{"instance_id": "pytest-dev__pytest-7168", "step_id": 0, "tool_start": 1767716017.4125826, "tool_end": 1767716018.0322485, "tool_time": 0.6196658611297607}
{"instance_id": "pytest-dev__pytest-7168", "step_id": 0, "tool_start": 1767716018.0332665, "tool_end": 1767716018.6508327, "tool_time": 0.6175661087036133}
{"instance_id": "pytest-dev__pytest-7168", "env_prepare_start": 1767715229.0461478, "env_prepare_end": 1767716018.6516008, "env_prepare_time": 789.6054530143738}
{"instance_id": "pytest-dev__pytest-7168", "step_id": 1, "llm_start": 1767716018.6786401, "llm_first_chunk": 1767716019.0820386, "llm_end": 1767716022.017787, "prefill_time": 0.4033985137939453, "decode_time": 2.935748338699341, "llm_total_time": 3.339146852493286}
{"instance_id": "pytest-dev__pytest-7168", "step_id": 2, "llm_start": 1767716022.0206256, "llm_first_chunk": 1767716022.230206, "llm_end": 1767716026.34901, "prefill_time": 0.2095804214477539, "decode_time": 4.118803977966309, "llm_total_time": 4.3283843994140625}
{"instance_id": "pytest-dev__pytest-7168", "step_id": 1, "tool_start": 1767716026.3516994, "tool_end": 1767716026.9863615, "tool_time": 0.6346621513366699}
{"instance_id": "pytest-dev__pytest-7168", "step_id": 3, "llm_start": 1767716026.9905164, "llm_first_chunk": 1767716027.4550722, "llm_end": 1767716030.4825673, "prefill_time": 0.4645557403564453, "decode_time": 3.0274951457977295, "llm_total_time": 3.492050886154175}
{"instance_id": "pytest-dev__pytest-7168", "step_id": 2, "tool_start": 1767716030.4858105, "tool_end": 1767716030.4960706, "tool_time": 0.01026010513305664}
{"instance_id": "pytest-dev__pytest-7168", "step_id": 4, "llm_start": 1767716030.5003924, "llm_first_chunk": 1767716030.8336813, "llm_end": 1767716036.9115162, "prefill_time": 0.33328890800476074, "decode_time": 6.077834844589233, "llm_total_time": 6.411123752593994}
{"instance_id": "pytest-dev__pytest-7168", "step_id": 3, "tool_start": 1767716036.9335997, "tool_end": 1767716036.9421859, "tool_time": 0.00858616828918457}
{"instance_id": "pytest-dev__pytest-7168", "step_id": 5, "llm_start": 1767716036.94658, "llm_first_chunk": 1767716037.11299, "llm_end": 1767716039.4871418, "prefill_time": 0.16640996932983398, "decode_time": 2.3741519451141357, "llm_total_time": 2.5405619144439697}
{"instance_id": "pytest-dev__pytest-7168", "step_id": 4, "tool_start": 1767716039.489843, "tool_end": 1767716040.1117992, "tool_time": 0.6219563484191895}
{"instance_id": "pytest-dev__pytest-7168", "step_id": 6, "llm_start": 1767716040.1192658, "llm_first_chunk": 1767716040.4874566, "llm_end": 1767716059.1490493, "prefill_time": 0.3681907653808594, "decode_time": 18.661592721939087, "llm_total_time": 19.029783487319946}
{"instance_id": "pytest-dev__pytest-7168", "step_id": 5, "tool_start": 1767716059.1524515, "tool_end": 1767716059.1576676, "tool_time": 0.005216121673583984}
{"instance_id": "pytest-dev__pytest-7168", "step_id": 7, "llm_start": 1767716059.1639621, "llm_first_chunk": 1767716059.6049564, "llm_end": 1767716062.8420603, "prefill_time": 0.4409942626953125, "decode_time": 3.2371039390563965, "llm_total_time": 3.678098201751709}
{"instance_id": "pytest-dev__pytest-7168", "step_id": 6, "tool_start": 1767716062.8453686, "tool_end": 1767716062.8490522, "tool_time": 0.0036835670471191406}
{"instance_id": "pytest-dev__pytest-7168", "step_id": 8, "llm_start": 1767716062.85814, "llm_first_chunk": 1767716063.0551624, "llm_end": 1767716066.1493497, "prefill_time": 0.1970224380493164, "decode_time": 3.0941872596740723, "llm_total_time": 3.2912096977233887}
{"instance_id": "pytest-dev__pytest-7168", "step_id": 7, "tool_start": 1767716066.1529922, "tool_end": 1767716066.1563194, "tool_time": 0.0033271312713623047}
{"instance_id": "pytest-dev__pytest-7168", "step_id": 9, "llm_start": 1767716066.1631246, "llm_first_chunk": 1767716066.3600607, "llm_end": 1767716096.5816338, "prefill_time": 0.19693613052368164, "decode_time": 30.22157311439514, "llm_total_time": 30.418509244918823}
{"instance_id": "pytest-dev__pytest-7168", "step_id": 8, "tool_start": 1767716096.587026, "tool_end": 1767716096.5918193, "tool_time": 0.004793405532836914}
{"instance_id": "pytest-dev__pytest-7168", "step_id": 10, "llm_start": 1767716096.5999258, "llm_first_chunk": 1767716096.7898555, "llm_end": 1767716099.4225986, "prefill_time": 0.18992972373962402, "decode_time": 2.6327431201934814, "llm_total_time": 2.8226728439331055}
{"instance_id": "pytest-dev__pytest-7168", "step_id": 9, "tool_start": 1767716099.4259806, "tool_end": 1767716100.0479426, "tool_time": 0.6219620704650879}
{"instance_id": "pytest-dev__pytest-7168", "step_id": 11, "llm_start": 1767716100.0551221, "llm_first_chunk": 1767716100.4257224, "llm_end": 1767716128.0940433, "prefill_time": 0.37060022354125977, "decode_time": 27.668320894241333, "llm_total_time": 28.038921117782593}
{"instance_id": "pytest-dev__pytest-7168", "step_id": 10, "tool_start": 1767716128.0994613, "tool_end": 1767716128.1087255, "tool_time": 0.009264230728149414}
{"instance_id": "pytest-dev__pytest-7168", "step_id": 12, "llm_start": 1767716128.1182363, "llm_first_chunk": 1767716128.3641357, "llm_end": 1767716138.0885158, "prefill_time": 0.24589943885803223, "decode_time": 9.724380016326904, "llm_total_time": 9.970279455184937}
{"instance_id": "pytest-dev__pytest-7168", "step_id": 11, "tool_start": 1767716138.0921168, "tool_end": 1767716138.1020186, "tool_time": 0.009901762008666992}
{"instance_id": "pytest-dev__pytest-7168", "step_id": 13, "llm_start": 1767716138.1118507, "llm_first_chunk": 1767716138.43937, "llm_end": 1767716141.2379289, "prefill_time": 0.32751917839050293, "decode_time": 2.7985589504241943, "llm_total_time": 3.1260781288146973}
{"instance_id": "pytest-dev__pytest-7168", "step_id": 12, "tool_start": 1767716141.2434123, "tool_end": 1767716141.8708546, "tool_time": 0.6274423599243164}
{"instance_id": "pytest-dev__pytest-7168", "step_id": 14, "llm_start": 1767716141.8810742, "llm_first_chunk": 1767716142.451671, "llm_end": 1767716147.017556, "prefill_time": 0.5705966949462891, "decode_time": 4.565885066986084, "llm_total_time": 5.136481761932373}
{"instance_id": "pytest-dev__pytest-7168", "step_id": 13, "tool_start": 1767716147.0210655, "tool_end": 1767716147.0258553, "tool_time": 0.004789829254150391}
{"instance_id": "pytest-dev__pytest-7168", "step_id": 15, "llm_start": 1767716147.036672, "llm_first_chunk": 1767716147.2849479, "llm_end": 1767716151.6549573, "prefill_time": 0.2482757568359375, "decode_time": 4.370009422302246, "llm_total_time": 4.618285179138184}
{"instance_id": "pytest-dev__pytest-7168", "step_id": 16, "llm_start": 1767716151.8429105, "llm_first_chunk": 1767716152.065018, "llm_end": 1767716155.1263967, "prefill_time": 0.2221074104309082,