{"instance_id": "pytest-dev__pytest-8365", "step_id": 0, "tool_start": 1767716109.4340515, "tool_end": 1767716110.0545096, "tool_time": 0.6204581260681152}
{"instance_id": "pytest-dev__pytest-8365", "step_id": 0, "tool_start": 1767716110.0559063, "tool_end": 1767716110.6761315, "tool_time": 0.620225191116333}
{"instance_id": "pytest-dev__pytest-8365", "step_id": 0, "tool_start": 1767716110.6768372, "tool_end": 1767716111.301241, "tool_time": 0.624403715133667}
{"instance_id": "pytest-dev__pytest-8365", "step_id": 0, "tool_start": 1767716111.3076847, "tool_end": 1767716111.9268725, "tool_time": 0.6191878318786621}
{"instance_id": "pytest-dev__pytest-8365", "step_id": 0, "tool_start": 1767716111.9277725, "tool_end": 1767716112.5459309, "tool_time": 0.6181583404541016}
{"instance_id": "pytest-dev__pytest-8365", "step_id": 0, "tool_start": 1767716112.546657, "tool_end": 1767716113.1654203, "tool_time": 0.6187632083892822}
{"instance_id": "pytest-dev__pytest-8365", "step_id": 0, "tool_start": 1767716113.1662364, "tool_end": 1767716113.7901344, "tool_time": 0.6238980293273926}
{"instance_id": "pytest-dev__pytest-8365", "step_id": 0, "tool_start": 1767716113.790998, "tool_end": 1767716114.4133115, "tool_time": 0.6223134994506836}
{"instance_id": "pytest-dev__pytest-8365", "step_id": 0, "tool_start": 1767716114.4164712, "tool_end": 1767716115.0356116, "tool_time": 0.6191403865814209}
{"instance_id": "pytest-dev__pytest-8365", "step_id": 0, "tool_start": 1767716115.0362916, "tool_end": 1767716115.653276, "tool_time": 0.6169843673706055}
{"instance_id": "pytest-dev__pytest-8365", "env_prepare_start": 1767715353.6956067, "env_prepare_end": 1767716115.6585517, "env_prepare_time": 761.962944984436}
{"instance_id": "pytest-dev__pytest-8365", "step_id": 1, "llm_start": 1767716115.6999881, "llm_first_chunk": 1767716116.3732328, "llm_end": 1767716119.6334052, "prefill_time": 0.6732447147369385, "decode_time": 3.2601723670959473, "llm_total_time": 3.9334170818328857}
{"instance_id": "pytest-dev__pytest-8365", "step_id": 2, "llm_start": 1767716119.6356754, "llm_first_chunk": 1767716119.8123674, "llm_end": 1767716123.6651423, "prefill_time": 0.17669200897216797, "decode_time": 3.8527748584747314, "llm_total_time": 4.029466867446899}
{"instance_id": "pytest-dev__pytest-8365", "step_id": 1, "tool_start": 1767716123.6676443, "tool_end": 1767716123.7184653, "tool_time": 0.05082106590270996}
{"instance_id": "pytest-dev__pytest-8365", "step_id": 3, "llm_start": 1767716123.722547, "llm_first_chunk": 1767716124.145132, "llm_end": 1767716132.3081152, "prefill_time": 0.42258501052856445, "decode_time": 8.162983179092407, "llm_total_time": 8.585568189620972}
{"instance_id": "pytest-dev__pytest-8365", "step_id": 2, "tool_start": 1767716132.3113885, "tool_end": 1767716132.3707473, "tool_time": 0.059358835220336914}
{"instance_id": "pytest-dev__pytest-8365", "step_id": 4, "llm_start": 1767716132.3754063, "llm_first_chunk": 1767716132.693472, "llm_end": 1767716135.8039646, "prefill_time": 0.3180656433105469, "decode_time": 3.110492706298828, "llm_total_time": 3.428558349609375}
{"instance_id": "pytest-dev__pytest-8365", "step_id": 3, "tool_start": 1767716135.8096812, "tool_end": 1767716135.8305776, "tool_time": 0.020896434783935547}
{"instance_id": "pytest-dev__pytest-8365", "step_id": 5, "llm_start": 1767716135.8387632, "llm_first_chunk": 1767716136.3283448, "llm_end": 1767716140.1734624, "prefill_time": 0.4895815849304199, "decode_time": 3.8451175689697266, "llm_total_time": 4.3346991539001465}
{"instance_id": "pytest-dev__pytest-8365", "step_id": 4, "tool_start": 1767716140.2574532, "tool_end": 1767716140.8779852, "tool_time": 0.6205320358276367}
{"instance_id": "pytest-dev__pytest-8365", "step_id": 6, "llm_start": 1767716140.936772, "llm_first_chunk": 1767716141.1138906, "llm_end": 1767716144.3282995, "prefill_time": 0.17711853981018066, "decode_time": 3.2144088745117188, "llm_total_time": 3.3915274143218994}
{"instance_id": "pytest-dev__pytest-8365", "step_id": 5, "tool_start": 1767716144.3333209, "tool_end": 1767716144.3410585, "tool_time": 0.007737636566162109}
{"instance_id": "pytest-dev__pytest-8365", "step_id": 7, "llm_start": 1767716144.3467746, "llm_first_chunk": 1767716144.9320488, "llm_end": 1767716148.4336283, "prefill_time": 0.5852742195129395, "decode_time": 3.501579523086548, "llm_total_time": 4.086853742599487}
{"instance_id": "pytest-dev__pytest-8365", "step_id": 6, "tool_start": 1767716148.438814, "tool_end": 1767716148.45192, "tool_time": 0.013106107711791992}
{"instance_id": "pytest-dev__pytest-8365", "step_id": 8, "llm_start": 1767716148.458928, "llm_first_chunk": 1767716148.7321763, "llm_end": 1767716163.9148865, "prefill_time": 0.27324819564819336, "decode_time": 15.18271017074585, "llm_total_time": 15.455958366394043}
{"instance_id": "pytest-dev__pytest-8365", "step_id": 7, "tool_start": 1767716163.9181113, "tool_end": 1767716164.5381553, "tool_time": 0.6200439929962158}
{"instance_id": "pytest-dev__pytest-8365", "step_id": 9, "llm_start": 1767716164.5457885, "llm_first_chunk": 1767716164.7603104, "llm_end": 1767716167.3142884, "prefill_time": 0.2145218849182129, "decode_time": 2.5539779663085938, "llm_total_time": 2.7684998512268066}
{"instance_id": "pytest-dev__pytest-8365", "step_id": 8, "tool_start": 1767716167.4338958, "tool_end": 1767716168.0578146, "tool_time": 0.6239187717437744}
{"instance_id": "pytest-dev__pytest-8365", "step_id": 10, "llm_start": 1767716168.064683, "llm_first_chunk": 1767716168.2900221, "llm_end": 1767716172.4370914, "prefill_time": 0.22533917427062988, "decode_time": 4.147069215774536, "llm_total_time": 4.372408390045166}
{"instance_id": "pytest-dev__pytest-8365", "step_id": 9, "tool_start": 1767716172.4400504, "tool_end": 1767716173.058294, "tool_time": 0.6182436943054199}
{"instance_id": "pytest-dev__pytest-8365", "step_id": 11, "llm_start": 1767716173.0660079, "llm_first_chunk": 1767716173.261642, "llm_end": 1767716175.6985142, "prefill_time": 0.195634126663208, "decode_time": 2.4368722438812256, "llm_total_time": 2.6325063705444336}
{"instance_id": "pytest-dev__pytest-8365", "step_id": 10, "tool_start": 1767716175.702781, "tool_end": 1767716176.3215353, "tool_time": 0.6187543869018555}
{"instance_id": "pytest-dev__pytest-8365", "step_id": 12, "llm_start": 1767716176.328546, "llm_first_chunk": 1767716176.5572007, "llm_end": 1767716195.9096622, "prefill_time": 0.2286546230316162, "decode_time": 19.352461576461792, "llm_total_time": 19.581116199493408}
{"instance_id": "pytest-dev__pytest-8365", "step_id": 11, "tool_start": 1767716195.9733188, "tool_end": 1767716195.9779491, "tool_time": 0.004630327224731445}
{"instance_id": "pytest-dev__pytest-8365", "step_id": 13, "llm_start": 1767716195.9853053, "llm_first_chunk": 1767716196.225285, "llm_end": 1767716198.4218755, "prefill_time": 0.23997974395751953, "decode_time": 2.1965904235839844, "llm_total_time": 2.436570167541504}
{"instance_id": "pytest-dev__pytest-8365", "step_id": 12, "tool_start": 1767716198.4253275, "tool_end": 1767716199.044213, "tool_time": 0.6188855171203613}
{"instance_id": "pytest-dev__pytest-8365", "step_id": 14, "llm_start": 1767716199.0518246, "llm_first_chunk": 1767716199.2878385, "llm_end": 1767716235.2236025, "prefill_time": 0.23601388931274414, "decode_time": 35.93576407432556, "llm_total_time": 36.171777963638306}
{"instance_id": "pytest-dev__pytest-8365", "step_id": 13, "tool_start": 1767716235.2314293, "tool_end": 1767716235.2495506, "tool_time": 0.01812124252319336}
{"instance_id": "pytest-dev__pytest-8365", "step_id": 15, "llm_start": 1767716235.2615762, "llm_first_chunk": 1767716235.6113439, "llm_end": 1767716246.8186862, "prefill_time": 0.34976768493652344, "decode_time": 11.207342386245728, "llm_total_time": 11.557110071182251}
{"instance_id": "pytest-dev__pytest-8365", "step_id": 14, "tool_start": 1767716246.8401017, "tool_end": 1767716246.8903122, "tool_time": 0.05021047592163086}
{"instance_id": "pytest-dev__pytest-8365", "step_id": 16,