{"instance_id": "pytest-dev__pytest-11148", "step_id": 0, "tool_start": 1767715690.9219358, "tool_end": 1767715691.54165, "tool_time": 0.6197142601013184}
{"instance_id": "pytest-dev__pytest-11148", "step_id": 0, "tool_start": 1767715691.542655, "tool_end": 1767715692.1618361, "tool_time": 0.6191811561584473}
{"instance_id": "pytest-dev__pytest-11148", "step_id": 0, "tool_start": 1767715692.1627283, "tool_end": 1767715692.7803316, "tool_time": 0.6176033020019531}
{"instance_id": "pytest-dev__pytest-11148", "step_id": 0, "tool_start": 1767715692.7869906, "tool_end": 1767715693.4046743, "tool_time": 0.6176836490631104}
{"instance_id": "pytest-dev__pytest-11148", "step_id": 0, "tool_start": 1767715693.4057992, "tool_end": 1767715694.0223083, "tool_time": 0.616509199142456}
{"instance_id": "pytest-dev__pytest-11148", "step_id": 0, "tool_start": 1767715694.0231483, "tool_end": 1767715695.1476173, "tool_time": 1.1244690418243408}
{"instance_id": "pytest-dev__pytest-11148", "step_id": 0, "tool_start": 1767715695.1483858, "tool_end": 1767715695.7661054, "tool_time": 0.6177196502685547}
{"instance_id": "pytest-dev__pytest-11148", "step_id": 0, "tool_start": 1767715695.7675235, "tool_end": 1767715696.3854475, "tool_time": 0.6179239749908447}
{"instance_id": "pytest-dev__pytest-11148", "step_id": 0, "tool_start": 1767715696.3861332, "tool_end": 1767715697.0050333, "tool_time": 0.6189000606536865}
{"instance_id": "pytest-dev__pytest-11148", "step_id": 0, "tool_start": 1767715697.0056825, "tool_end": 1767715697.6236193, "tool_time": 0.6179368495941162}
{"instance_id": "pytest-dev__pytest-11148", "env_prepare_start": 1767715022.2155538, "env_prepare_end": 1767715697.6244242, "env_prepare_time": 675.4088704586029}
{"instance_id": "pytest-dev__pytest-11148", "step_id": 1, "llm_start": 1767715697.6528335, "llm_first_chunk": 1767715697.9600353, "llm_end": 1767715704.8299952, "prefill_time": 0.3072018623352051, "decode_time": 6.869959831237793, "llm_total_time": 7.177161693572998}
{"instance_id": "pytest-dev__pytest-11148", "step_id": 2, "llm_start": 1767715704.835327, "llm_first_chunk": 1767715704.96436, "llm_end": 1767715705.706712, "prefill_time": 0.12903308868408203, "decode_time": 0.7423520088195801, "llm_total_time": 0.8713850975036621}
{"instance_id": "pytest-dev__pytest-11148", "step_id": 3, "llm_start": 1767715705.7097857, "llm_first_chunk": 1767715705.8776085, "llm_end": 1767715706.975318, "prefill_time": 0.16782283782958984, "decode_time": 1.0977094173431396, "llm_total_time": 1.2655322551727295}
{"instance_id": "pytest-dev__pytest-11148", "step_id": 1, "tool_start": 1767715706.9780414, "tool_end": 1767715706.9927626, "tool_time": 0.014721155166625977}
{"instance_id": "pytest-dev__pytest-11148", "step_id": 4, "llm_start": 1767715706.9965298, "llm_first_chunk": 1767715707.1786702, "llm_end": 1767715708.4898772, "prefill_time": 0.18214035034179688, "decode_time": 1.3112070560455322, "llm_total_time": 1.493347406387329}
{"instance_id": "pytest-dev__pytest-11148", "step_id": 2, "tool_start": 1767715708.4928865, "tool_end": 1767715708.5017395, "tool_time": 0.008852958679199219}
{"instance_id": "pytest-dev__pytest-11148", "step_id": 5, "llm_start": 1767715708.5058439, "llm_first_chunk": 1767715708.816756, "llm_end": 1767715710.2052867, "prefill_time": 0.3109121322631836, "decode_time": 1.3885307312011719, "llm_total_time": 1.6994428634643555}
{"instance_id": "pytest-dev__pytest-11148", "step_id": 3, "tool_start": 1767715710.2160962, "tool_end": 1767715710.230497, "tool_time": 0.014400720596313477}
{"instance_id": "pytest-dev__pytest-11148", "step_id": 6, "llm_start": 1767715710.2362797, "llm_first_chunk": 1767715710.728812, "llm_end": 1767715712.0245588, "prefill_time": 0.49253225326538086, "decode_time": 1.2957468032836914, "llm_total_time": 1.7882790565490723}
{"instance_id": "pytest-dev__pytest-11148", "step_id": 4, "tool_start": 1767715712.0274637, "tool_end": 1767715712.035972, "tool_time": 0.008508443832397461}
{"instance_id": "pytest-dev__pytest-11148", "step_id": 7, "llm_start": 1767715712.0426633, "llm_first_chunk": 1767715712.3063288, "llm_end": 1767715714.1926541, "prefill_time": 0.26366543769836426, "decode_time": 1.8863253593444824, "llm_total_time": 2.1499907970428467}
{"instance_id": "pytest-dev__pytest-11148", "step_id": 5, "tool_start": 1767715714.2236736, "tool_end": 1767715714.8429642, "tool_time": 0.6192905902862549}
{"instance_id": "pytest-dev__pytest-11148", "step_id": 8, "llm_start": 1767715714.8487988, "llm_first_chunk": 1767715715.0134256, "llm_end": 1767715716.4734523, "prefill_time": 0.1646268367767334, "decode_time": 1.460026741027832, "llm_total_time": 1.6246535778045654}
{"instance_id": "pytest-dev__pytest-11148", "step_id": 6, "tool_start": 1767715716.479548, "tool_end": 1767715716.48671, "tool_time": 0.0071620941162109375}
{"instance_id": "pytest-dev__pytest-11148", "step_id": 9, "llm_start": 1767715716.4933555, "llm_first_chunk": 1767715717.1586118, "llm_end": 1767715718.9483848, "prefill_time": 0.6652562618255615, "decode_time": 1.7897729873657227, "llm_total_time": 2.455029249191284}
{"instance_id": "pytest-dev__pytest-11148", "step_id": 7, "tool_start": 1767715718.9517071, "tool_end": 1767715719.5730197, "tool_time": 0.6213126182556152}
{"instance_id": "pytest-dev__pytest-11148", "step_id": 10, "llm_start": 1767715719.5817723, "llm_first_chunk": 1767715719.773282, "llm_end": 1767715721.2634387, "prefill_time": 0.19150972366333008, "decode_time": 1.490156650543213, "llm_total_time": 1.681666374206543}
{"instance_id": "pytest-dev__pytest-11148", "step_id": 8, "tool_start": 1767715721.268145, "tool_end": 1767715721.2813613, "tool_time": 0.013216257095336914}
{"instance_id": "pytest-dev__pytest-11148", "step_id": 11, "llm_start": 1767715721.2879667, "llm_first_chunk": 1767715721.9167867, "llm_end": 1767715723.501851, "prefill_time": 0.6288199424743652, "decode_time": 1.58506441116333, "llm_total_time": 2.2138843536376953}
{"instance_id": "pytest-dev__pytest-11148", "step_id": 9, "tool_start": 1767715723.5056784, "tool_end": 1767715724.1274374, "tool_time": 0.6217589378356934}
{"instance_id": "pytest-dev__pytest-11148", "step_id": 12, "llm_start": 1767715724.1610494, "llm_first_chunk": 1767715724.424949, "llm_end": 1767715726.347355, "prefill_time": 0.263899564743042, "decode_time": 1.9224059581756592, "llm_total_time": 2.186305522918701}
{"instance_id": "pytest-dev__pytest-11148", "step_id": 10, "tool_start": 1767715726.3509297, "tool_end": 1767715726.3551579, "tool_time": 0.004228115081787109}
{"instance_id": "pytest-dev__pytest-11148", "step_id": 13, "llm_start": 1767715726.3630085, "llm_first_chunk": 1767715726.691943, "llm_end": 1767715728.4981868, "prefill_time": 0.3289344310760498, "decode_time": 1.806243896484375, "llm_total_time": 2.135178327560425}
{"instance_id": "pytest-dev__pytest-11148", "step_id": 11, "tool_start": 1767715728.505484, "tool_end": 1767715728.5104594, "tool_time": 0.004975318908691406}
{"instance_id": "pytest-dev__pytest-11148", "step_id": 14, "llm_start": 1767715728.518805, "llm_first_chunk": 1767715728.867878, "llm_end": 1767715730.791738, "prefill_time": 0.3490729331970215, "decode_time": 1.9238600730895996, "llm_total_time": 2.272933006286621}
{"instance_id": "pytest-dev__pytest-11148", "step_id": 12, "tool_start": 1767715730.7974498, "tool_end": 1767715731.4162717, "tool_time": 0.6188218593597412}
{"instance_id": "pytest-dev__pytest-11148", "step_id": 15, "llm_start": 1767715731.4264362, "llm_first_chunk": 1767715731.6548097, "llm_end": 1767715733.699147, "prefill_time": 0.22837352752685547, "decode_time": 2.044337272644043, "llm_total_time": 2.2727108001708984}
{"instance_id": "pytest-dev__pytest-11148", "step_id": 13, "tool_start": 1767715733.7113583, "tool_end": 1767715733.720307, "tool_time": 0.008948802947998047}
{"instance_id": "pytest-dev__pytest-11148", "step_id": 16, "llm_start": 1767715733.7434068, "llm_first_chunk": 1767715733.985881, "llm_end": 1767715736.1458342,