{"instance_id": "django__django-12113", "step_id": 0, "tool_start": 1767710008.2156823, "tool_end": 1767710008.8614173, "tool_time": 0.6457350254058838}
{"instance_id": "django__django-12113", "step_id": 0, "tool_start": 1767710008.8623064, "tool_end": 1767710009.4998703, "tool_time": 0.637563943862915}
{"instance_id": "django__django-12113", "step_id": 0, "tool_start": 1767710009.5004225, "tool_end": 1767710010.1197162, "tool_time": 0.6192936897277832}
{"instance_id": "django__django-12113", "step_id": 0, "tool_start": 1767710010.1295204, "tool_end": 1767710010.7470589, "tool_time": 0.6175384521484375}
{"instance_id": "django__django-12113", "step_id": 0, "tool_start": 1767710010.748099, "tool_end": 1767710011.3652196, "tool_time": 0.6171205043792725}
{"instance_id": "django__django-12113", "step_id": 0, "tool_start": 1767710011.3658032, "tool_end": 1767710013.9969542, "tool_time": 2.631150960922241}
{"instance_id": "django__django-12113", "step_id": 0, "tool_start": 1767710013.9975154, "tool_end": 1767710014.6147716, "tool_time": 0.6172561645507812}
{"instance_id": "django__django-12113", "step_id": 0, "tool_start": 1767710014.6153052, "tool_end": 1767710015.736516, "tool_time": 1.1212108135223389}
{"instance_id": "django__django-12113", "step_id": 0, "tool_start": 1767710015.7371168, "tool_end": 1767710016.3543077, "tool_time": 0.6171908378601074}
{"instance_id": "django__django-12113", "step_id": 0, "tool_start": 1767710016.3549054, "tool_end": 1767710016.9708543, "tool_time": 0.6159489154815674}
{"instance_id": "django__django-12113", "env_prepare_start": 1767709008.3236086, "env_prepare_end": 1767710016.9715843, "env_prepare_time": 1008.6479756832123}
{"instance_id": "django__django-12113", "step_id": 1, "llm_start": 1767710017.0166788, "llm_first_chunk": 1767710017.4933188, "llm_end": 1767710028.3481538, "prefill_time": 0.476639986038208, "decode_time": 10.854835033416748, "llm_total_time": 11.331475019454956}
{"instance_id": "django__django-12113", "step_id": 2, "llm_start": 1767710028.3560832, "llm_first_chunk": 1767710028.5521827, "llm_end": 1767710030.23776, "prefill_time": 0.19609951972961426, "decode_time": 1.685577392578125, "llm_total_time": 1.8816769123077393}
{"instance_id": "django__django-12113", "step_id": 3, "llm_start": 1767710030.2413554, "llm_first_chunk": 1767710030.5166125, "llm_end": 1767710032.3137648, "prefill_time": 0.2752571105957031, "decode_time": 1.7971522808074951, "llm_total_time": 2.0724093914031982}
{"instance_id": "django__django-12113", "step_id": 1, "tool_start": 1767710032.3166566, "tool_end": 1767710032.3294766, "tool_time": 0.012820005416870117}
{"instance_id": "django__django-12113", "step_id": 4, "llm_start": 1767710032.333513, "llm_first_chunk": 1767710032.5187256, "llm_end": 1767710035.305079, "prefill_time": 0.1852126121520996, "decode_time": 2.786353349685669, "llm_total_time": 2.9715659618377686}
{"instance_id": "django__django-12113", "step_id": 2, "tool_start": 1767710035.3076782, "tool_end": 1767710035.317978, "tool_time": 0.0102996826171875}
{"instance_id": "django__django-12113", "step_id": 5, "llm_start": 1767710035.3227952, "llm_first_chunk": 1767710035.8464274, "llm_end": 1767710039.824159, "prefill_time": 0.523632287979126, "decode_time": 3.977731466293335, "llm_total_time": 4.501363754272461}
{"instance_id": "django__django-12113", "step_id": 3, "tool_start": 1767710039.826654, "tool_end": 1767710039.8326054, "tool_time": 0.005951404571533203}
{"instance_id": "django__django-12113", "step_id": 6, "llm_start": 1767710039.8365762, "llm_first_chunk": 1767710040.2728105, "llm_end": 1767710043.9695323, "prefill_time": 0.4362342357635498, "decode_time": 3.6967217922210693, "llm_total_time": 4.132956027984619}
{"instance_id": "django__django-12113", "step_id": 4, "tool_start": 1767710043.9727867, "tool_end": 1767710043.980216, "tool_time": 0.007429361343383789}
{"instance_id": "django__django-12113", "step_id": 7, "llm_start": 1767710043.98493, "llm_first_chunk": 1767710044.2708158, "llm_end": 1767710046.7563374, "prefill_time": 0.2858858108520508, "decode_time": 2.4855215549468994, "llm_total_time": 2.77140736579895}
{"instance_id": "django__django-12113", "step_id": 5, "tool_start": 1767710046.7586653, "tool_end": 1767710046.7648761, "tool_time": 0.006210803985595703}
{"instance_id": "django__django-12113", "step_id": 8, "llm_start": 1767710046.771058, "llm_first_chunk": 1767710047.4706075, "llm_end": 1767710049.899563, "prefill_time": 0.6995494365692139, "decode_time": 2.428955554962158, "llm_total_time": 3.128504991531372}
{"instance_id": "django__django-12113", "step_id": 6, "tool_start": 1767710049.9023159, "tool_end": 1767710049.9179103, "tool_time": 0.015594482421875}
{"instance_id": "django__django-12113", "step_id": 9, "llm_start": 1767710049.923728, "llm_first_chunk": 1767710050.421516, "llm_end": 1767710054.1962328, "prefill_time": 0.4977879524230957, "decode_time": 3.774716854095459, "llm_total_time": 4.272504806518555}
{"instance_id": "django__django-12113", "step_id": 7, "tool_start": 1767710054.1993487, "tool_end": 1767710054.2061696, "tool_time": 0.0068209171295166016}
{"instance_id": "django__django-12113", "step_id": 10, "llm_start": 1767710054.2133565, "llm_first_chunk": 1767710054.4974043, "llm_end": 1767710057.974429, "prefill_time": 0.28404784202575684, "decode_time": 3.477024555206299, "llm_total_time": 3.7610723972320557}
{"instance_id": "django__django-12113", "step_id": 8, "tool_start": 1767710057.976927, "tool_end": 1767710057.9831629, "tool_time": 0.006235837936401367}
{"instance_id": "django__django-12113", "step_id": 11, "llm_start": 1767710057.9889004, "llm_first_chunk": 1767710058.2758033, "llm_end": 1767710061.1290371, "prefill_time": 0.28690290451049805, "decode_time": 2.853233814239502, "llm_total_time": 3.14013671875}
{"instance_id": "django__django-12113", "step_id": 9, "tool_start": 1767710061.1351583, "tool_end": 1767710061.1422298, "tool_time": 0.007071495056152344}
{"instance_id": "django__django-12113", "step_id": 12, "llm_start": 1767710061.1499188, "llm_first_chunk": 1767710061.6572983, "llm_end": 1767710065.5724342, "prefill_time": 0.5073795318603516, "decode_time": 3.9151358604431152, "llm_total_time": 4.422515392303467}
{"instance_id": "django__django-12113", "step_id": 10, "tool_start": 1767710065.5761704, "tool_end": 1767710066.1947935, "tool_time": 0.6186230182647705}
{"instance_id": "django__django-12113", "step_id": 13, "llm_start": 1767710066.2052648, "llm_first_chunk": 1767710066.5653453, "llm_end": 1767710070.7063944, "prefill_time": 0.3600804805755615, "decode_time": 4.141049146652222, "llm_total_time": 4.501129627227783}
{"instance_id": "django__django-12113", "step_id": 11, "tool_start": 1767710070.709266, "tool_end": 1767710071.3283136, "tool_time": 0.6190476417541504}
{"instance_id": "django__django-12113", "step_id": 14, "llm_start": 1767710071.3364487, "llm_first_chunk": 1767710071.6110463, "llm_end": 1767710075.7491968, "prefill_time": 0.2745976448059082, "decode_time": 4.138150453567505, "llm_total_time": 4.412748098373413}
{"instance_id": "django__django-12113", "step_id": 12, "tool_start": 1767710075.7530951, "tool_end": 1767710076.3744514, "tool_time": 0.6213562488555908}
{"instance_id": "django__django-12113", "step_id": 15, "llm_start": 1767710076.389163, "llm_first_chunk": 1767710076.894131, "llm_end": 1767710080.9284298, "prefill_time": 0.5049679279327393, "decode_time": 4.034298896789551, "llm_total_time": 4.53926682472229}
{"instance_id": "django__django-12113", "step_id": 13, "tool_start": 1767710080.9321468, "tool_end": 1767710081.5495298, "tool_time": 0.6173830032348633}
{"instance_id": "django__django-12113", "step_id": 16, "llm_start": 1767710081.5581892, "llm_first_chunk": 1767710081.8483229, "llm_end": 1767710085.4369843, "prefill_time": 0.2901337146759033, "decode_time": 3.5886614322662354, "llm_total_time": 3.8787951469421387}
{"instance_id": "django__django-12113", "step_id": 14, "tool_start": 1767710085.440785,