{"instance_id": "scikit-learn__scikit-learn-10297", "step_id": 0, "tool_start": 1767716144.2504961, "tool_end": 1767716144.8742976, "tool_time": 0.6238014698028564}
{"instance_id": "scikit-learn__scikit-learn-10297", "step_id": 0, "tool_start": 1767716144.8751335, "tool_end": 1767716145.4944475, "tool_time": 0.6193139553070068}
{"instance_id": "scikit-learn__scikit-learn-10297", "step_id": 0, "tool_start": 1767716145.5049598, "tool_end": 1767716146.1229482, "tool_time": 0.6179883480072021}
{"instance_id": "scikit-learn__scikit-learn-10297", "step_id": 0, "tool_start": 1767716146.1360927, "tool_end": 1767716146.7576869, "tool_time": 0.6215941905975342}
{"instance_id": "scikit-learn__scikit-learn-10297", "step_id": 0, "tool_start": 1767716146.7593899, "tool_end": 1767716147.3780844, "tool_time": 0.618694543838501}
{"instance_id": "scikit-learn__scikit-learn-10297", "step_id": 0, "tool_start": 1767716147.3842638, "tool_end": 1767716149.008057, "tool_time": 1.623793363571167}
{"instance_id": "scikit-learn__scikit-learn-10297", "step_id": 0, "tool_start": 1767716149.0105686, "tool_end": 1767716149.6276674, "tool_time": 0.6170988082885742}
{"instance_id": "scikit-learn__scikit-learn-10297", "step_id": 0, "tool_start": 1767716149.6314683, "tool_end": 1767716150.251552, "tool_time": 0.6200838088989258}
{"instance_id": "scikit-learn__scikit-learn-10297", "step_id": 0, "tool_start": 1767716150.252662, "tool_end": 1767716150.874434, "tool_time": 0.621772050857544}
{"instance_id": "scikit-learn__scikit-learn-10297", "step_id": 0, "tool_start": 1767716150.8750346, "tool_end": 1767716151.4921253, "tool_time": 0.6170907020568848}
{"instance_id": "scikit-learn__scikit-learn-10297", "env_prepare_start": 1767715399.9423175, "env_prepare_end": 1767716151.506862, "env_prepare_time": 751.5645444393158}
{"instance_id": "scikit-learn__scikit-learn-10297", "step_id": 1, "llm_start": 1767716151.6266751, "llm_first_chunk": 1767716151.9467807, "llm_end": 1767716156.1632984, "prefill_time": 0.32010555267333984, "decode_time": 4.216517686843872, "llm_total_time": 4.536623239517212}
{"instance_id": "scikit-learn__scikit-learn-10297", "step_id": 2, "llm_start": 1767716156.1658392, "llm_first_chunk": 1767716156.3392608, "llm_end": 1767716161.225957, "prefill_time": 0.17342162132263184, "decode_time": 4.886696100234985, "llm_total_time": 5.060117721557617}
{"instance_id": "scikit-learn__scikit-learn-10297", "step_id": 1, "tool_start": 1767716161.228863, "tool_end": 1767716161.2507236, "tool_time": 0.021860599517822266}
{"instance_id": "scikit-learn__scikit-learn-10297", "step_id": 3, "llm_start": 1767716161.2554483, "llm_first_chunk": 1767716161.736273, "llm_end": 1767716169.7519493, "prefill_time": 0.48082470893859863, "decode_time": 8.015676259994507, "llm_total_time": 8.496500968933105}
{"instance_id": "scikit-learn__scikit-learn-10297", "step_id": 2, "tool_start": 1767716169.7545104, "tool_end": 1767716169.7626808, "tool_time": 0.008170366287231445}
{"instance_id": "scikit-learn__scikit-learn-10297", "step_id": 4, "llm_start": 1767716169.7659714, "llm_first_chunk": 1767716170.2463012, "llm_end": 1767716174.3167155, "prefill_time": 0.4803297519683838, "decode_time": 4.070414304733276, "llm_total_time": 4.55074405670166}
{"instance_id": "scikit-learn__scikit-learn-10297", "step_id": 3, "tool_start": 1767716174.3192818, "tool_end": 1767716174.3337014, "tool_time": 0.0144195556640625}
{"instance_id": "scikit-learn__scikit-learn-10297", "step_id": 5, "llm_start": 1767716174.3380835, "llm_first_chunk": 1767716174.8688831, "llm_end": 1767716178.0070965, "prefill_time": 0.5307996273040771, "decode_time": 3.1382133960723877, "llm_total_time": 3.669013023376465}
{"instance_id": "scikit-learn__scikit-learn-10297", "step_id": 4, "tool_start": 1767716178.0097132, "tool_end": 1767716178.629176, "tool_time": 0.6194627285003662}
{"instance_id": "scikit-learn__scikit-learn-10297", "step_id": 6, "llm_start": 1767716178.6355834, "llm_first_chunk": 1767716178.833944, "llm_end": 1767716182.1314278, "prefill_time": 0.19836068153381348, "decode_time": 3.2974836826324463, "llm_total_time": 3.4958443641662598}
{"instance_id": "scikit-learn__scikit-learn-10297", "step_id": 5, "tool_start": 1767716182.1393397, "tool_end": 1767716182.1439874, "tool_time": 0.004647731781005859}
{"instance_id": "scikit-learn__scikit-learn-10297", "step_id": 7, "llm_start": 1767716182.1498249, "llm_first_chunk": 1767716182.6314478, "llm_end": 1767716185.830896, "prefill_time": 0.48162293434143066, "decode_time": 3.1994481086730957, "llm_total_time": 3.6810710430145264}
{"instance_id": "scikit-learn__scikit-learn-10297", "step_id": 6, "tool_start": 1767716185.833779, "tool_end": 1767716185.8376782, "tool_time": 0.003899097442626953}
{"instance_id": "scikit-learn__scikit-learn-10297", "step_id": 8, "llm_start": 1767716185.8448567, "llm_first_chunk": 1767716186.2820692, "llm_end": 1767716190.2951047, "prefill_time": 0.4372124671936035, "decode_time": 4.013035535812378, "llm_total_time": 4.4502480030059814}
{"instance_id": "scikit-learn__scikit-learn-10297", "step_id": 7, "tool_start": 1767716190.2992601, "tool_end": 1767716190.917431, "tool_time": 0.618170976638794}
{"instance_id": "scikit-learn__scikit-learn-10297", "step_id": 9, "llm_start": 1767716190.9253078, "llm_first_chunk": 1767716191.175391, "llm_end": 1767716194.308203, "prefill_time": 0.25008320808410645, "decode_time": 3.132812023162842, "llm_total_time": 3.3828952312469482}
{"instance_id": "scikit-learn__scikit-learn-10297", "step_id": 8, "tool_start": 1767716194.311358, "tool_end": 1767716194.314943, "tool_time": 0.0035851001739501953}
{"instance_id": "scikit-learn__scikit-learn-10297", "step_id": 10, "llm_start": 1767716194.3230414, "llm_first_chunk": 1767716194.6052084, "llm_end": 1767716198.9698412, "prefill_time": 0.2821669578552246, "decode_time": 4.364632844924927, "llm_total_time": 4.646799802780151}
{"instance_id": "scikit-learn__scikit-learn-10297", "step_id": 9, "tool_start": 1767716198.9735105, "tool_end": 1767716199.5931668, "tool_time": 0.6196563243865967}
{"instance_id": "scikit-learn__scikit-learn-10297", "step_id": 11, "llm_start": 1767716199.6023607, "llm_first_chunk": 1767716199.823272, "llm_end": 1767716203.007031, "prefill_time": 0.22091126441955566, "decode_time": 3.1837589740753174, "llm_total_time": 3.404670238494873}
{"instance_id": "scikit-learn__scikit-learn-10297", "step_id": 10, "tool_start": 1767716203.0119295, "tool_end": 1767716203.0165968, "tool_time": 0.0046672821044921875}
{"instance_id": "scikit-learn__scikit-learn-10297", "step_id": 12, "llm_start": 1767716203.024339, "llm_first_chunk": 1767716203.325514, "llm_end": 1767716228.4204655, "prefill_time": 0.3011751174926758, "decode_time": 25.094951391220093, "llm_total_time": 25.39612650871277}
{"instance_id": "scikit-learn__scikit-learn-10297", "step_id": 11, "tool_start": 1767716228.4642904, "tool_end": 1767716228.4684877, "tool_time": 0.004197359085083008}
{"instance_id": "scikit-learn__scikit-learn-10297", "step_id": 13, "llm_start": 1767716228.4773836, "llm_first_chunk": 1767716228.8225129, "llm_end": 1767716231.226133, "prefill_time": 0.34512925148010254, "decode_time": 2.4036202430725098, "llm_total_time": 2.7487494945526123}
{"instance_id": "scikit-learn__scikit-learn-10297", "step_id": 12, "tool_start": 1767716231.2616699, "tool_end": 1767716232.8888729, "tool_time": 1.6272029876708984}
{"instance_id": "scikit-learn__scikit-learn-10297", "step_id": 14, "llm_start": 1767716232.8998, "llm_first_chunk": 1767716233.1329482, "llm_end": 1767716238.38181, "prefill_time": 0.23314809799194336, "decode_time": 5.248861789703369, "llm_total_time": 5.4820098876953125}
{"instance_id": "scikit-learn__scikit-learn-10297", "step_id": 13, "tool_start": 1767716238.3859913, "tool_end": 1767716239.0063498, "tool_time": 0.6203584671020508}
{"instance_id": "scikit-learn__scikit-learn-10297", "step_id": 15, "llm_start": 1767716239.0195944, "llm_first_chunk": 1767716239.293168,