{"instance_id": "matplotlib__matplotlib-23314", "step_id": 0, "tool_start": 1767714032.1747487, "tool_end": 1767714032.796355, "tool_time": 0.6216063499450684}
{"instance_id": "matplotlib__matplotlib-23314", "step_id": 0, "tool_start": 1767714032.7974122, "tool_end": 1767714033.4235759, "tool_time": 0.6261637210845947}
{"instance_id": "matplotlib__matplotlib-23314", "step_id": 0, "tool_start": 1767714033.4243643, "tool_end": 1767714034.057547, "tool_time": 0.6331827640533447}
{"instance_id": "matplotlib__matplotlib-23314", "step_id": 0, "tool_start": 1767714034.06417, "tool_end": 1767714034.6817656, "tool_time": 0.6175956726074219}
{"instance_id": "matplotlib__matplotlib-23314", "step_id": 0, "tool_start": 1767714034.682434, "tool_end": 1767714035.3030937, "tool_time": 0.620659589767456}
{"instance_id": "matplotlib__matplotlib-23314", "step_id": 0, "tool_start": 1767714035.3074577, "tool_end": 1767714038.4394178, "tool_time": 3.131960153579712}
{"instance_id": "matplotlib__matplotlib-23314", "step_id": 0, "tool_start": 1767714038.4400108, "tool_end": 1767714039.0574448, "tool_time": 0.617434024810791}
{"instance_id": "matplotlib__matplotlib-23314", "step_id": 0, "tool_start": 1767714039.1371582, "tool_end": 1767714040.762316, "tool_time": 1.6251578330993652}
{"instance_id": "matplotlib__matplotlib-23314", "step_id": 0, "tool_start": 1767714040.7632115, "tool_end": 1767714041.383818, "tool_time": 0.6206064224243164}
{"instance_id": "matplotlib__matplotlib-23314", "step_id": 0, "tool_start": 1767714041.3843703, "tool_end": 1767714042.0040941, "tool_time": 0.6197237968444824}
{"instance_id": "matplotlib__matplotlib-23314", "env_prepare_start": 1767713291.7585654, "env_prepare_end": 1767714042.0055108, "env_prepare_time": 750.2469453811646}
{"instance_id": "matplotlib__matplotlib-23314", "step_id": 1, "llm_start": 1767714042.0458922, "llm_first_chunk": 1767714042.2819831, "llm_end": 1767714045.4322848, "prefill_time": 0.23609089851379395, "decode_time": 3.150301694869995, "llm_total_time": 3.386392593383789}
{"instance_id": "matplotlib__matplotlib-23314", "step_id": 2, "llm_start": 1767714045.4348338, "llm_first_chunk": 1767714045.5962658, "llm_end": 1767714049.207778, "prefill_time": 0.16143202781677246, "decode_time": 3.6115121841430664, "llm_total_time": 3.772944211959839}
{"instance_id": "matplotlib__matplotlib-23314", "step_id": 1, "tool_start": 1767714049.2104378, "tool_end": 1767714049.8366091, "tool_time": 0.626171350479126}
{"instance_id": "matplotlib__matplotlib-23314", "step_id": 3, "llm_start": 1767714049.8398414, "llm_first_chunk": 1767714050.1481032, "llm_end": 1767714058.1060765, "prefill_time": 0.3082618713378906, "decode_time": 7.95797324180603, "llm_total_time": 8.266235113143921}
{"instance_id": "matplotlib__matplotlib-23314", "step_id": 2, "tool_start": 1767714058.1085188, "tool_end": 1767714058.7291656, "tool_time": 0.6206467151641846}
{"instance_id": "matplotlib__matplotlib-23314", "step_id": 4, "llm_start": 1767714058.732966, "llm_first_chunk": 1767714059.2666423, "llm_end": 1767714061.916947, "prefill_time": 0.5336763858795166, "decode_time": 2.6503045558929443, "llm_total_time": 3.183980941772461}
{"instance_id": "matplotlib__matplotlib-23314", "step_id": 3, "tool_start": 1767714061.9194257, "tool_end": 1767714061.9341707, "tool_time": 0.014744997024536133}
{"instance_id": "matplotlib__matplotlib-23314", "step_id": 5, "llm_start": 1767714061.9396152, "llm_first_chunk": 1767714062.594948, "llm_end": 1767714065.5853348, "prefill_time": 0.6553328037261963, "decode_time": 2.990386724472046, "llm_total_time": 3.645719528198242}
{"instance_id": "matplotlib__matplotlib-23314", "step_id": 4, "tool_start": 1767714065.587813, "tool_end": 1767714066.2074218, "tool_time": 0.6196088790893555}
{"instance_id": "matplotlib__matplotlib-23314", "step_id": 6, "llm_start": 1767714066.2126245, "llm_first_chunk": 1767714066.3929713, "llm_end": 1767714069.5248713, "prefill_time": 0.18034672737121582, "decode_time": 3.1319000720977783, "llm_total_time": 3.312246799468994}
{"instance_id": "matplotlib__matplotlib-23314", "step_id": 5, "tool_start": 1767714069.528056, "tool_end": 1767714070.147049, "tool_time": 0.6189930438995361}
{"instance_id": "matplotlib__matplotlib-23314", "step_id": 7, "llm_start": 1767714070.1550586, "llm_first_chunk": 1767714070.8018177, "llm_end": 1767714073.6837606, "prefill_time": 0.646759033203125, "decode_time": 2.8819429874420166, "llm_total_time": 3.5287020206451416}
{"instance_id": "matplotlib__matplotlib-23314", "step_id": 6, "tool_start": 1767714073.688439, "tool_end": 1767714074.3074987, "tool_time": 0.6190598011016846}
{"instance_id": "matplotlib__matplotlib-23314", "step_id": 8, "llm_start": 1767714074.3128774, "llm_first_chunk": 1767714074.519222, "llm_end": 1767714076.9594696, "prefill_time": 0.2063446044921875, "decode_time": 2.4402475357055664, "llm_total_time": 2.646592140197754}
{"instance_id": "matplotlib__matplotlib-23314", "step_id": 7, "tool_start": 1767714076.962524, "tool_end": 1767714077.580948, "tool_time": 0.6184241771697998}
{"instance_id": "matplotlib__matplotlib-23314", "step_id": 9, "llm_start": 1767714077.5882134, "llm_first_chunk": 1767714077.8651817, "llm_end": 1767714080.3558931, "prefill_time": 0.27696824073791504, "decode_time": 2.4907114505767822, "llm_total_time": 2.7676796913146973}
{"instance_id": "matplotlib__matplotlib-23314", "step_id": 8, "tool_start": 1767714080.358545, "tool_end": 1767714080.374103, "tool_time": 0.015558004379272461}
{"instance_id": "matplotlib__matplotlib-23314", "step_id": 10, "llm_start": 1767714080.3803585, "llm_first_chunk": 1767714080.7395806, "llm_end": 1767714082.865615, "prefill_time": 0.3592221736907959, "decode_time": 2.1260342597961426, "llm_total_time": 2.4852564334869385}
{"instance_id": "matplotlib__matplotlib-23314", "step_id": 9, "tool_start": 1767714082.8690019, "tool_end": 1767714083.4878688, "tool_time": 0.6188669204711914}
{"instance_id": "matplotlib__matplotlib-23314", "step_id": 11, "llm_start": 1767714083.4958668, "llm_first_chunk": 1767714083.70678, "llm_end": 1767714086.3904846, "prefill_time": 0.21091318130493164, "decode_time": 2.6837046146392822, "llm_total_time": 2.894617795944214}
{"instance_id": "matplotlib__matplotlib-23314", "step_id": 10, "tool_start": 1767714086.3945022, "tool_end": 1767714086.3982956, "tool_time": 0.003793478012084961}
{"instance_id": "matplotlib__matplotlib-23314", "step_id": 12, "llm_start": 1767714086.4078066, "llm_first_chunk": 1767714086.6079319, "llm_end": 1767714090.4563034, "prefill_time": 0.20012521743774414, "decode_time": 3.8483715057373047, "llm_total_time": 4.048496723175049}
{"instance_id": "matplotlib__matplotlib-23314", "step_id": 11, "tool_start": 1767714090.4590378, "tool_end": 1767714090.462838, "tool_time": 0.0038001537322998047}
{"instance_id": "matplotlib__matplotlib-23314", "step_id": 13, "llm_start": 1767714090.4697833, "llm_first_chunk": 1767714090.7971554, "llm_end": 1767714093.3742535, "prefill_time": 0.32737207412719727, "decode_time": 2.5770981311798096, "llm_total_time": 2.904470205307007}
{"instance_id": "matplotlib__matplotlib-23314", "step_id": 12, "tool_start": 1767714093.3775654, "tool_end": 1767714093.9965158, "tool_time": 0.618950366973877}
{"instance_id": "matplotlib__matplotlib-23314", "step_id": 14, "llm_start": 1767714094.0068047, "llm_first_chunk": 1767714094.2115846, "llm_end": 1767714096.6490412, "prefill_time": 0.20477986335754395, "decode_time": 2.4374566078186035, "llm_total_time": 2.6422364711761475}
{"instance_id": "matplotlib__matplotlib-23314", "step_id": 13, "tool_start": 1767714096.6521423, "tool_end": 1767714096.6670902, "tool_time": 0.014947891235351562}
{"instance_id": "matplotlib__matplotlib-23314", "step_id": 15, "llm_start": 1767714096.6769388, "llm_first_chunk": 1767714096.8949184, "llm_end": 1767714109.2448974, "prefill_time": 0.21797966957092285, "decode_time": 12.349978923797607,