{"instance_id": "astropy__astropy-7746", "step_id": 0, "tool_start": 1767710014.8744779, "tool_end": 1767710015.4927034, "tool_time": 0.6182255744934082}
{"instance_id": "astropy__astropy-7746", "step_id": 0, "tool_start": 1767710015.493511, "tool_end": 1767710016.1107674, "tool_time": 0.6172564029693604}
{"instance_id": "astropy__astropy-7746", "step_id": 0, "tool_start": 1767710016.1113083, "tool_end": 1767710016.7277896, "tool_time": 0.6164813041687012}
{"instance_id": "astropy__astropy-7746", "step_id": 0, "tool_start": 1767710016.7380173, "tool_end": 1767710017.3550014, "tool_time": 0.6169841289520264}
{"instance_id": "astropy__astropy-7746", "step_id": 0, "tool_start": 1767710017.3558247, "tool_end": 1767710017.9723349, "tool_time": 0.6165101528167725}
{"instance_id": "astropy__astropy-7746", "step_id": 0, "tool_start": 1767710017.9730406, "tool_end": 1767710019.594195, "tool_time": 1.6211543083190918}
{"instance_id": "astropy__astropy-7746", "step_id": 0, "tool_start": 1767710019.5949929, "tool_end": 1767710020.21192, "tool_time": 0.6169271469116211}
{"instance_id": "astropy__astropy-7746", "step_id": 0, "tool_start": 1767710020.212619, "tool_end": 1767710020.8300729, "tool_time": 0.6174538135528564}
{"instance_id": "astropy__astropy-7746", "step_id": 0, "tool_start": 1767710020.8308191, "tool_end": 1767710021.4490561, "tool_time": 0.6182370185852051}
{"instance_id": "astropy__astropy-7746", "step_id": 0, "tool_start": 1767710021.449569, "tool_end": 1767710022.0664809, "tool_time": 0.6169118881225586}
{"instance_id": "astropy__astropy-7746", "env_prepare_start": 1767709008.3161833, "env_prepare_end": 1767710022.0673869, "env_prepare_time": 1013.7512035369873}
{"instance_id": "astropy__astropy-7746", "step_id": 1, "llm_start": 1767710022.0969434, "llm_first_chunk": 1767710022.574935, "llm_end": 1767710027.8455324, "prefill_time": 0.47799158096313477, "decode_time": 5.270597457885742, "llm_total_time": 5.748589038848877}
{"instance_id": "astropy__astropy-7746", "step_id": 2, "llm_start": 1767710027.8496184, "llm_first_chunk": 1767710028.2117772, "llm_end": 1767710033.1007698, "prefill_time": 0.36215877532958984, "decode_time": 4.888992547988892, "llm_total_time": 5.2511513233184814}
{"instance_id": "astropy__astropy-7746", "step_id": 1, "tool_start": 1767710033.1047692, "tool_end": 1767710033.1196263, "tool_time": 0.014857053756713867}
{"instance_id": "astropy__astropy-7746", "step_id": 3, "llm_start": 1767710033.1238346, "llm_first_chunk": 1767710033.450864, "llm_end": 1767710064.5455894, "prefill_time": 0.3270294666290283, "decode_time": 31.094725370407104, "llm_total_time": 31.421754837036133}
{"instance_id": "astropy__astropy-7746", "step_id": 2, "tool_start": 1767710064.548816, "tool_end": 1767710064.5562468, "tool_time": 0.0074307918548583984}
{"instance_id": "astropy__astropy-7746", "step_id": 4, "llm_start": 1767710064.56092, "llm_first_chunk": 1767710064.9358127, "llm_end": 1767710070.2200963, "prefill_time": 0.3748927116394043, "decode_time": 5.284283638000488, "llm_total_time": 5.659176349639893}
{"instance_id": "astropy__astropy-7746", "step_id": 3, "tool_start": 1767710070.223187, "tool_end": 1767710070.23864, "tool_time": 0.015453100204467773}
{"instance_id": "astropy__astropy-7746", "step_id": 5, "llm_start": 1767710070.242443, "llm_first_chunk": 1767710070.4486394, "llm_end": 1767710075.536524, "prefill_time": 0.20619630813598633, "decode_time": 5.0878846645355225, "llm_total_time": 5.294080972671509}
{"instance_id": "astropy__astropy-7746", "step_id": 4, "tool_start": 1767710075.5393734, "tool_end": 1767710075.5434105, "tool_time": 0.004037141799926758}
{"instance_id": "astropy__astropy-7746", "step_id": 6, "llm_start": 1767710075.5487638, "llm_first_chunk": 1767710075.8058376, "llm_end": 1767710081.119423, "prefill_time": 0.25707387924194336, "decode_time": 5.31358528137207, "llm_total_time": 5.570659160614014}
{"instance_id": "astropy__astropy-7746", "step_id": 5, "tool_start": 1767710081.1217268, "tool_end": 1767710081.125913, "tool_time": 0.004186153411865234}
{"instance_id": "astropy__astropy-7746", "step_id": 7, "llm_start": 1767710081.1311731, "llm_first_chunk": 1767710081.3529153, "llm_end": 1767710086.225527, "prefill_time": 0.2217421531677246, "decode_time": 4.87261176109314, "llm_total_time": 5.094353914260864}
{"instance_id": "astropy__astropy-7746", "step_id": 6, "tool_start": 1767710086.2278175, "tool_end": 1767710086.2318952, "tool_time": 0.0040776729583740234}
{"instance_id": "astropy__astropy-7746", "step_id": 8, "llm_start": 1767710086.2365854, "llm_first_chunk": 1767710086.4485798, "llm_end": 1767710092.1661599, "prefill_time": 0.21199440956115723, "decode_time": 5.717580080032349, "llm_total_time": 5.929574489593506}
{"instance_id": "astropy__astropy-7746", "step_id": 7, "tool_start": 1767710092.169734, "tool_end": 1767710092.174085, "tool_time": 0.004350900650024414}
{"instance_id": "astropy__astropy-7746", "step_id": 9, "llm_start": 1767710092.1793861, "llm_first_chunk": 1767710092.386281, "llm_end": 1767710097.2296782, "prefill_time": 0.2068948745727539, "decode_time": 4.84339714050293, "llm_total_time": 5.050292015075684}
{"instance_id": "astropy__astropy-7746", "step_id": 8, "tool_start": 1767710097.2326357, "tool_end": 1767710097.2369425, "tool_time": 0.004306793212890625}
{"instance_id": "astropy__astropy-7746", "step_id": 10, "llm_start": 1767710097.2423525, "llm_first_chunk": 1767710097.5780973, "llm_end": 1767710101.916024, "prefill_time": 0.33574485778808594, "decode_time": 4.337926626205444, "llm_total_time": 4.67367148399353}
{"instance_id": "astropy__astropy-7746", "step_id": 9, "tool_start": 1767710101.9183452, "tool_end": 1767710101.9308083, "tool_time": 0.012463092803955078}
{"instance_id": "astropy__astropy-7746", "step_id": 11, "llm_start": 1767710101.9386723, "llm_first_chunk": 1767710102.5132122, "llm_end": 1767710106.41032, "prefill_time": 0.5745398998260498, "decode_time": 3.8971078395843506, "llm_total_time": 4.4716477394104}
{"instance_id": "astropy__astropy-7746", "step_id": 10, "tool_start": 1767710106.4143627, "tool_end": 1767710107.0327106, "tool_time": 0.6183478832244873}
{"instance_id": "astropy__astropy-7746", "step_id": 12, "llm_start": 1767710107.0397902, "llm_first_chunk": 1767710107.2368019, "llm_end": 1767710110.250246, "prefill_time": 0.19701170921325684, "decode_time": 3.013444185256958, "llm_total_time": 3.210455894470215}
{"instance_id": "astropy__astropy-7746", "step_id": 11, "tool_start": 1767710110.2533822, "tool_end": 1767710112.385736, "tool_time": 2.1323537826538086}
{"instance_id": "astropy__astropy-7746", "step_id": 13, "llm_start": 1767710112.3983827, "llm_first_chunk": 1767710112.7327857, "llm_end": 1767710117.153297, "prefill_time": 0.33440303802490234, "decode_time": 4.420511245727539, "llm_total_time": 4.754914283752441}
{"instance_id": "astropy__astropy-7746", "step_id": 12, "tool_start": 1767710117.155899, "tool_end": 1767710117.7746859, "tool_time": 0.6187868118286133}
{"instance_id": "astropy__astropy-7746", "step_id": 14, "llm_start": 1767710117.7823553, "llm_first_chunk": 1767710118.143687, "llm_end": 1767710121.8189085, "prefill_time": 0.3613317012786865, "decode_time": 3.6752214431762695, "llm_total_time": 4.036553144454956}
{"instance_id": "astropy__astropy-7746", "step_id": 13, "tool_start": 1767710121.8222291, "tool_end": 1767710122.440576, "tool_time": 0.6183469295501709}
{"instance_id": "astropy__astropy-7746", "step_id": 15, "llm_start": 1767710122.4528942, "llm_first_chunk": 1767710122.8013735, "llm_end": 1767710126.2210388, "prefill_time": 0.3484792709350586, "decode_time": 3.4196653366088867, "llm_total_time": 3.7681446075439453}
{"instance_id": "astropy__astropy-7746", "step_id": 14, "tool_start": 1767710126.22447, "tool_end": 1767710126.8432615, "tool_time": 0.6187915802001953}
{"instance_id": "astropy__astropy-7746", "step_id": 16, "llm_start": 1767710126.851589, "llm_first_chunk": 1767710127.1321473, "llm_end": 1767710131.5688002,