{"instance_id": "django__django-12700", "step_id": 0, "tool_start": 1767711060.6028552, "tool_end": 1767711061.220514, "tool_time": 0.6176588535308838}
{"instance_id": "django__django-12700", "step_id": 0, "tool_start": 1767711061.2210977, "tool_end": 1767711061.83926, "tool_time": 0.6181623935699463}
{"instance_id": "django__django-12700", "step_id": 0, "tool_start": 1767711061.8401833, "tool_end": 1767711062.4662747, "tool_time": 0.626091480255127}
{"instance_id": "django__django-12700", "step_id": 0, "tool_start": 1767711062.4726393, "tool_end": 1767711063.0902848, "tool_time": 0.6176455020904541}
{"instance_id": "django__django-12700", "step_id": 0, "tool_start": 1767711063.0913708, "tool_end": 1767711063.7087142, "tool_time": 0.6173434257507324}
{"instance_id": "django__django-12700", "step_id": 0, "tool_start": 1767711063.7093554, "tool_end": 1767711065.833541, "tool_time": 2.124185562133789}
{"instance_id": "django__django-12700", "step_id": 0, "tool_start": 1767711065.8344038, "tool_end": 1767711066.4537284, "tool_time": 0.6193246841430664}
{"instance_id": "django__django-12700", "step_id": 0, "tool_start": 1767711066.4546394, "tool_end": 1767711067.574241, "tool_time": 1.1196014881134033}
{"instance_id": "django__django-12700", "step_id": 0, "tool_start": 1767711067.575053, "tool_end": 1767711068.1930532, "tool_time": 0.6180002689361572}
{"instance_id": "django__django-12700", "step_id": 0, "tool_start": 1767711068.19394, "tool_end": 1767711068.8106046, "tool_time": 0.6166646480560303}
{"instance_id": "django__django-12700", "env_prepare_start": 1767710454.5202389, "env_prepare_end": 1767711068.8123224, "env_prepare_time": 614.2920835018158}
{"instance_id": "django__django-12700", "step_id": 1, "llm_start": 1767711068.8414245, "llm_first_chunk": 1767711069.1128023, "llm_end": 1767711071.3020587, "prefill_time": 0.2713778018951416, "decode_time": 2.189256429672241, "llm_total_time": 2.460634231567383}
{"instance_id": "django__django-12700", "step_id": 2, "llm_start": 1767711071.3048809, "llm_first_chunk": 1767711071.4262385, "llm_end": 1767711074.5457857, "prefill_time": 0.12135767936706543, "decode_time": 3.119547128677368, "llm_total_time": 3.2409048080444336}
{"instance_id": "django__django-12700", "step_id": 1, "tool_start": 1767711074.5586472, "tool_end": 1767711075.1843348, "tool_time": 0.6256875991821289}
{"instance_id": "django__django-12700", "step_id": 3, "llm_start": 1767711075.1883957, "llm_first_chunk": 1767711075.3933399, "llm_end": 1767711077.1881995, "prefill_time": 0.20494413375854492, "decode_time": 1.7948596477508545, "llm_total_time": 1.9998037815093994}
{"instance_id": "django__django-12700", "step_id": 2, "tool_start": 1767711077.1907957, "tool_end": 1767711077.2104342, "tool_time": 0.019638538360595703}
{"instance_id": "django__django-12700", "step_id": 4, "llm_start": 1767711077.2142408, "llm_first_chunk": 1767711077.61602, "llm_end": 1767711079.5192318, "prefill_time": 0.4017791748046875, "decode_time": 1.9032118320465088, "llm_total_time": 2.3049910068511963}
{"instance_id": "django__django-12700", "step_id": 3, "tool_start": 1767711079.5447302, "tool_end": 1767711079.548908, "tool_time": 0.00417780876159668}
{"instance_id": "django__django-12700", "step_id": 5, "llm_start": 1767711079.554535, "llm_first_chunk": 1767711079.730935, "llm_end": 1767711081.8478186, "prefill_time": 0.17640018463134766, "decode_time": 2.1168835163116455, "llm_total_time": 2.293283700942993}
{"instance_id": "django__django-12700", "step_id": 4, "tool_start": 1767711081.8514643, "tool_end": 1767711082.4716134, "tool_time": 0.6201491355895996}
{"instance_id": "django__django-12700", "step_id": 6, "llm_start": 1767711082.476619, "llm_first_chunk": 1767711082.6402287, "llm_end": 1767711084.5662751, "prefill_time": 0.16360974311828613, "decode_time": 1.926046371459961, "llm_total_time": 2.089656114578247}
{"instance_id": "django__django-12700", "step_id": 5, "tool_start": 1767711084.5691552, "tool_end": 1767711084.5885627, "tool_time": 0.01940751075744629}
{"instance_id": "django__django-12700", "step_id": 7, "llm_start": 1767711084.5948398, "llm_first_chunk": 1767711084.8267365, "llm_end": 1767711094.9628499, "prefill_time": 0.23189663887023926, "decode_time": 10.136113405227661, "llm_total_time": 10.3680100440979}
{"instance_id": "django__django-12700", "step_id": 6, "tool_start": 1767711094.9654574, "tool_end": 1767711095.6805243, "tool_time": 0.7150669097900391}
{"instance_id": "django__django-12700", "step_id": 8, "llm_start": 1767711095.6870384, "llm_first_chunk": 1767711095.818543, "llm_end": 1767711097.936777, "prefill_time": 0.13150453567504883, "decode_time": 2.118234157562256, "llm_total_time": 2.2497386932373047}
{"instance_id": "django__django-12700", "step_id": 7, "tool_start": 1767711097.9403493, "tool_end": 1767711098.5594337, "tool_time": 0.619084358215332}
{"instance_id": "django__django-12700", "step_id": 9, "llm_start": 1767711098.5685353, "llm_first_chunk": 1767711098.7280807, "llm_end": 1767711117.4905999, "prefill_time": 0.1595454216003418, "decode_time": 18.762519121170044, "llm_total_time": 18.922064542770386}
{"instance_id": "django__django-12700", "step_id": 8, "tool_start": 1767711117.504558, "tool_end": 1767711117.5696235, "tool_time": 0.06506538391113281}
{"instance_id": "django__django-12700", "step_id": 10, "llm_start": 1767711117.5835354, "llm_first_chunk": 1767711117.7248628, "llm_end": 1767711119.232192, "prefill_time": 0.1413273811340332, "decode_time": 1.5073292255401611, "llm_total_time": 1.6486566066741943}
{"instance_id": "django__django-12700", "step_id": 9, "tool_start": 1767711119.235751, "tool_end": 1767711119.8561866, "tool_time": 0.6204357147216797}
{"instance_id": "django__django-12700", "step_id": 11, "llm_start": 1767711119.8698363, "llm_first_chunk": 1767711120.1133003, "llm_end": 1767711128.4455347, "prefill_time": 0.24346399307250977, "decode_time": 8.332234382629395, "llm_total_time": 8.575698375701904}
{"instance_id": "django__django-12700", "step_id": 10, "tool_start": 1767711128.4507835, "tool_end": 1767711128.4720836, "tool_time": 0.021300077438354492}
{"instance_id": "django__django-12700", "step_id": 12, "llm_start": 1767711128.4810812, "llm_first_chunk": 1767711128.6779354, "llm_end": 1767711129.9133043, "prefill_time": 0.1968541145324707, "decode_time": 1.2353689670562744, "llm_total_time": 1.4322230815887451}
{"instance_id": "django__django-12700", "step_id": 11, "tool_start": 1767711129.916259, "tool_end": 1767711130.5352721, "tool_time": 0.6190130710601807}
{"instance_id": "django__django-12700", "step_id": 13, "llm_start": 1767711130.5445817, "llm_first_chunk": 1767711130.7667983, "llm_end": 1767711150.5128894, "prefill_time": 0.22221660614013672, "decode_time": 19.74609112739563, "llm_total_time": 19.968307733535767}
{"instance_id": "django__django-12700", "step_id": 12, "tool_start": 1767711150.517508, "tool_end": 1767711150.6110287, "tool_time": 0.0935206413269043}
{"instance_id": "django__django-12700", "step_id": 14, "llm_start": 1767711150.6191993, "llm_first_chunk": 1767711150.811459, "llm_end": 1767711152.6163406, "prefill_time": 0.1922597885131836, "decode_time": 1.8048815727233887, "llm_total_time": 1.9971413612365723}
{"instance_id": "django__django-12700", "step_id": 13, "tool_start": 1767711152.620256, "tool_end": 1767711153.2399466, "tool_time": 0.6196906566619873}
{"instance_id": "django__django-12700", "step_id": 15, "llm_start": 1767711153.252137, "llm_first_chunk": 1767711153.4558458, "llm_end": 1767711190.4813638, "prefill_time": 0.20370888710021973, "decode_time": 37.02551794052124, "llm_total_time": 37.22922682762146}
{"instance_id": "django__django-12700", "step_id": 14, "tool_start": 1767711190.485962, "tool_end": 1767711190.4909275, "tool_time": 0.004965543746948242}
{"instance_id": "django__django-12700", "step_id": 16, "llm_start": 1767711190.5047765, "llm_first_chunk": 1767711190.6675758, "llm_end": 1767711191.9461563,