{"instance_id": "pytest-dev__pytest-7490", "step_id": 0, "tool_start": 1767716109.4453053, "tool_end": 1767716110.063463, "tool_time": 0.6181576251983643}
{"instance_id": "pytest-dev__pytest-7490", "step_id": 0, "tool_start": 1767716110.0641074, "tool_end": 1767716110.681716, "tool_time": 0.6176085472106934}
{"instance_id": "pytest-dev__pytest-7490", "step_id": 0, "tool_start": 1767716110.6824245, "tool_end": 1767716111.3012607, "tool_time": 0.6188361644744873}
{"instance_id": "pytest-dev__pytest-7490", "step_id": 0, "tool_start": 1767716111.3075633, "tool_end": 1767716111.9267943, "tool_time": 0.6192309856414795}
{"instance_id": "pytest-dev__pytest-7490", "step_id": 0, "tool_start": 1767716111.928067, "tool_end": 1767716112.545942, "tool_time": 0.6178750991821289}
{"instance_id": "pytest-dev__pytest-7490", "step_id": 0, "tool_start": 1767716112.5466146, "tool_end": 1767716113.1654854, "tool_time": 0.618870735168457}
{"instance_id": "pytest-dev__pytest-7490", "step_id": 0, "tool_start": 1767716113.1662476, "tool_end": 1767716113.7883213, "tool_time": 0.6220736503601074}
{"instance_id": "pytest-dev__pytest-7490", "step_id": 0, "tool_start": 1767716113.789158, "tool_end": 1767716114.4119186, "tool_time": 0.622760534286499}
{"instance_id": "pytest-dev__pytest-7490", "step_id": 0, "tool_start": 1767716114.4127202, "tool_end": 1767716115.0310402, "tool_time": 0.6183199882507324}
{"instance_id": "pytest-dev__pytest-7490", "step_id": 0, "tool_start": 1767716115.0320868, "tool_end": 1767716115.6505864, "tool_time": 0.6184995174407959}
{"instance_id": "pytest-dev__pytest-7490", "env_prepare_start": 1767715343.9476118, "env_prepare_end": 1767716115.6586342, "env_prepare_time": 771.7110223770142}
{"instance_id": "pytest-dev__pytest-7490", "step_id": 1, "llm_start": 1767716115.7040768, "llm_first_chunk": 1767716116.4065058, "llm_end": 1767716125.8581848, "prefill_time": 0.7024290561676025, "decode_time": 9.451678991317749, "llm_total_time": 10.154108047485352}
{"instance_id": "pytest-dev__pytest-7490", "step_id": 2, "llm_start": 1767716125.8650947, "llm_first_chunk": 1767716126.0671978, "llm_end": 1767716135.339311, "prefill_time": 0.2021031379699707, "decode_time": 9.27211308479309, "llm_total_time": 9.474216222763062}
{"instance_id": "pytest-dev__pytest-7490", "step_id": 3, "llm_start": 1767716135.4030392, "llm_first_chunk": 1767716135.597818, "llm_end": 1767716137.7032833, "prefill_time": 0.1947786808013916, "decode_time": 2.1054654121398926, "llm_total_time": 2.300244092941284}
{"instance_id": "pytest-dev__pytest-7490", "step_id": 4, "llm_start": 1767716137.7080386, "llm_first_chunk": 1767716137.8982599, "llm_end": 1767716140.1983213, "prefill_time": 0.19022130966186523, "decode_time": 2.3000614643096924, "llm_total_time": 2.4902827739715576}
{"instance_id": "pytest-dev__pytest-7490", "step_id": 1, "tool_start": 1767716140.257905, "tool_end": 1767716140.2735267, "tool_time": 0.015621662139892578}
{"instance_id": "pytest-dev__pytest-7490", "step_id": 5, "llm_start": 1767716140.2786663, "llm_first_chunk": 1767716140.4650764, "llm_end": 1767716142.8392582, "prefill_time": 0.18641018867492676, "decode_time": 2.3741817474365234, "llm_total_time": 2.56059193611145}
{"instance_id": "pytest-dev__pytest-7490", "step_id": 2, "tool_start": 1767716142.8420713, "tool_end": 1767716142.8518586, "tool_time": 0.009787321090698242}
{"instance_id": "pytest-dev__pytest-7490", "step_id": 6, "llm_start": 1767716142.8572738, "llm_first_chunk": 1767716143.219153, "llm_end": 1767716167.7922497, "prefill_time": 0.3618791103363037, "decode_time": 24.573096752166748, "llm_total_time": 24.93497586250305}
{"instance_id": "pytest-dev__pytest-7490", "step_id": 7, "llm_start": 1767716167.8007596, "llm_first_chunk": 1767716167.990055, "llm_end": 1767716171.7939909, "prefill_time": 0.18929553031921387, "decode_time": 3.8039357662200928, "llm_total_time": 3.9932312965393066}
{"instance_id": "pytest-dev__pytest-7490", "step_id": 3, "tool_start": 1767716171.796886, "tool_end": 1767716171.812661, "tool_time": 0.015774965286254883}
{"instance_id": "pytest-dev__pytest-7490", "step_id": 8, "llm_start": 1767716171.8200989, "llm_first_chunk": 1767716172.2701893, "llm_end": 1767716174.957303, "prefill_time": 0.4500904083251953, "decode_time": 2.6871137619018555, "llm_total_time": 3.137204170227051}
{"instance_id": "pytest-dev__pytest-7490", "step_id": 4, "tool_start": 1767716174.9597564, "tool_end": 1767716174.963291, "tool_time": 0.003534555435180664}
{"instance_id": "pytest-dev__pytest-7490", "step_id": 9, "llm_start": 1767716174.9689705, "llm_first_chunk": 1767716175.153542, "llm_end": 1767716177.0332382, "prefill_time": 0.1845715045928955, "decode_time": 1.8796961307525635, "llm_total_time": 2.064267635345459}
{"instance_id": "pytest-dev__pytest-7490", "step_id": 5, "tool_start": 1767716177.0358043, "tool_end": 1767716177.0443873, "tool_time": 0.00858306884765625}
{"instance_id": "pytest-dev__pytest-7490", "step_id": 10, "llm_start": 1767716177.0500987, "llm_first_chunk": 1767716177.3982334, "llm_end": 1767716179.7496061, "prefill_time": 0.34813475608825684, "decode_time": 2.351372718811035, "llm_total_time": 2.699507474899292}
{"instance_id": "pytest-dev__pytest-7490", "step_id": 6, "tool_start": 1767716179.7541847, "tool_end": 1767716180.375557, "tool_time": 0.6213722229003906}
{"instance_id": "pytest-dev__pytest-7490", "step_id": 11, "llm_start": 1767716180.38289, "llm_first_chunk": 1767716180.6118944, "llm_end": 1767716182.1340365, "prefill_time": 0.2290043830871582, "decode_time": 1.5221421718597412, "llm_total_time": 1.7511465549468994}
{"instance_id": "pytest-dev__pytest-7490", "step_id": 7, "tool_start": 1767716182.1409228, "tool_end": 1767716186.2804728, "tool_time": 4.139549970626831}
{"instance_id": "pytest-dev__pytest-7490", "step_id": 12, "llm_start": 1767716186.2895634, "llm_first_chunk": 1767716186.5815973, "llm_end": 1767716188.567504, "prefill_time": 0.2920339107513428, "decode_time": 1.9859066009521484, "llm_total_time": 2.277940511703491}
{"instance_id": "pytest-dev__pytest-7490", "step_id": 8, "tool_start": 1767716188.5712423, "tool_end": 1767716189.1887815, "tool_time": 0.6175391674041748}
{"instance_id": "pytest-dev__pytest-7490", "step_id": 13, "llm_start": 1767716189.2000945, "llm_first_chunk": 1767716189.4378204, "llm_end": 1767716191.1210418, "prefill_time": 0.23772597312927246, "decode_time": 1.6832213401794434, "llm_total_time": 1.9209473133087158}
{"instance_id": "pytest-dev__pytest-7490", "step_id": 9, "tool_start": 1767716191.125365, "tool_end": 1767716194.8873515, "tool_time": 3.761986494064331}
{"instance_id": "pytest-dev__pytest-7490", "step_id": 14, "llm_start": 1767716194.9008853, "llm_first_chunk": 1767716195.237069, "llm_end": 1767716205.156468, "prefill_time": 0.3361835479736328, "decode_time": 9.91939902305603, "llm_total_time": 10.255582571029663}
{"instance_id": "pytest-dev__pytest-7490", "step_id": 15, "llm_start": 1767716205.1686115, "llm_first_chunk": 1767716205.641044, "llm_end": 1767716210.0937915, "prefill_time": 0.47243237495422363, "decode_time": 4.452747583389282, "llm_total_time": 4.925179958343506}
{"instance_id": "pytest-dev__pytest-7490", "step_id": 10, "tool_start": 1767716210.0978525, "tool_end": 1767716210.7189214, "tool_time": 0.6210689544677734}
{"instance_id": "pytest-dev__pytest-7490", "step_id": 16, "llm_start": 1767716210.7297595, "llm_first_chunk": 1767716211.0391011, "llm_end": 1767716213.6686852, "prefill_time": 0.3093416690826416, "decode_time": 2.6295840740203857, "llm_total_time": 2.9389257431030273}
{"instance_id": "pytest-dev__pytest-7490", "step_id": 11, "tool_start": 1767716213.6737506, "tool_end": 1767716214.2943296, "tool_time": 0.6205790042877197}
{"instance_id": "pytest-dev__pytest-7490", "step_id": 17, "llm_start": 1767716214.3070238, "llm_first_chunk": 1767716214.5409272, "llm_end": 1767716216.814857, "prefill_time": 0.2339034080505371, "decode_time": 2.2739298343658447,