{"instance_id": "scikit-learn__scikit-learn-25500", "step_id": 0, "tool_start": 1766248295.951042, "tool_end": 1766248296.5677612, "tool_time": 0.6167192459106445}
{"instance_id": "scikit-learn__scikit-learn-25500", "step_id": 0, "tool_start": 1766248296.5684483, "tool_end": 1766248297.1843767, "tool_time": 0.6159284114837646}
{"instance_id": "scikit-learn__scikit-learn-25500", "step_id": 0, "tool_start": 1766248297.1849961, "tool_end": 1766248297.8001409, "tool_time": 0.6151447296142578}
{"instance_id": "scikit-learn__scikit-learn-25500", "step_id": 0, "tool_start": 1766248297.8100994, "tool_end": 1766248298.4264965, "tool_time": 0.6163971424102783}
{"instance_id": "scikit-learn__scikit-learn-25500", "step_id": 0, "tool_start": 1766248298.4271173, "tool_end": 1766248299.0424364, "tool_time": 0.615319013595581}
{"instance_id": "scikit-learn__scikit-learn-25500", "step_id": 0, "tool_start": 1766248299.0430412, "tool_end": 1766248300.1605132, "tool_time": 1.1174719333648682}
{"instance_id": "scikit-learn__scikit-learn-25500", "step_id": 0, "tool_start": 1766248300.1611233, "tool_end": 1766248300.776969, "tool_time": 0.6158456802368164}
{"instance_id": "scikit-learn__scikit-learn-25500", "step_id": 0, "tool_start": 1766248300.7777312, "tool_end": 1766248301.3939116, "tool_time": 0.616180419921875}
{"instance_id": "scikit-learn__scikit-learn-25500", "step_id": 0, "tool_start": 1766248301.3945405, "tool_end": 1766248302.010193, "tool_time": 0.6156525611877441}
{"instance_id": "scikit-learn__scikit-learn-25500", "step_id": 0, "tool_start": 1766248302.0107818, "tool_end": 1766248302.6302369, "tool_time": 0.619455099105835}
{"instance_id": "scikit-learn__scikit-learn-25500", "env_prepare_start": 1766248276.5388756, "env_prepare_end": 1766248302.6321392, "env_prepare_time": 26.093263626098633}
{"instance_id": "scikit-learn__scikit-learn-25500", "step_id": 1, "llm_start": 1766248302.6600473, "llm_first_chunk": 1766248303.0960813, "llm_end": 1766248309.3661113, "prefill_time": 0.4360339641571045, "decode_time": 6.2700300216674805, "llm_total_time": 6.706063985824585}
{"instance_id": "scikit-learn__scikit-learn-25500", "step_id": 2, "llm_start": 1766248309.372088, "llm_first_chunk": 1766248309.4570956, "llm_end": 1766248310.5118039, "prefill_time": 0.0850076675415039, "decode_time": 1.0547082424163818, "llm_total_time": 1.1397159099578857}
{"instance_id": "scikit-learn__scikit-learn-25500", "step_id": 3, "llm_start": 1766248310.5150645, "llm_first_chunk": 1766248310.6136546, "llm_end": 1766248311.179679, "prefill_time": 0.09859013557434082, "decode_time": 0.5660243034362793, "llm_total_time": 0.6646144390106201}
{"instance_id": "scikit-learn__scikit-learn-25500", "step_id": 1, "tool_start": 1766248311.1822252, "tool_end": 1766248311.8067453, "tool_time": 0.6245200634002686}
{"instance_id": "scikit-learn__scikit-learn-25500", "step_id": 4, "llm_start": 1766248311.8105006, "llm_first_chunk": 1766248312.013894, "llm_end": 1766248312.8933132, "prefill_time": 0.20339345932006836, "decode_time": 0.8794190883636475, "llm_total_time": 1.0828125476837158}
{"instance_id": "scikit-learn__scikit-learn-25500", "step_id": 2, "tool_start": 1766248312.8954852, "tool_end": 1766248312.9106004, "tool_time": 0.01511526107788086}
{"instance_id": "scikit-learn__scikit-learn-25500", "step_id": 5, "llm_start": 1766248312.9143815, "llm_first_chunk": 1766248313.203625, "llm_end": 1766248314.4827943, "prefill_time": 0.2892434597015381, "decode_time": 1.2791693210601807, "llm_total_time": 1.5684127807617188}
{"instance_id": "scikit-learn__scikit-learn-25500", "step_id": 3, "tool_start": 1766248314.4849722, "tool_end": 1766248315.1020622, "tool_time": 0.6170899868011475}
{"instance_id": "scikit-learn__scikit-learn-25500", "step_id": 6, "llm_start": 1766248315.1080928, "llm_first_chunk": 1766248315.2339864, "llm_end": 1766248316.690581, "prefill_time": 0.12589359283447266, "decode_time": 1.456594705581665, "llm_total_time": 1.5824882984161377}
{"instance_id": "scikit-learn__scikit-learn-25500", "step_id": 4, "tool_start": 1766248316.693704, "tool_end": 1766248317.3116617, "tool_time": 0.6179578304290771}
{"instance_id": "scikit-learn__scikit-learn-25500", "step_id": 7, "llm_start": 1766248317.3200166, "llm_first_chunk": 1766248317.4432676, "llm_end": 1766248318.5722444, "prefill_time": 0.12325096130371094, "decode_time": 1.128976821899414, "llm_total_time": 1.252227783203125}
{"instance_id": "scikit-learn__scikit-learn-25500", "step_id": 5, "tool_start": 1766248318.5757558, "tool_end": 1766248319.1939867, "tool_time": 0.6182308197021484}
{"instance_id": "scikit-learn__scikit-learn-25500", "step_id": 8, "llm_start": 1766248319.2016046, "llm_first_chunk": 1766248319.3263855, "llm_end": 1766248320.4901638, "prefill_time": 0.12478089332580566, "decode_time": 1.163778305053711, "llm_total_time": 1.2885591983795166}
{"instance_id": "scikit-learn__scikit-learn-25500", "step_id": 6, "tool_start": 1766248320.492519, "tool_end": 1766248320.5051963, "tool_time": 0.012677431106567383}
{"instance_id": "scikit-learn__scikit-learn-25500", "step_id": 9, "llm_start": 1766248320.510416, "llm_first_chunk": 1766248320.6656663, "llm_end": 1766248321.840945, "prefill_time": 0.15525031089782715, "decode_time": 1.175278663635254, "llm_total_time": 1.330528974533081}
{"instance_id": "scikit-learn__scikit-learn-25500", "step_id": 7, "tool_start": 1766248321.8431916, "tool_end": 1766248321.846728, "tool_time": 0.0035364627838134766}
{"instance_id": "scikit-learn__scikit-learn-25500", "step_id": 10, "llm_start": 1766248321.852158, "llm_first_chunk": 1766248322.0450299, "llm_end": 1766248323.1735098, "prefill_time": 0.1928718090057373, "decode_time": 1.1284799575805664, "llm_total_time": 1.3213517665863037}
{"instance_id": "scikit-learn__scikit-learn-25500", "step_id": 8, "tool_start": 1766248323.175983, "tool_end": 1766248323.1798341, "tool_time": 0.003851175308227539}
{"instance_id": "scikit-learn__scikit-learn-25500", "step_id": 11, "llm_start": 1766248323.1855378, "llm_first_chunk": 1766248323.3848896, "llm_end": 1766248324.3504314, "prefill_time": 0.19935178756713867, "decode_time": 0.9655418395996094, "llm_total_time": 1.164893627166748}
{"instance_id": "scikit-learn__scikit-learn-25500", "step_id": 9, "tool_start": 1766248324.353687, "tool_end": 1766248324.9711685, "tool_time": 0.6174814701080322}
{"instance_id": "scikit-learn__scikit-learn-25500", "step_id": 12, "llm_start": 1766248324.977967, "llm_first_chunk": 1766248325.0978837, "llm_end": 1766248326.2372873, "prefill_time": 0.11991667747497559, "decode_time": 1.1394035816192627, "llm_total_time": 1.2593202590942383}
{"instance_id": "scikit-learn__scikit-learn-25500", "step_id": 10, "tool_start": 1766248326.2398, "tool_end": 1766248326.251174, "tool_time": 0.01137399673461914}
{"instance_id": "scikit-learn__scikit-learn-25500", "step_id": 13, "llm_start": 1766248326.2579796, "llm_first_chunk": 1766248326.4512084, "llm_end": 1766248327.3989413, "prefill_time": 0.19322872161865234, "decode_time": 0.9477329254150391, "llm_total_time": 1.1409616470336914}
{"instance_id": "scikit-learn__scikit-learn-25500", "step_id": 11, "tool_start": 1766248327.4019284, "tool_end": 1766248328.0185072, "tool_time": 0.6165788173675537}
{"instance_id": "scikit-learn__scikit-learn-25500", "step_id": 14, "llm_start": 1766248328.0264394, "llm_first_chunk": 1766248328.14994, "llm_end": 1766248329.0899909, "prefill_time": 0.12350058555603027, "decode_time": 0.9400508403778076, "llm_total_time": 1.063551425933838}
{"instance_id": "scikit-learn__scikit-learn-25500", "step_id": 12, "tool_start": 1766248329.092489, "tool_end": 1766248329.709971, "tool_time": 0.6174819469451904}
{"instance_id": "scikit-learn__scikit-learn-25500", "step_id": 15, "llm_start": 1766248329.718826, "llm_first_chunk": 1766248329.8456712, "llm_end": 1766248330.8768528, "prefill_time": 0.126845121383667, "decode_time": 1.0311815738677979,